task_type,duration_min,rows_processed,null_rate_pct,schema_changed,upstream_failed,rows_delta_pct,hour_of_day,day_of_week,retry_count,queue_time_min,failed
extract,27.2,6870,2.64,1,0,-6.0,14,4,0,0.4,0
quality_check,25.8,3312,1.35,0,0,14.3,14,3,0,0.7,0
dbt_model,21.7,316206,1.15,0,0,-5.4,1,1,0,1.2,0
dbt_model,38.3,1751383,1.88,0,0,-30.6,4,1,0,0.8,0
dbt_model,12.3,16963,0.35,0,0,-8.1,23,4,0,0.7,0
load,25.4,4391,0.5,0,0,-17.0,0,6,2,4.2,0
extract,28.2,1013,0.03,0,0,-23.3,12,5,0,0.1,0
quality_check,32.4,24573,1.57,0,0,21.2,18,5,2,1.5,0
dbt_model,27.7,21890,0.12,0,0,14.5,23,5,0,1.0,0
extract,29.7,12809,2.27,0,0,-17.4,5,0,0,8.0,0
dbt_model,25.8,51751,1.03,0,0,-22.8,14,6,1,4.2,0
load,33.4,68341,1.71,0,0,-1.8,18,4,0,2.2,0
quality_check,33.7,60896,0.67,0,0,-23.8,21,6,1,2.8,0
quality_check,23.3,21899,1.23,0,0,-4.4,15,6,0,2.1,1
quality_check,31.6,6231,0.0,0,0,1.3,5,0,1,11.0,0
quality_check,36.4,105380,0.06,0,1,5.5,21,6,0,1.6,1
dbt_model,30.8,37049,1.26,0,0,6.1,22,3,0,2.2,0
extract,56.5,150447,1.09,0,1,-14.1,8,2,0,3.5,0
load,33.2,128556,0.82,1,0,1.3,11,6,1,3.3,0
dbt_model,25.8,3733,2.7,0,0,23.0,15,4,0,6.1,0
dbt_model,24.5,3660,0.19,0,0,-37.7,19,4,0,4.7,0
dbt_model,21.4,10841,1.35,0,0,5.9,13,4,0,4.3,0
dbt_model,35.5,6700,0.71,0,0,-21.2,17,4,1,1.7,0
load,28.2,121589,1.57,0,0,25.3,18,5,1,6.5,0
quality_check,28.1,63709,0.87,0,0,14.7,4,2,0,1.0,0
dbt_model,30.5,210806,1.47,0,0,14.1,7,6,0,1.8,0
dbt_model,24.5,68485,0.63,0,1,-15.4,20,4,1,0.2,1
quality_check,17.1,50708,0.87,0,0,4.7,14,3,0,1.5,0
dbt_model,31.4,247599,1.37,0,0,6.8,4,3,2,1.0,0
dbt_model,41.4,77000,0.31,0,0,-42.7,12,0,1,4.7,0
dbt_model,34.2,40496,0.8,0,0,2.6,5,0,0,0.0,0
dbt_model,50.4,387986,2.15,0,0,11.0,1,5,0,2.5,1
extract,39.3,43664,0.93,0,0,-25.5,11,2,0,1.3,0
dbt_model,36.1,22315,0.09,0,1,10.8,0,6,2,1.5,0
load,46.9,9504,0.39,0,0,1.8,22,2,1,4.7,1
extract,33.3,111841,2.83,0,0,24.9,21,6,0,4.0,0
load,36.2,262834,0.41,0,0,-7.4,5,5,0,0.8,0
quality_check,32.0,33491,0.99,0,0,3.2,15,0,1,1.7,0
dbt_model,49.8,294391,1.42,0,0,6.1,9,2,0,1.6,0
dbt_model,26.8,1553,1.35,0,0,-50.5,14,6,0,6.3,0
extract,26.3,33232,1.55,0,0,-6.4,12,5,2,6.4,0
quality_check,37.4,34058,1.16,0,1,1.6,17,1,2,0.3,1
quality_check,22.9,11348,0.72,0,0,-42.4,18,1,0,0.8,0
dbt_model,43.7,1646525,0.03,0,0,12.1,0,6,0,0.0,0
extract,35.8,32666,0.87,0,0,1.5,20,3,2,0.5,1
load,29.4,18913,0.67,0,1,1.4,5,5,0,1.1,1
dbt_model,37.4,37855,0.59,0,0,13.0,15,3,1,4.5,0
load,13.3,1473,1.21,1,0,-7.4,15,0,0,5.5,0
quality_check,31.6,10766,0.3,0,0,0.8,15,3,1,1.2,0
quality_check,30.8,175112,0.21,0,0,15.6,17,0,2,0.2,0
quality_check,56.3,13275,0.72,0,0,1.0,3,6,0,1.4,0
dbt_model,31.3,9641,0.44,0,0,-33.2,15,1,0,1.3,0
dbt_model,30.5,295150,0.93,0,0,0.9,9,5,0,3.2,0
dbt_model,23.6,310024,0.89,0,0,1.2,9,1,0,3.8,0
dbt_model,45.4,83048,0.94,0,0,16.2,3,0,0,0.1,0
extract,27.8,17532,0.72,0,0,-6.2,14,0,1,0.1,0
dbt_model,24.5,24756,0.2,0,0,-17.6,7,0,0,8.0,0
extract,33.0,10030,1.77,0,0,-17.5,16,6,0,0.2,0
quality_check,35.3,7393,0.06,0,0,26.0,11,0,0,6.8,0
quality_check,35.0,6829,2.27,0,0,5.2,9,0,0,3.5,0
load,30.7,13509,1.95,0,0,25.0,12,1,1,0.1,0
quality_check,30.8,6935,1.77,0,0,27.7,13,6,0,1.2,0
dbt_model,30.0,2975,1.54,0,0,-13.4,16,5,2,3.0,0
load,35.9,51587,2.49,0,1,-14.8,1,1,0,1.8,0
dbt_model,36.7,52857,2.77,0,0,-2.3,19,3,0,0.3,0
dbt_model,46.8,551980,0.61,0,0,11.1,4,4,0,7.2,0
load,30.9,12464,4.33,0,0,-25.2,5,1,1,5.4,0
dbt_model,25.7,58323,0.7,0,0,8.2,18,4,0,0.8,0
extract,31.8,59894,0.23,0,0,7.3,0,1,0,0.5,0
dbt_model,38.3,24193,3.02,0,0,-20.3,9,2,1,1.7,1
quality_check,18.2,119483,0.27,1,0,-19.6,15,6,2,8.0,0
dbt_model,18.4,125538,0.12,0,0,8.0,18,3,1,1.0,0
dbt_model,41.4,61319,3.26,0,0,37.3,21,6,0,2.7,0
extract,45.2,24124,0.06,0,0,-5.3,16,5,1,8.5,0
quality_check,19.9,20495,1.84,0,0,5.9,5,2,1,6.1,0
dbt_model,29.3,4070,5.62,0,0,-10.9,8,0,0,1.0,0
dbt_model,26.4,10001,1.4,0,0,4.3,0,1,1,3.5,0
dbt_model,28.2,13423,1.52,0,0,-11.3,18,2,0,1.9,0
dbt_model,31.9,6012,1.09,0,0,-4.7,0,5,0,0.7,0
quality_check,21.8,73414,0.59,0,0,44.1,3,5,1,1.8,0
load,25.6,246373,0.33,0,0,1.9,23,2,2,1.5,0
dbt_model,27.0,8493,5.16,0,0,-28.2,3,2,2,0.7,1
extract,31.7,57154,2.43,0,0,11.6,6,5,0,1.3,0
quality_check,19.2,6942,1.03,0,0,20.3,9,0,0,3.8,1
dbt_model,38.5,22295,0.13,0,0,12.2,3,2,1,1.9,0
quality_check,26.6,12033,0.05,0,0,-3.2,15,1,1,3.5,1
extract,30.1,95133,0.39,0,0,-16.5,7,4,1,1.0,0
dbt_model,32.9,12258,0.28,0,0,-16.1,7,4,1,0.3,0
quality_check,33.9,183259,4.7,0,0,-3.4,13,5,0,0.3,0
quality_check,39.1,24510,1.63,0,0,-6.6,7,6,1,3.6,0
dbt_model,22.0,12844,0.14,0,0,-10.0,5,1,1,1.5,0
quality_check,16.2,4888,2.93,0,0,21.9,20,1,0,2.4,0
load,30.2,54454,1.22,0,0,16.6,13,2,0,0.4,0
dbt_model,35.3,152108,0.62,0,0,22.8,21,3,1,4.9,0
load,21.8,56236,0.31,0,0,-14.2,8,5,0,8.7,0
dbt_model,26.0,1305544,2.15,0,0,-16.6,21,1,0,6.2,0
dbt_model,37.9,357775,1.29,0,0,1.4,21,3,0,2.9,0
quality_check,24.6,22202,0.23,0,0,7.5,0,6,0,0.2,1
dbt_model,18.3,21832,2.18,0,0,1.3,3,0,0,0.6,0
extract,42.2,76996,4.66,0,0,6.2,19,6,0,7.0,0
quality_check,24.2,9501,0.24,0,1,28.5,7,1,0,11.7,1
dbt_model,45.8,234699,0.73,0,0,-3.9,18,2,2,0.1,1
quality_check,33.5,64767,0.24,0,0,14.5,10,1,1,3.0,0
extract,35.6,54739,2.75,0,0,9.3,6,0,1,1.2,0
quality_check,32.2,109002,0.22,0,0,1.7,5,1,1,2.1,0
quality_check,13.1,571790,0.24,0,0,13.7,5,4,0,1.6,0
quality_check,22.5,47740,2.79,0,0,-13.8,15,2,0,0.2,0
dbt_model,30.8,30307,0.57,0,0,-17.4,0,4,0,3.0,0
dbt_model,39.7,405936,3.16,0,0,7.8,4,5,2,0.8,0
quality_check,18.8,170771,0.08,0,0,-29.5,19,4,1,3.2,0
dbt_model,30.9,21729,1.62,0,0,9.2,7,4,0,2.7,0
quality_check,22.2,36618,1.47,0,0,-20.3,14,2,2,2.5,0
dbt_model,34.9,49642,0.33,0,0,27.3,7,5,1,2.6,0
dbt_model,33.1,64789,0.08,0,0,-7.1,0,0,0,7.8,0
dbt_model,35.2,4144,0.01,0,0,26.2,10,5,0,2.6,0
dbt_model,37.6,3077,2.16,0,0,-3.8,5,0,1,6.0,0
extract,33.9,8779,3.07,0,0,-4.6,17,4,0,3.3,1
extract,37.3,7757,0.98,0,0,15.6,19,5,0,1.8,0
dbt_model,27.3,12963,0.52,0,0,5.3,21,6,0,6.0,1
extract,59.4,100261,0.08,0,1,-1.2,14,3,0,3.1,0
dbt_model,20.8,27714,0.81,0,0,-7.3,1,5,1,4.8,0
quality_check,28.0,49723,3.56,0,0,-7.1,20,1,0,1.7,0
dbt_model,36.9,5121,2.36,0,0,42.4,20,2,0,0.9,0
dbt_model,37.7,17350,0.95,1,1,-30.2,3,6,0,3.4,1
load,38.3,92930,0.12,0,0,-21.6,9,3,0,2.3,0
dbt_model,40.0,94082,1.11,0,0,21.2,22,6,0,1.5,0
extract,11.5,11392,0.12,0,0,19.8,19,3,0,2.6,0
quality_check,47.0,47035,2.57,0,0,-16.6,4,5,0,0.1,0
dbt_model,36.5,1224638,2.13,0,0,-31.5,15,1,1,0.2,1
dbt_model,43.4,35307,2.09,0,0,22.9,7,4,0,1.6,0
dbt_model,12.0,11978,0.01,0,0,-18.8,20,1,2,1.3,0
dbt_model,34.1,27501,0.26,0,0,-8.8,22,4,0,0.7,0
extract,27.4,42086,2.13,0,0,1.7,18,2,1,0.3,0
dbt_model,37.0,28513,0.91,0,1,-19.3,7,3,1,1.7,0
quality_check,35.0,34538,1.17,0,0,16.6,9,6,0,2.0,0
dbt_model,31.5,3606,0.48,0,0,0.4,14,1,0,0.8,0
dbt_model,20.0,7783,1.75,0,0,-15.9,22,5,2,1.1,0
extract,31.3,28597,0.99,0,0,-14.3,8,5,1,3.7,0
dbt_model,30.2,27877,1.3,0,0,23.3,13,2,1,3.2,1
dbt_model,35.1,14677,0.64,0,0,-5.0,17,3,0,2.6,0
load,40.7,27358,0.37,0,0,11.1,8,6,0,5.8,0
dbt_model,33.8,40039,0.02,0,0,-0.2,7,3,0,5.2,0
dbt_model,23.2,150702,0.08,0,0,-31.6,9,0,1,0.4,0
dbt_model,32.9,30985,0.2,1,0,13.4,10,4,0,0.4,1
load,56.8,68772,0.05,0,0,19.3,2,0,1,0.4,0
load,45.5,15266,1.83,0,0,33.2,2,2,0,23.1,0
extract,7.1,90703,1.54,1,0,-34.2,16,5,0,1.7,0
dbt_model,33.9,66248,0.4,1,0,-56.9,22,4,0,10.9,0
quality_check,43.0,145118,1.03,0,0,11.5,19,4,0,2.6,0
extract,32.6,113724,0.93,0,0,-10.8,21,1,0,2.5,0
load,29.7,93150,2.6,0,0,-25.7,20,0,2,2.6,0
dbt_model,29.6,31024,0.14,0,0,1.9,19,6,1,3.2,0
load,37.9,53739,3.7,0,1,-8.1,1,1,1,0.6,0
dbt_model,24.9,199110,0.02,0,0,-23.0,20,6,1,2.9,0
dbt_model,41.1,12793,1.57,1,0,-1.5,10,2,1,2.5,0
dbt_model,30.0,13287,0.12,0,0,10.2,14,4,1,0.8,0
extract,24.3,48547,1.8,0,0,3.1,21,4,0,0.3,0
dbt_model,43.5,70576,0.27,0,0,3.3,2,2,0,5.2,0
dbt_model,16.0,9715,0.46,0,1,8.0,6,5,0,9.8,1
quality_check,27.0,32221,2.84,0,0,-30.4,1,2,0,0.7,0
load,26.8,31244,1.6,0,0,-0.9,10,3,0,3.1,0
dbt_model,45.4,1048,1.2,0,0,4.3,18,6,1,1.9,1
dbt_model,25.5,25556,1.42,0,0,-6.8,11,2,1,1.0,0
dbt_model,12.4,28234,0.77,0,0,-14.9,12,2,0,3.1,0
dbt_model,26.6,28100,0.3,1,0,-13.4,5,0,1,4.3,0
quality_check,40.3,349921,3.29,0,0,-5.3,6,5,1,1.2,0
dbt_model,35.9,5191,2.77,0,0,16.5,13,0,2,3.5,0
dbt_model,50.4,9707,2.18,0,0,27.5,0,2,2,2.5,0
dbt_model,37.6,555,0.74,0,0,23.8,10,1,0,0.2,0
extract,32.6,16823,1.37,0,0,-28.1,23,6,0,6.6,0
extract,23.1,19282,0.15,0,0,-16.9,13,3,0,5.7,0
extract,45.4,16059,0.51,1,0,11.8,2,3,0,1.0,0
quality_check,32.0,213690,0.37,0,1,23.4,10,3,1,3.8,1
quality_check,28.7,143916,1.18,0,0,-17.4,8,4,0,3.2,0
quality_check,28.7,41133,0.07,0,0,3.3,16,1,0,1.1,0
dbt_model,19.9,20070,0.58,1,0,-20.4,16,0,0,0.0,1
quality_check,30.9,187569,0.43,0,0,5.0,23,1,0,4.1,0
extract,30.1,35185,0.29,0,0,-11.6,14,6,0,0.3,0
load,36.5,9806,1.26,0,0,3.3,5,0,0,3.7,0
dbt_model,24.0,2330,0.42,0,0,-21.8,3,3,2,2.8,0
load,19.6,17924,2.13,0,0,-29.4,3,5,0,17.0,0
extract,19.9,121470,0.19,0,0,55.8,14,4,0,0.9,0
dbt_model,40.5,1386734,0.06,0,0,1.2,14,5,0,2.1,0
quality_check,33.1,40077,0.4,0,0,38.4,8,0,0,0.1,0
dbt_model,25.1,10672,0.13,0,0,27.2,17,2,1,1.5,0
dbt_model,24.7,5453,0.23,0,0,-29.4,4,4,0,4.4,0
extract,37.3,87827,3.13,0,0,6.5,17,0,1,0.3,0
dbt_model,39.9,2157,0.17,0,0,-23.3,14,2,0,5.5,0
dbt_model,26.7,87601,0.11,0,1,-5.3,4,5,2,0.2,0
dbt_model,35.3,134368,0.57,0,0,-33.9,21,2,1,0.4,0
quality_check,42.1,72987,0.26,1,0,-28.3,20,5,2,0.6,0
dbt_model,24.6,25553,2.98,0,0,-15.4,18,3,0,3.7,0
dbt_model,33.7,89671,2.82,0,0,-9.8,15,0,1,1.5,0
dbt_model,32.4,47738,2.83,0,0,0.7,3,3,0,0.7,0
load,18.3,10456,2.05,0,0,-18.7,23,2,0,2.9,0
extract,38.9,701278,0.45,0,0,2.7,4,5,1,2.2,1
dbt_model,31.5,20688,0.5,0,0,20.4,19,5,0,2.3,0
extract,39.4,125643,1.2,0,0,4.9,11,2,1,4.5,0
dbt_model,14.8,757,0.21,0,0,-1.2,16,6,0,1.7,0
load,35.9,279946,0.45,0,0,6.1,0,6,0,5.7,0
dbt_model,48.8,380797,0.26,0,0,-25.8,7,3,1,1.1,0
load,51.0,38091,1.04,0,0,17.1,0,0,0,1.1,0
dbt_model,45.3,88790,1.54,0,0,-21.6,17,4,0,5.6,0
quality_check,23.2,88754,0.42,0,0,27.9,6,3,1,6.9,0
dbt_model,34.5,12984,0.05,0,0,13.9,7,4,0,0.4,0
dbt_model,29.4,87150,0.53,0,1,10.0,2,4,0,0.4,0
quality_check,32.5,9958,0.57,0,0,10.8,3,5,0,0.1,0
load,23.6,13711,6.44,0,0,-0.0,13,6,0,0.8,0
dbt_model,20.0,220380,0.59,0,0,-14.2,8,2,1,3.0,0
quality_check,31.8,172724,0.2,0,1,-17.0,1,2,0,3.2,1
dbt_model,36.8,11728,0.34,0,0,31.5,20,1,2,0.5,1
quality_check,32.8,11229,1.44,0,0,1.9,5,4,0,0.3,0
quality_check,34.1,12926,1.18,0,0,-20.1,1,4,0,2.8,0
dbt_model,36.2,117268,1.95,0,0,9.3,1,5,0,1.2,0
quality_check,33.1,7332,0.56,0,0,6.2,9,1,1,1.0,1
dbt_model,38.0,64263,2.03,0,0,-5.9,12,5,2,0.7,0
extract,31.8,119964,0.76,0,0,-16.2,3,4,0,2.1,0
extract,32.7,31533,2.41,0,0,13.2,8,6,1,0.8,0
dbt_model,50.7,182791,3.04,0,0,17.0,8,0,1,3.1,0
load,32.7,22316,5.32,0,0,5.8,1,2,2,13.3,0
extract,32.0,25792,0.33,0,0,1.3,15,6,1,9.0,0
dbt_model,30.4,7603,0.1,0,0,-14.1,8,5,2,5.4,0
quality_check,33.1,184883,0.18,0,0,8.6,16,4,0,0.2,0
dbt_model,26.2,10652,6.22,0,0,-11.4,0,6,0,0.9,0
quality_check,35.1,63553,0.47,0,0,-22.9,0,4,0,2.3,0
dbt_model,27.5,32399,0.13,0,0,20.3,19,3,0,2.7,0
quality_check,28.0,6738,0.48,0,0,-18.5,7,1,0,5.7,0
dbt_model,23.4,13703,0.67,0,0,-34.1,8,4,1,6.1,0
dbt_model,37.1,331902,7.57,0,0,23.6,10,3,0,2.7,0
dbt_model,38.1,50143,0.76,0,0,-31.4,15,2,2,4.6,0
dbt_model,27.5,7225,0.7,0,0,-7.0,17,1,0,0.7,0
load,15.0,59191,1.06,0,0,-19.7,17,1,1,2.0,0
extract,37.1,28744,0.27,0,0,-13.0,20,3,0,6.2,0
quality_check,42.9,9124505,0.49,0,0,40.0,13,1,0,0.9,0
dbt_model,24.1,57308,3.38,0,0,-1.8,6,4,1,1.5,0
quality_check,38.1,19751,1.38,0,0,6.5,14,0,0,0.3,0
dbt_model,23.6,352231,0.53,0,0,14.2,6,2,2,1.3,0
dbt_model,36.5,1909,1.67,0,0,-11.6,10,4,2,4.5,0
dbt_model,32.0,42231,0.13,0,0,19.4,0,5,0,4.9,0
dbt_model,17.4,883004,2.02,0,0,6.8,9,6,0,0.8,0
extract,33.5,30154,1.14,0,0,13.6,14,0,2,1.8,1
dbt_model,23.8,2268,3.14,0,0,-13.0,7,2,2,11.0,0
extract,26.1,19274,0.04,0,0,8.0,2,4,0,0.6,0
dbt_model,29.6,372215,0.73,0,0,-0.2,1,0,0,1.0,0
dbt_model,32.1,66284,0.74,0,0,20.3,2,3,0,1.4,0
extract,25.5,9488,5.06,0,0,-9.7,8,1,2,1.9,1
quality_check,13.6,12132,3.05,0,0,36.6,23,3,0,2.2,0
dbt_model,42.1,14831,1.47,0,0,6.1,11,5,0,2.4,0
quality_check,31.0,64725,0.75,0,0,-2.3,21,1,1,1.5,1
extract,29.4,309005,0.7,0,0,-4.4,3,3,2,0.6,0
dbt_model,25.0,195609,1.22,0,0,-0.1,23,5,0,3.2,0
dbt_model,40.4,75328,0.39,0,0,-11.3,21,5,0,5.6,1
dbt_model,16.9,4312,0.92,0,0,12.0,2,2,0,5.0,0
dbt_model,29.8,4338,1.55,0,0,-0.2,0,1,1,3.0,0
dbt_model,28.5,85238,0.99,0,0,35.0,15,2,0,5.4,0
extract,23.8,4218,0.97,0,0,-7.8,5,4,0,0.4,0
quality_check,21.7,25313,0.56,0,0,-2.2,15,4,1,3.1,0
extract,27.5,59079,0.39,0,0,-7.8,16,5,0,2.9,0
dbt_model,29.2,5883,0.41,0,0,33.6,1,2,0,2.8,0
dbt_model,31.5,7052,1.51,0,0,-26.0,19,5,0,1.1,0
quality_check,24.9,31238,1.21,0,0,1.7,20,5,2,3.2,0
dbt_model,32.8,81295,0.33,0,0,5.6,11,4,1,4.8,0
dbt_model,43.2,198477,1.31,0,0,-20.3,22,5,1,1.4,0
load,19.0,95921,1.04,0,0,47.6,14,6,0,3.4,0
load,32.4,40857,0.02,0,0,-16.8,17,5,0,1.2,0
dbt_model,21.6,11004,0.46,0,0,0.6,6,0,1,2.0,0
dbt_model,19.8,6545,0.69,0,0,30.3,15,5,0,1.2,0
dbt_model,33.2,16036,0.53,0,0,-6.8,22,3,0,7.7,0
dbt_model,28.5,69975,3.81,0,0,2.6,18,2,0,6.7,0
dbt_model,22.2,62230,0.5,0,0,-6.2,15,3,1,0.2,0
dbt_model,38.3,1261,1.06,0,0,-1.0,9,1,1,3.9,0
extract,38.3,10331,1.47,0,0,19.5,3,6,0,1.8,0
extract,18.2,249499,2.53,0,0,-7.6,8,0,1,3.5,0
load,19.2,41222,0.76,0,0,-47.8,17,3,2,2.5,0
dbt_model,33.6,3762,0.06,0,0,-0.6,12,6,2,7.6,0
dbt_model,36.2,1574288,0.75,0,0,1.1,3,4,0,5.7,0
dbt_model,45.7,34672,2.15,0,0,3.5,5,6,1,10.2,0
quality_check,38.9,67166,0.07,0,0,-3.3,9,6,2,2.5,0
extract,36.0,68819,1.71,0,0,-15.5,1,0,0,3.7,0
extract,22.0,20167,0.82,0,0,-4.4,11,0,0,0.8,0
dbt_model,34.6,11337,1.04,0,0,31.8,21,0,1,1.4,0
dbt_model,26.7,1082387,0.12,0,0,-0.8,17,2,0,12.8,0
quality_check,46.8,180796,0.41,0,0,11.8,22,2,0,4.4,0
dbt_model,38.3,135279,0.26,0,0,-18.6,23,2,1,0.6,0
dbt_model,26.4,91314,0.28,0,0,-5.2,1,1,0,5.2,0
load,36.7,7293,2.33,0,0,-18.0,8,0,0,2.7,0
extract,56.0,280421,0.54,0,0,23.3,4,3,1,3.5,0
dbt_model,27.9,9423,1.84,0,0,-28.0,16,3,1,2.8,0
dbt_model,38.0,57139,3.62,0,0,6.7,0,2,1,1.9,0
dbt_model,23.8,2635,0.44,0,0,6.1,16,2,0,1.0,0
quality_check,27.3,1386,0.79,0,0,5.0,9,3,0,2.9,0
dbt_model,19.6,60431,3.16,0,0,-42.2,4,1,1,0.7,0
load,30.0,9951,2.45,0,0,-36.4,5,1,0,0.5,0
dbt_model,27.1,1506,0.66,0,0,2.1,15,0,0,7.8,0
dbt_model,49.9,86247,0.91,0,0,-16.6,11,2,0,1.6,0
dbt_model,22.0,1079630,2.47,1,0,-11.6,21,0,0,9.1,1
load,33.6,335472,1.41,0,0,-7.6,23,2,1,0.4,1
dbt_model,43.1,24059,0.11,0,0,-19.0,13,2,2,5.0,0
dbt_model,30.1,36833,4.75,0,0,-22.1,16,1,1,2.1,1
extract,33.2,150291,0.61,0,0,-0.0,11,4,0,1.0,0
dbt_model,27.9,218688,0.3,0,0,-34.3,9,1,0,0.8,0
quality_check,22.9,20959,2.14,0,0,-9.1,15,1,1,3.2,0
extract,15.9,38356,1.31,0,0,-12.0,0,6,0,1.3,0
load,27.4,58746,1.4,0,0,-0.4,19,6,2,1.1,0
dbt_model,24.9,88097,1.27,0,0,43.0,16,0,0,2.4,0
extract,32.9,29350,0.17,0,0,-17.7,5,1,0,0.2,0
dbt_model,24.8,29967,0.29,0,0,7.3,0,4,2,3.7,0
dbt_model,31.8,330291,2.74,0,0,4.0,3,1,0,2.0,0
dbt_model,31.5,251508,4.16,0,0,10.1,16,1,1,3.2,0
extract,33.1,77952,0.12,0,0,-3.8,15,2,0,0.1,0
dbt_model,32.3,568396,1.44,0,0,25.9,15,6,2,2.2,0
quality_check,21.6,19568,1.05,0,0,12.3,0,1,2,0.0,0
extract,37.5,487359,0.11,0,0,12.6,0,4,0,6.9,0
dbt_model,43.4,86510,1.44,0,0,-25.5,19,6,2,0.5,0
dbt_model,42.5,6808223,1.0,0,0,1.7,10,5,1,3.5,0
dbt_model,23.4,5388,0.53,0,0,-9.2,7,5,2,1.1,0
quality_check,29.2,12052,1.89,0,0,-15.5,1,2,0,1.2,0
quality_check,14.9,70974,3.4,0,0,-11.3,2,2,0,0.1,0
load,32.1,68567,2.52,0,0,-1.0,17,4,0,0.6,0
quality_check,34.1,822597,4.96,0,0,8.2,18,6,0,16.4,0
dbt_model,22.0,12464,0.34,0,0,17.7,6,2,1,0.2,0
extract,28.0,154487,1.25,0,0,16.8,5,4,2,0.2,0
dbt_model,31.8,233267,0.8,0,0,5.3,7,6,2,1.5,0
load,43.1,112132,0.91,0,0,1.0,9,5,2,5.9,0
load,39.4,7804,0.08,0,0,-5.8,20,6,0,2.5,0
dbt_model,27.8,345384,0.65,0,0,-4.5,9,2,0,2.5,0
dbt_model,31.0,259605,0.81,0,0,-14.0,18,4,0,3.1,0
extract,29.5,94782,0.74,0,0,-7.7,19,1,0,0.1,0
extract,40.1,50360,0.65,0,0,6.4,14,0,1,6.3,0
dbt_model,34.2,52144,0.56,0,0,27.7,6,3,0,4.0,0
dbt_model,32.9,32017,0.49,0,0,-2.7,23,5,0,2.1,1
dbt_model,38.8,101240,0.46,1,0,-14.5,15,2,1,6.0,0
dbt_model,27.0,38170,2.83,0,0,17.4,16,1,0,6.0,0
quality_check,42.2,9342,1.99,0,0,-36.0,23,6,0,2.6,0
dbt_model,29.3,6783,0.99,0,0,18.8,14,2,0,2.8,0
quality_check,22.4,10902,0.69,0,0,-25.8,14,1,0,11.3,0
load,30.8,51813,1.32,0,0,11.8,19,1,0,3.7,0
dbt_model,43.3,34782,1.77,0,0,-8.6,3,0,1,2.0,0
dbt_model,29.0,51254,0.1,0,0,5.8,23,6,1,3.4,0
load,42.2,80926,0.37,0,0,37.5,6,4,0,0.9,0
dbt_model,24.9,13310,2.11,0,0,-15.1,23,0,2,2.7,0
dbt_model,29.4,378910,1.1,0,0,-18.0,12,3,0,0.8,0
dbt_model,37.4,23662,0.52,0,0,1.4,21,2,2,1.7,0
dbt_model,23.2,18151,2.51,0,0,27.5,7,3,1,5.0,0
load,41.0,78575,0.45,0,0,3.2,18,6,0,4.5,0
dbt_model,30.3,1922,0.01,0,0,0.8,12,2,2,0.3,0
load,22.2,10251,0.34,0,0,3.0,15,2,0,7.1,0
load,34.3,174506,2.66,0,0,-18.1,13,2,1,9.6,0
dbt_model,22.5,2253,0.44,0,0,3.2,23,4,1,0.8,0
extract,38.5,217101,0.88,0,0,-7.1,17,0,2,0.5,0
dbt_model,53.4,407509,0.49,0,0,23.8,6,4,0,1.6,0
extract,27.9,20107,1.43,0,0,14.4,14,5,2,1.2,0
dbt_model,37.9,57924,1.12,0,0,-23.8,8,6,0,4.5,0
dbt_model,35.6,217627,0.19,0,1,-5.1,16,3,0,0.6,1
load,31.2,17208,0.13,0,0,9.5,11,3,0,1.4,0
load,33.2,145574,1.06,0,1,-17.7,5,6,0,3.1,1
extract,22.7,12408,0.07,0,0,-19.4,5,5,1,6.0,0
load,33.9,16912,2.74,0,0,-8.3,10,3,0,1.0,0
extract,27.4,10107,1.19,0,0,6.2,11,2,0,1.1,0
quality_check,25.0,62832,6.41,0,0,18.7,19,6,0,7.3,0
load,44.6,231596,2.6,0,0,4.2,15,2,0,5.2,1
load,32.6,27049,1.35,0,0,44.3,18,6,1,1.8,0
dbt_model,26.7,4750,1.08,0,0,-12.2,3,3,1,1.7,0
load,41.3,6423,3.72,0,0,13.3,4,3,1,2.8,0
extract,16.8,68279,0.95,1,0,-20.0,0,3,0,3.3,1
dbt_model,48.8,694249,1.98,0,0,29.0,1,5,0,0.4,0
dbt_model,25.4,68183,0.7,0,0,24.5,3,5,0,0.2,0
dbt_model,33.1,19554,1.16,0,0,12.8,15,0,0,7.8,0
extract,29.1,123734,1.75,0,0,-31.3,10,5,0,9.3,0
quality_check,23.3,24755,1.69,1,0,12.6,10,0,0,1.9,0
dbt_model,43.0,19825,1.63,0,0,-14.7,17,5,1,3.2,0
dbt_model,46.3,7835,0.63,0,0,8.2,9,4,0,3.3,0
dbt_model,34.2,345766,1.07,0,0,-26.2,0,4,0,3.2,0
dbt_model,28.2,624,1.03,0,0,4.9,0,0,0,1.9,0
load,35.0,130167,0.33,0,0,-6.4,4,5,0,0.8,0
extract,46.5,17292,3.86,0,0,-14.0,9,4,0,5.8,1
quality_check,12.1,18834,0.14,0,0,10.7,21,4,2,0.4,0
quality_check,40.3,544544,0.95,1,0,-0.9,4,1,2,2.2,1
dbt_model,23.7,11584,2.08,0,0,-3.7,17,5,0,4.3,0
dbt_model,9.1,12232,0.07,0,0,13.3,0,1,0,0.6,0
extract,28.6,29477,0.21,0,0,34.3,2,3,2,1.7,0
load,50.0,70414,2.11,0,1,5.0,9,2,1,1.9,1
load,25.1,17908,0.83,0,0,-32.5,15,2,0,7.9,0
dbt_model,35.0,2927,1.01,0,0,-28.0,19,6,0,1.0,0
extract,40.6,9089,1.38,0,0,1.2,17,5,0,0.0,1
extract,35.7,282133,0.11,0,1,18.5,21,4,2,2.6,1
extract,33.5,40930,1.98,0,0,2.4,10,4,1,4.4,0
quality_check,18.0,74737,0.31,0,0,9.2,5,5,2,7.1,0
load,25.1,23902,1.48,0,0,-1.1,10,5,2,1.5,0
extract,38.6,12642,1.7,0,1,17.3,6,5,0,2.3,1
quality_check,37.4,531846,2.88,0,0,11.1,8,0,1,0.3,0
dbt_model,35.0,26873,0.17,0,0,-18.4,2,5,0,2.3,0
dbt_model,32.2,17865,0.19,1,0,8.1,18,2,1,0.3,1
dbt_model,55.0,209782,1.86,0,0,-27.8,21,1,1,0.0,0
quality_check,26.4,11432,0.99,0,0,8.1,2,1,0,7.6,0
load,45.0,14022,0.15,0,0,-5.1,1,6,1,2.3,1
extract,33.5,36915,0.5,0,0,2.9,19,5,0,1.9,0
dbt_model,47.5,36331,3.49,0,0,5.8,22,2,1,2.3,1
dbt_model,21.9,55015,0.91,0,0,5.1,0,6,0,6.8,0
dbt_model,39.7,1031650,2.83,0,1,25.5,15,3,0,3.5,0
load,29.6,62192,1.6,0,0,0.6,9,5,0,11.1,0
quality_check,26.9,808,2.06,0,0,3.4,18,5,2,3.5,0
dbt_model,44.1,61210,0.38,0,0,23.9,12,1,0,1.3,0
load,35.8,38584,0.93,0,0,34.1,5,5,1,2.0,0
dbt_model,43.3,38929,0.97,0,0,-0.3,6,6,0,2.9,0
dbt_model,26.9,53826,1.72,0,0,-9.2,14,3,0,6.0,0
dbt_model,24.8,34686,0.91,0,1,-8.3,6,2,0,3.5,0
extract,32.2,33383,1.48,0,0,8.1,2,3,1,1.1,0
load,33.6,96845,2.63,0,0,-3.7,12,5,0,2.7,0
extract,29.1,15255,0.54,0,0,-31.5,15,2,0,2.3,0
dbt_model,21.0,7972,0.52,0,0,20.2,19,0,2,2.9,0
dbt_model,51.4,4583852,0.45,0,0,14.7,14,0,0,0.8,0
dbt_model,27.0,11552,0.43,0,0,20.6,9,5,1,6.6,0
extract,45.4,42626,0.55,1,0,24.2,19,4,0,1.0,0
extract,28.2,3317,0.2,0,0,3.4,10,1,2,0.4,0
quality_check,38.4,43754,0.36,0,0,4.7,15,4,0,1.7,0
load,34.7,8158,0.18,0,0,18.1,21,2,0,0.4,0
extract,23.6,17890,1.44,0,0,-21.9,23,3,1,1.9,0
dbt_model,38.4,193320,2.73,0,0,-6.3,10,1,1,1.1,0
dbt_model,50.9,77281,1.04,0,0,-1.1,11,0,0,2.1,0
load,36.1,90170,2.87,0,0,16.6,20,6,2,1.3,0
quality_check,35.4,2134,0.9,0,0,-9.7,13,3,0,1.0,1
quality_check,43.6,686274,0.06,1,0,-12.8,18,6,2,3.5,0
dbt_model,31.7,5393,0.45,0,0,-7.8,1,0,0,0.1,0
dbt_model,38.2,419029,0.64,0,0,8.5,19,2,1,3.3,0
dbt_model,40.0,186180,0.7,0,0,-1.2,2,3,0,1.9,0
load,40.7,91466,1.59,0,0,-26.1,9,0,0,5.5,0
quality_check,17.7,9246,0.79,0,0,-22.6,4,5,0,1.9,0
extract,34.9,46283,1.4,0,0,2.5,22,6,0,2.8,0
quality_check,29.3,17094,0.62,0,0,3.1,2,1,1,2.3,0
extract,28.8,38042,0.53,0,0,0.5,13,6,1,4.0,0
quality_check,43.2,24347,2.94,0,0,-8.5,3,6,1,3.0,0
quality_check,20.0,1391,3.61,0,0,14.2,0,2,2,17.2,0
extract,22.8,218568,0.84,0,0,6.6,6,4,2,0.1,0
dbt_model,39.2,31895,2.08,1,1,6.0,1,3,0,13.9,1
extract,18.1,16719,1.21,0,0,6.7,6,1,1,2.8,0
dbt_model,13.3,14816,1.62,0,0,28.8,3,1,0,7.2,0
load,41.4,64442,0.02,0,0,-18.4,16,1,1,2.5,0
extract,31.2,8690,0.19,0,0,-7.6,4,6,0,1.1,0
dbt_model,30.2,984,0.09,0,0,-6.1,11,0,0,2.2,0
load,29.4,69661,0.2,0,0,22.6,0,3,0,1.0,0
dbt_model,21.2,83330,0.76,0,0,-6.7,22,6,0,0.6,0
extract,21.0,26386,1.82,0,0,-14.3,10,3,0,10.7,0
dbt_model,26.6,5786,0.06,0,0,-1.9,8,0,0,4.1,0
dbt_model,21.0,41868,0.3,0,0,1.9,7,2,0,0.9,0
dbt_model,30.9,3486,0.43,1,0,21.5,1,4,0,4.0,0
dbt_model,25.2,7019,1.5,0,0,-6.8,6,0,0,1.9,0
load,31.8,10925,0.09,0,0,-12.4,20,5,0,10.4,0
dbt_model,36.0,140126,0.02,0,0,-16.4,9,4,2,0.3,0
dbt_model,34.7,20329,0.81,0,0,-6.2,20,1,0,5.7,0
load,35.5,17737,1.66,0,0,46.1,4,5,1,6.8,0
load,34.6,828612,0.35,0,0,6.9,8,2,0,2.3,0
dbt_model,34.9,63827,0.84,0,0,10.8,15,2,2,0.1,0
extract,35.3,62466,0.54,0,0,-0.0,1,2,0,1.5,0
dbt_model,9.4,20100,1.79,0,0,2.5,8,2,0,2.0,0
dbt_model,36.4,13985,0.82,0,0,14.2,21,5,0,1.9,0
extract,27.5,1098,3.72,0,0,10.1,11,0,1,11.7,0
dbt_model,40.0,171096,1.92,0,0,6.3,22,6,0,1.4,0
load,21.9,74406,2.34,0,0,0.3,3,5,0,4.8,0
extract,28.9,27264,0.15,0,0,-6.3,23,6,0,3.2,0
quality_check,22.0,29156,0.64,0,0,7.6,21,4,0,10.7,1
extract,41.0,117928,1.23,0,1,1.5,9,0,1,0.2,0
quality_check,15.3,3018,3.86,0,0,38.4,13,5,0,2.4,0
dbt_model,22.2,14131,0.06,0,0,18.9,3,4,1,4.7,0
extract,33.9,5895,0.53,1,0,-12.1,3,3,0,0.2,0
load,31.5,618105,0.78,0,0,-21.1,9,4,1,5.3,0
extract,26.3,147421,0.32,0,0,-7.2,7,2,0,0.6,0
dbt_model,34.3,1070,0.33,0,0,-19.5,14,6,1,4.2,0
dbt_model,36.6,3222,0.39,0,0,-8.2,21,6,0,8.8,0
load,38.4,29385,2.45,0,0,-17.5,1,4,0,1.2,0
quality_check,38.6,17053,0.24,0,1,-5.9,20,6,2,0.0,1
quality_check,26.5,4363,0.15,0,0,-5.7,6,3,2,4.7,1
dbt_model,35.8,815551,0.03,0,0,2.6,15,1,0,3.0,0
dbt_model,27.3,59877,3.22,0,0,-3.7,22,3,0,4.3,0
dbt_model,35.1,77629,0.26,1,0,-16.2,17,6,0,0.1,0
quality_check,25.6,12001,0.83,0,0,21.9,1,5,1,0.6,0
load,30.4,115339,1.66,0,0,7.3,14,0,0,2.9,0
extract,36.6,19757,1.06,0,0,-9.8,3,4,0,0.5,0
dbt_model,42.1,23078,0.46,0,0,-16.0,6,5,1,0.1,0
extract,37.5,96529,0.02,0,0,-26.4,13,0,0,10.0,0
dbt_model,43.9,2680,0.38,0,0,-27.7,13,3,0,1.2,1
quality_check,30.3,467542,3.41,0,0,18.9,22,6,2,1.8,0
dbt_model,16.2,48621,0.06,0,0,16.9,6,2,1,2.6,0
quality_check,42.2,281957,1.19,0,0,-10.5,22,4,0,1.0,0
dbt_model,22.3,6498,0.79,0,0,24.6,10,2,0,3.8,0
dbt_model,27.2,8291,0.06,0,0,11.1,6,1,0,0.1,0
dbt_model,13.1,5658,0.82,0,0,3.7,14,2,0,1.2,0
dbt_model,24.8,54202,0.73,0,0,15.5,14,3,0,8.9,0
quality_check,18.9,40359,0.24,0,0,11.1,21,2,2,0.9,0
dbt_model,27.0,17273,0.18,0,0,2.8,23,1,0,0.7,0
load,25.9,7168,0.01,0,0,-4.3,15,6,1,0.3,0
load,29.5,4785,3.39,0,0,-1.9,15,4,2,0.6,0
quality_check,43.3,33604,0.51,0,0,-28.9,6,4,0,0.8,0
dbt_model,37.0,17241,2.8,1,0,-14.4,5,3,1,15.6,0
dbt_model,15.7,12125,1.06,0,0,32.4,14,2,0,0.7,0
dbt_model,42.0,431638,1.59,0,0,-14.9,16,6,1,4.8,0
extract,33.0,31833,2.33,0,0,-33.3,8,2,0,0.5,0
dbt_model,34.9,277081,0.17,0,0,16.3,12,0,0,0.9,0
load,30.6,15472,0.63,0,0,4.5,13,3,0,4.3,0
dbt_model,34.8,53725,0.34,0,0,5.5,11,3,0,0.3,1
extract,25.9,33230,1.06,0,0,-2.8,1,2,0,2.3,0
dbt_model,25.9,2401,0.03,0,0,16.4,11,1,1,2.2,0
load,46.9,356946,0.8,0,0,27.5,5,3,2,0.6,0
load,25.5,29253,0.5,0,0,-9.4,2,0,0,2.8,0
dbt_model,25.0,119882,0.32,0,0,11.4,11,2,0,2.7,0
dbt_model,29.6,10902,0.79,0,0,20.1,18,5,0,1.7,0
dbt_model,21.6,27896,0.79,0,0,-10.4,19,4,1,1.0,0
dbt_model,14.3,9072,0.58,0,0,27.2,8,5,0,0.3,0
dbt_model,32.6,262392,0.89,0,0,20.1,13,1,0,6.2,0
dbt_model,46.1,59769,0.15,0,0,-22.4,4,6,0,1.2,1
load,32.9,65335,1.74,0,0,28.7,6,1,1,0.7,0
quality_check,37.6,319047,1.86,0,0,-21.4,10,4,2,12.8,0
load,16.3,230993,2.64,0,0,-12.4,9,6,0,7.6,0
quality_check,38.3,123568,1.09,0,0,12.3,15,1,1,2.4,0
load,29.1,3734,0.37,0,0,18.7,17,0,2,2.1,0
extract,24.3,11931,3.45,0,1,1.8,13,2,0,1.3,0
load,31.1,7286,0.85,0,0,-11.3,0,0,0,2.4,0
extract,35.8,116314,0.68,0,0,-4.7,19,4,0,1.6,0
dbt_model,23.2,47717,0.27,0,0,-6.8,10,5,0,4.0,0
dbt_model,31.4,3925,1.0,0,0,15.1,20,4,0,15.3,0
dbt_model,42.5,26849,3.45,0,0,-7.3,6,1,1,1.7,0
extract,26.0,3325,0.82,0,1,-11.7,14,0,0,0.1,0
dbt_model,24.3,33354,2.95,0,0,-26.6,5,2,2,3.9,1
quality_check,26.0,2569,2.15,0,0,-10.7,13,6,2,7.4,0
dbt_model,41.4,84636,4.03,0,0,-2.1,20,2,1,0.3,0
dbt_model,22.3,66485,2.04,1,0,-20.3,13,6,0,14.6,0
load,42.8,768901,0.49,0,0,-31.4,23,6,0,3.8,0
extract,28.5,141011,2.19,0,0,17.6,9,5,0,0.6,0
load,33.2,18459,0.27,0,0,-18.0,3,1,2,4.1,0
load,29.4,134445,0.08,0,0,-23.6,11,1,0,0.5,0
dbt_model,23.3,3880,0.94,0,0,28.3,19,0,0,0.3,0
extract,43.3,7785,1.56,0,0,15.3,12,2,1,1.3,1
extract,20.5,61884,3.03,0,0,18.5,14,3,0,0.4,1
dbt_model,30.6,1149,0.06,0,0,9.1,19,4,0,6.1,0
dbt_model,47.7,34219,0.64,0,0,23.6,6,0,0,0.3,0
extract,35.6,7098,1.21,0,0,15.9,17,2,2,2.2,0
dbt_model,20.5,42705,0.39,0,0,-6.2,22,2,0,0.6,0
extract,17.7,6474,1.75,0,0,-19.2,4,2,0,2.1,0
dbt_model,26.7,71596,0.19,0,0,-23.1,4,4,0,2.4,0
extract,33.7,37456,2.59,0,0,-2.5,23,4,0,1.1,0
quality_check,38.2,341323,1.97,0,0,-19.8,23,6,0,3.1,0
extract,20.8,36708,0.5,0,1,-14.4,23,0,2,2.5,0
dbt_model,22.2,10616,0.81,0,0,-2.7,20,1,0,5.5,0
dbt_model,24.3,24464,0.19,0,0,25.2,6,0,0,4.1,0
quality_check,26.9,4226,2.94,0,0,-27.2,13,1,0,2.1,0
extract,51.2,69551,0.78,1,0,0.5,23,0,0,4.4,0
dbt_model,25.5,93317,0.55,0,0,-22.5,16,2,0,2.6,0
dbt_model,30.3,1887405,2.35,0,0,-10.0,12,1,0,0.5,0
dbt_model,20.3,13427,0.63,0,0,16.7,14,3,2,0.1,0
quality_check,37.2,23659,0.1,1,0,-15.3,5,3,1,0.8,0
quality_check,30.3,14454,1.14,0,0,-4.7,8,4,0,2.2,1
dbt_model,24.8,50989,0.34,0,0,2.5,17,5,0,2.7,0
quality_check,30.0,66883,1.12,0,0,12.6,23,0,0,0.2,0
dbt_model,25.0,33342,0.82,0,0,-9.9,1,1,1,5.6,0
load,37.9,206513,0.09,0,0,22.7,9,5,0,4.1,0
dbt_model,54.7,13532,2.52,0,0,-8.0,16,2,1,8.6,0
quality_check,39.9,175936,1.05,0,0,8.7,11,6,1,1.6,0
load,32.9,85956,1.69,0,0,-3.4,20,0,1,4.3,0
quality_check,26.2,35623,5.38,0,1,13.3,15,0,1,1.8,0
load,19.3,21940,0.94,0,0,36.5,8,3,2,2.1,0
dbt_model,45.6,1763248,0.15,0,0,-5.0,18,3,0,4.3,0
extract,36.1,9825,2.73,0,0,-0.3,8,0,1,5.6,0
dbt_model,28.9,58494,2.85,0,0,-7.8,9,3,0,3.4,0
dbt_model,41.1,10934,0.31,0,0,-10.5,6,2,0,0.5,0
load,37.4,632220,0.59,0,0,-12.6,23,4,2,2.5,0
dbt_model,41.7,150079,0.4,0,0,-0.3,9,5,2,3.4,0
dbt_model,33.0,12266,0.31,0,0,-14.0,22,4,1,7.6,1
dbt_model,32.1,82466,2.48,0,0,-13.4,13,6,0,3.7,0
dbt_model,24.4,54847,0.25,0,0,-57.0,3,3,0,1.2,0
dbt_model,29.5,15889,0.92,0,0,24.9,18,2,1,3.7,0
load,41.9,122157,0.41,0,0,29.6,4,0,0,4.6,0
dbt_model,28.7,67703,0.8,0,0,11.7,21,1,0,17.1,0
dbt_model,36.8,51283,3.82,0,0,-15.7,23,2,0,7.8,0
extract,22.4,33959,1.14,0,0,-22.7,13,5,0,1.5,0
extract,40.5,72380,0.69,0,0,-28.2,9,3,1,3.4,0
dbt_model,35.7,52418,0.41,0,0,11.5,11,4,1,3.2,0
load,21.6,39916,1.4,0,0,22.8,18,0,0,0.6,1
dbt_model,28.4,13021,1.47,0,0,3.0,8,2,1,0.5,0
load,45.3,545809,1.65,0,0,15.4,1,5,2,3.6,0
extract,18.0,6763,0.49,0,0,8.0,14,6,2,3.8,0
extract,23.8,71985,0.34,0,0,-13.9,17,2,2,3.7,0
load,30.7,21755,0.4,0,0,18.2,3,3,0,1.3,0
extract,56.3,606388,1.09,0,0,17.0,8,1,1,0.4,1
extract,23.7,8556,1.45,0,0,-17.8,11,6,1,1.2,0
dbt_model,34.7,11198,1.36,0,0,14.5,14,0,2,12.2,0
load,31.9,7694,0.9,0,0,-2.7,12,6,0,0.8,0
quality_check,27.8,60933,4.09,0,0,-4.7,18,4,1,2.6,0
extract,29.9,4036,0.54,0,0,7.0,15,6,0,0.8,0
load,26.9,16887,3.13,0,0,6.5,17,1,1,1.7,1
load,23.0,1160,0.68,0,0,16.0,1,0,0,1.2,0
quality_check,18.0,53352,0.86,0,0,-15.3,22,1,0,5.0,1
load,30.6,16311,7.86,1,0,10.2,10,1,0,0.7,0
dbt_model,36.2,3358,1.2,0,0,-20.9,10,1,0,0.1,0
load,35.8,206276,2.69,0,0,-3.2,18,2,1,2.8,0
dbt_model,38.4,4481,1.95,0,0,-2.0,9,1,1,1.5,0
quality_check,39.7,129976,0.96,0,0,17.5,18,5,1,2.8,0
dbt_model,29.8,11829,0.72,0,0,0.2,19,1,0,3.3,0
quality_check,31.0,470953,1.4,0,0,-4.7,13,2,1,4.6,0
dbt_model,29.9,120485,1.37,0,0,25.7,13,5,1,1.1,0
dbt_model,16.2,7238,2.35,0,0,-7.7,20,1,2,11.3,0
dbt_model,27.3,8372,1.64,0,0,-8.5,17,2,0,0.1,0
quality_check,35.2,95687,0.78,0,0,-33.8,18,2,1,4.8,0
quality_check,46.9,23865,1.64,0,0,-3.9,16,3,0,2.3,0
extract,36.5,27696,0.64,0,0,-16.9,19,2,1,1.2,1
quality_check,28.0,278057,0.19,0,0,-4.5,18,4,1,0.3,0
dbt_model,17.2,10960,1.3,0,1,4.3,19,5,1,0.0,1
dbt_model,30.6,42027,0.23,0,0,-19.5,9,3,0,1.2,0
dbt_model,42.2,167276,0.12,0,0,-14.8,17,6,0,2.5,0
load,32.5,132533,1.1,0,0,-28.8,12,4,0,2.2,1
load,36.7,28130,1.3,0,0,-9.2,20,2,0,0.3,0
load,29.8,22873,0.25,0,0,-17.0,11,1,1,0.8,0
dbt_model,33.9,2248,1.3,0,0,38.6,2,0,2,2.5,0
quality_check,14.9,6700,1.38,0,0,27.1,19,0,0,1.7,1
dbt_model,47.6,60438,0.55,0,0,24.2,12,5,0,6.8,0
quality_check,21.8,29126,1.93,0,0,-23.3,0,5,0,5.5,0
dbt_model,39.6,40940,0.1,0,0,-3.2,19,3,0,1.1,0
dbt_model,32.7,191531,1.35,0,0,-21.7,1,1,1,2.6,0
dbt_model,27.9,5433,0.09,0,0,33.2,2,3,0,4.9,0
extract,29.4,24887,0.18,1,0,15.0,17,3,0,1.1,0
extract,35.1,49115,0.36,0,0,-18.9,3,2,0,8.5,0
dbt_model,34.4,11770,2.18,0,0,6.7,6,3,0,3.4,0
dbt_model,45.7,358743,0.11,0,0,-26.7,9,3,1,0.9,1
extract,47.4,155397,1.41,0,0,-2.5,23,0,0,1.0,0
dbt_model,36.0,57769,0.98,0,0,-3.2,13,0,2,3.1,0
dbt_model,52.7,640991,0.05,0,0,13.3,23,0,2,0.9,1
dbt_model,28.9,3300,0.36,0,0,17.8,17,4,1,4.5,0
dbt_model,41.9,35869,2.1,0,0,0.4,6,6,0,11.3,0
dbt_model,37.1,65260,0.52,0,0,-4.0,13,6,1,0.5,0
dbt_model,24.8,8406,1.93,0,0,-58.2,8,4,0,1.1,1
dbt_model,34.7,58755,0.27,1,0,28.1,5,6,2,0.6,1
quality_check,33.7,6182,1.5,0,0,-11.8,12,2,0,2.1,0
dbt_model,33.9,109632,0.38,0,0,1.8,20,5,0,3.4,0
dbt_model,38.9,197310,0.23,0,0,40.7,18,3,2,0.3,0
dbt_model,40.8,56147,0.61,0,0,-21.5,6,2,0,1.0,0
dbt_model,26.9,1873,1.05,0,0,0.4,6,4,0,0.1,0
quality_check,3.1,7732,0.09,0,0,8.9,20,6,1,0.7,0
dbt_model,48.9,89638,0.42,0,0,19.7,15,3,2,7.5,0
dbt_model,29.6,37568,0.4,0,0,0.0,11,4,2,1.9,0
quality_check,17.3,487,0.32,1,0,21.2,19,1,2,1.2,1
load,25.6,265276,0.64,0,0,-7.5,0,3,0,6.2,0
quality_check,29.6,45190,0.07,0,0,9.8,18,4,1,0.2,0
load,24.9,9793,2.58,0,0,7.5,11,1,1,9.3,0
load,28.4,178425,1.38,0,0,-1.6,11,5,0,6.1,0
dbt_model,24.2,12282,0.08,0,0,5.8,15,5,2,1.7,0
quality_check,35.1,12069,0.2,0,0,-15.7,5,5,1,2.3,0
dbt_model,51.5,64431,0.37,1,0,-5.4,21,5,0,4.7,0
dbt_model,44.6,627602,0.5,0,0,-23.2,2,4,0,12.2,0
dbt_model,46.9,487838,5.89,0,0,-7.9,13,3,0,1.4,1
load,29.8,64572,1.37,1,0,20.5,11,6,1,7.8,1
load,34.5,76101,0.17,0,0,7.6,23,2,0,0.1,0
dbt_model,38.3,128849,0.52,0,0,5.5,15,0,2,6.8,0
dbt_model,22.8,4860,0.54,0,0,-28.8,9,2,0,2.5,0
dbt_model,30.2,101786,1.9,0,0,5.8,10,2,0,0.5,0
quality_check,37.9,11220,0.58,0,0,-1.1,5,4,0,6.3,0
dbt_model,42.9,60449,0.81,0,0,9.7,1,0,1,1.4,0
dbt_model,32.2,25236,2.51,0,0,24.9,10,1,0,5.1,0
quality_check,22.9,80978,0.4,0,0,-7.4,0,6,0,0.8,0
dbt_model,29.9,43869,2.17,0,0,-5.7,15,3,1,3.6,0
extract,10.7,265,0.68,0,0,16.5,21,3,1,4.5,0
dbt_model,33.4,48350,0.35,0,0,-10.9,2,0,1,2.8,1
dbt_model,36.3,101462,0.71,0,0,1.6,23,0,0,2.2,0
quality_check,31.0,74123,1.07,0,0,-35.9,2,5,2,3.4,0
extract,34.1,30818,1.03,0,0,-5.5,11,4,1,1.9,0
dbt_model,40.6,502554,0.8,0,0,23.5,14,2,1,2.4,0
dbt_model,35.4,59766,0.2,0,0,6.0,15,2,0,2.4,0
quality_check,22.6,73150,2.91,0,1,16.2,9,3,1,2.4,1
dbt_model,32.9,193143,0.45,0,1,17.2,1,5,1,1.4,0
load,36.9,64870,1.18,0,0,24.3,18,6,0,2.0,0
load,44.0,8631,1.01,0,0,-6.2,11,3,0,12.0,0
extract,23.0,734,0.46,0,0,17.0,6,2,0,5.2,0
load,35.9,16926,2.66,0,0,40.5,10,2,0,0.9,0
dbt_model,42.3,122701,0.13,0,0,-0.5,10,3,0,0.9,0
dbt_model,29.5,20641,0.66,0,0,-23.8,14,2,1,1.1,1
extract,44.8,130860,2.59,0,0,-10.7,12,2,1,2.6,0
dbt_model,43.5,46072,0.06,0,0,8.4,14,3,1,5.0,0
quality_check,48.2,285188,2.48,0,0,-29.9,22,5,0,3.7,0
dbt_model,35.5,22644,0.61,0,0,-13.7,22,1,0,1.4,0
extract,54.8,76740,0.76,0,0,-5.9,0,3,1,2.6,1
dbt_model,28.1,81586,0.89,0,0,2.0,15,1,0,1.1,0
load,55.5,401339,0.07,0,0,32.3,5,3,1,0.6,0
quality_check,34.4,2367,0.51,0,0,12.4,1,0,0,7.5,0
extract,43.0,17440,0.26,0,0,-20.0,2,3,0,3.1,0
load,31.7,141156,2.7,0,0,69.6,15,4,0,1.3,1
load,44.1,430815,1.3,0,0,-0.3,23,4,0,0.3,0
dbt_model,45.8,53322,0.46,0,0,-30.2,18,4,1,2.9,1
quality_check,21.6,22735,0.48,0,0,-18.7,3,3,1,4.4,0
dbt_model,32.9,121952,0.12,0,0,-18.6,5,4,0,0.6,0
dbt_model,15.4,145790,0.18,0,0,-24.3,19,3,1,0.3,0
dbt_model,29.6,20425,2.13,0,0,9.2,14,6,0,3.9,0
quality_check,25.8,61604,0.03,0,0,-48.0,12,4,0,2.6,0
load,33.6,240107,0.47,0,0,17.7,4,2,0,0.1,0
quality_check,63.8,747683,2.57,0,0,14.7,18,4,0,3.1,0
load,49.8,119153,2.09,0,0,-8.2,20,2,0,4.5,0
load,19.4,38972,0.78,0,0,16.5,7,4,0,5.8,0
extract,37.1,33305,3.23,0,0,-19.7,23,2,0,6.2,0
dbt_model,41.0,88595,2.96,0,0,-15.2,11,3,0,0.4,0
quality_check,28.9,30179,2.45,0,0,9.9,0,4,2,0.3,0
dbt_model,34.4,49188,0.75,0,0,-3.8,23,6,2,0.5,0
extract,31.8,6683,0.03,0,1,-11.3,4,3,1,0.9,1
extract,23.7,289320,2.21,0,0,-2.0,2,4,0,0.4,0
dbt_model,19.8,5858,0.22,0,0,23.7,10,6,1,0.4,0
dbt_model,32.6,18189,0.28,0,0,23.0,14,5,0,2.7,0
dbt_model,33.4,42452,1.19,0,0,7.7,15,0,1,1.8,1
dbt_model,31.4,878155,1.05,0,0,-6.4,22,3,1,2.0,0
extract,23.9,18466,2.77,0,0,9.4,11,4,1,2.7,0
dbt_model,29.6,12511,0.48,0,0,-15.5,3,2,0,0.5,0
extract,38.7,15043,3.82,0,0,21.0,10,1,1,0.1,0
dbt_model,36.2,516192,0.22,0,0,17.1,20,3,0,0.8,0
dbt_model,39.0,403,0.58,0,0,34.8,0,1,1,0.0,0
dbt_model,23.2,7299,0.26,0,0,-14.4,6,4,1,0.8,0
quality_check,41.6,2870687,2.54,0,0,-16.7,16,4,1,0.3,1
dbt_model,30.7,93471,0.82,0,0,9.9,4,2,1,6.3,0
quality_check,34.5,6188,0.58,0,0,-4.9,11,4,0,0.5,0
quality_check,25.1,33959,2.85,0,0,18.0,3,5,2,1.7,0
load,49.8,40454,0.23,0,0,23.7,3,1,1,1.3,0
quality_check,19.4,140617,0.26,1,0,30.7,17,2,0,0.9,0
dbt_model,52.8,689142,0.53,1,0,1.1,18,4,1,0.5,1
dbt_model,34.1,67621,1.29,0,0,15.8,0,4,2,1.9,0
dbt_model,35.7,15311,0.02,0,0,-9.3,12,4,1,4.4,0
dbt_model,46.4,127942,0.22,0,0,3.9,10,2,0,0.3,0
extract,38.0,11882,2.0,1,0,-1.0,8,0,0,2.6,1
load,22.8,6951,1.02,0,0,-1.9,16,3,0,2.1,0
load,32.7,2173,0.25,0,0,32.8,15,2,0,4.3,0
extract,44.7,2968,1.51,0,0,-24.2,3,2,1,3.3,0
quality_check,21.8,8653,0.15,0,0,-0.1,23,5,0,2.2,0
extract,48.0,5516,1.39,0,0,1.0,5,2,2,2.6,1
quality_check,36.6,59944,0.54,0,0,11.6,13,6,2,6.3,0
extract,25.0,5329,2.95,0,0,-19.7,3,4,0,3.1,1
dbt_model,15.5,237,0.35,1,0,-5.4,14,1,0,3.9,1
dbt_model,27.3,6834,0.56,0,0,-10.7,0,1,0,1.4,0
quality_check,13.3,17069,0.59,0,0,-40.5,6,4,0,1.2,0
dbt_model,26.8,13784,0.13,0,0,20.9,10,1,0,3.4,0
load,34.1,413015,0.26,0,0,-26.5,2,6,1,1.1,1
quality_check,20.9,13606,0.62,0,0,-28.9,11,2,0,1.5,0
dbt_model,41.4,148668,0.28,0,0,17.1,13,0,0,2.8,0
quality_check,30.2,35229,0.48,0,0,-6.0,22,1,0,12.2,0
quality_check,26.4,33938,3.05,0,0,-5.4,8,5,0,1.5,0
dbt_model,27.0,9541,0.81,0,0,-5.1,17,1,1,2.2,0
quality_check,35.3,33055,0.57,0,1,19.3,6,3,0,0.6,0
load,30.8,10676,0.65,0,0,-9.9,23,5,0,5.1,0
quality_check,26.4,47669,0.04,0,0,10.7,23,6,1,0.3,0
quality_check,32.7,24884,1.28,0,0,-20.5,18,1,0,0.4,0
dbt_model,29.2,8011,0.25,0,0,5.9,5,5,0,1.1,0
dbt_model,24.7,177554,4.81,0,0,16.2,23,4,1,2.2,1
quality_check,30.8,71893,0.03,0,0,25.3,9,1,0,3.9,0
dbt_model,36.2,17731,1.84,0,0,-27.9,5,3,0,0.8,0
dbt_model,37.8,45834,3.09,0,0,-5.3,9,0,1,5.6,0
dbt_model,29.9,31757,0.07,0,1,28.8,4,1,0,10.1,0
dbt_model,35.9,9062,3.35,0,0,16.6,8,6,0,8.3,0
extract,23.6,40651,0.27,0,0,-3.6,9,2,0,1.0,0
load,22.0,13445,0.42,0,0,0.1,23,2,1,5.5,0
extract,27.4,8007,2.45,0,0,5.3,11,0,1,5.7,1
extract,41.2,2706,0.34,1,0,-6.7,17,2,1,3.9,1
load,32.7,20460,2.47,0,0,9.8,19,0,2,2.3,0
dbt_model,31.3,89962,0.21,0,0,8.8,22,5,1,6.1,0
dbt_model,44.2,11950,1.32,0,0,-20.1,12,2,0,1.0,0
quality_check,36.7,2049556,0.89,0,0,-8.8,14,6,0,2.0,0
dbt_model,54.8,149806,2.8,0,0,-8.2,22,5,0,5.3,0
extract,31.3,292707,0.95,0,0,-4.6,16,5,0,3.4,0
quality_check,25.3,129623,2.18,1,0,4.9,6,2,1,5.9,0
dbt_model,35.9,704035,0.24,0,0,3.2,14,6,1,2.2,0
dbt_model,27.8,10309,0.27,0,0,-13.0,13,3,1,3.5,0
load,17.9,603,0.96,1,0,24.1,14,0,1,0.9,0
load,54.4,17786,7.46,0,0,0.1,15,0,1,3.3,0
dbt_model,36.7,88711,0.48,0,0,26.3,10,6,0,4.0,0
quality_check,36.8,46278,1.34,0,0,25.9,3,6,0,3.6,0
dbt_model,28.8,56429,0.08,0,0,-19.1,8,4,0,2.3,0
dbt_model,30.7,300576,0.0,0,0,-8.8,18,2,0,10.5,0
extract,42.5,66922,3.42,0,0,-7.5,23,4,0,3.5,0
dbt_model,19.4,130386,0.18,0,0,5.6,15,1,2,2.2,0
dbt_model,19.3,8076,2.84,0,0,13.1,18,6,1,4.5,0
load,27.0,6294,1.76,0,0,2.6,4,2,1,1.7,0
extract,48.9,480499,0.61,0,1,-9.9,18,2,0,6.1,1
quality_check,29.2,42678,3.09,0,0,29.7,9,6,1,0.7,0
load,34.3,13397,2.23,1,0,-7.9,16,6,0,0.3,1
load,30.8,13437,0.05,0,0,13.4,15,4,0,0.8,0
dbt_model,42.1,12853,0.56,0,0,-0.7,18,0,1,0.3,0
extract,16.0,11680,0.47,0,0,-1.2,17,0,0,4.1,0
dbt_model,35.3,4660,0.24,0,0,12.1,15,3,0,5.5,0
load,26.3,3292,0.06,0,0,27.8,10,1,0,0.1,0
load,40.0,26582,1.7,0,0,5.5,19,1,0,2.8,0
dbt_model,23.2,14063,2.29,1,0,-8.8,17,5,1,4.1,0
extract,35.5,213513,0.25,0,0,26.6,3,2,2,1.0,0
extract,32.1,58042,0.62,0,0,8.9,6,5,0,2.6,0
dbt_model,24.0,55520,3.23,0,0,3.1,6,4,0,1.1,0
dbt_model,18.7,11059,1.07,1,0,18.5,7,0,0,0.5,1
extract,26.7,29922,0.19,0,0,5.8,16,0,2,2.6,0
quality_check,34.4,64705,1.3,0,0,44.2,0,2,1,3.0,0
dbt_model,27.4,114223,0.13,0,0,0.0,6,0,0,12.1,1
extract,29.0,31249,1.2,0,0,20.7,11,0,2,1.0,0
extract,18.3,204147,0.32,0,0,8.0,4,3,0,0.9,0
dbt_model,28.9,36782,0.13,0,0,7.9,4,0,0,4.8,1
quality_check,43.7,129127,0.8,0,0,-6.5,10,6,0,0.6,0
quality_check,37.2,16584,1.06,0,0,-6.4,14,0,0,3.5,0
dbt_model,26.4,1997,0.12,1,0,8.9,8,6,0,2.1,0
dbt_model,35.2,55791,0.8,0,0,-15.6,23,3,1,0.2,0
load,26.8,115904,0.64,0,0,-10.4,10,3,0,1.8,0
dbt_model,48.5,91176,0.5,0,0,0.3,23,0,0,3.0,0
dbt_model,52.0,71360,1.98,0,0,22.3,13,5,1,1.2,1
dbt_model,32.8,20790,0.79,0,0,1.4,8,4,1,3.3,0
extract,53.3,9988,0.52,0,1,1.2,2,3,0,3.1,1
dbt_model,27.7,87795,0.12,0,0,-19.1,17,2,2,1.1,1
dbt_model,22.2,71848,0.05,0,0,30.5,12,3,0,2.8,0
load,24.3,14802,1.57,0,0,19.9,23,2,0,1.0,0
quality_check,33.3,214288,0.48,0,0,22.0,23,6,1,3.6,0
quality_check,50.6,8843,1.99,1,0,-26.1,12,6,0,1.4,1
dbt_model,28.1,14276,0.02,0,0,6.3,5,3,0,0.9,0
extract,29.1,497962,3.33,0,0,-16.9,8,2,2,7.7,0
dbt_model,26.6,145762,0.7,0,0,13.9,1,5,0,7.8,0
load,41.5,20479,0.57,0,0,5.8,3,0,1,7.3,0
extract,42.0,57515,1.24,0,0,9.3,9,3,1,0.7,0
load,28.3,46521,0.72,0,0,-12.9,4,2,0,2.5,0
quality_check,7.7,448,10.05,0,0,-18.7,20,4,0,4.5,0
dbt_model,19.6,8515,0.82,0,0,-11.5,20,3,0,1.8,0
quality_check,47.6,33478,1.63,0,0,5.5,4,5,0,3.2,0
load,37.4,20525,0.5,0,0,-4.4,6,3,1,5.6,0
extract,33.5,53925,1.55,0,0,4.6,19,1,1,2.2,0
extract,52.2,221277,1.48,1,0,-18.4,6,3,0,5.1,0
dbt_model,49.0,21710,1.71,0,0,-0.1,6,5,0,1.9,0
load,29.0,6685,0.86,0,0,25.1,17,2,1,2.1,0
extract,33.0,61069,0.43,0,0,6.0,9,3,0,1.9,0
dbt_model,26.1,21534,0.13,0,0,7.1,20,3,0,5.1,0
extract,29.2,28290,3.11,0,0,7.3,12,3,0,0.8,0
dbt_model,18.1,22769,0.5,0,0,-9.2,5,6,0,0.6,0
dbt_model,25.1,1311838,0.26,0,0,29.4,3,6,2,7.3,0
extract,10.5,1007,0.17,0,0,6.4,16,2,0,0.2,0
quality_check,40.9,19509,0.51,0,0,3.2,10,4,2,6.9,0
load,18.2,36101,0.14,0,0,12.4,10,3,2,4.0,0
load,47.6,10406,0.2,0,0,16.9,16,4,0,2.2,0
extract,28.2,153233,1.21,0,1,-22.4,6,5,0,9.5,0
dbt_model,50.1,133413,0.33,0,0,1.0,23,5,0,2.2,0
dbt_model,28.8,33644,4.96,0,0,40.2,12,2,1,0.9,0
dbt_model,17.4,23550,1.18,0,0,29.8,20,6,0,7.2,0
extract,43.5,30359,1.31,0,0,-1.9,18,0,2,3.8,0
load,44.6,30709,0.42,0,0,13.1,14,4,0,1.5,0
quality_check,23.9,32035,0.28,0,0,-5.9,2,3,0,3.1,0
quality_check,28.7,26881,1.13,0,1,6.4,17,3,1,1.9,0
dbt_model,24.8,54389,2.36,0,0,-8.2,1,3,2,2.2,0
extract,33.2,121192,1.68,0,0,-8.6,17,4,0,1.8,0
load,29.8,5072,0.62,0,0,-10.7,21,6,1,0.1,0
dbt_model,26.2,6761,0.7,0,0,30.3,12,1,1,2.8,0
dbt_model,11.0,2213,0.11,0,0,-8.6,23,5,0,1.2,0
load,29.4,145253,1.61,0,0,20.6,15,6,0,0.9,0
extract,39.3,54204,0.85,1,0,-7.8,12,5,2,1.2,1
extract,31.8,81505,2.31,0,0,-9.8,12,4,2,1.7,0
extract,25.3,3687,0.33,0,0,7.0,3,2,1,1.3,0
extract,28.8,631540,1.26,0,0,-23.4,1,1,0,6.5,0
extract,25.1,13709,3.59,0,0,12.0,1,1,0,0.8,0
quality_check,45.4,47530,0.04,0,0,-2.5,21,2,0,2.7,0
dbt_model,24.4,142488,0.78,0,0,-9.9,3,3,1,3.3,0
load,36.0,7486,0.18,0,0,-13.8,15,1,2,7.5,0
quality_check,31.1,15151,1.87,0,0,35.5,6,2,1,6.0,0
load,34.9,48371,0.25,1,0,-0.6,9,1,0,0.9,0
dbt_model,33.6,3512915,1.47,0,0,-1.4,16,6,2,3.2,0
dbt_model,29.9,58794,1.47,0,0,15.7,20,3,1,3.7,0
load,36.7,474576,1.91,0,0,-15.1,2,0,1,5.8,0
dbt_model,30.9,249965,0.89,0,0,20.4,12,3,0,0.2,0
extract,36.2,65435,0.03,0,0,-0.6,3,3,1,2.7,0
quality_check,33.6,7459,0.02,0,0,-24.9,4,3,0,0.4,0
quality_check,54.7,197917,2.57,0,0,-9.5,17,2,1,2.5,0
load,30.6,3304,2.75,0,0,-19.7,0,3,0,1.1,0
load,19.5,470428,2.33,0,0,1.5,6,5,1,8.8,0
extract,43.3,50011,1.06,0,0,-14.3,13,5,1,5.7,1
quality_check,23.0,523,2.04,0,0,-16.3,5,4,0,2.8,0
load,49.4,21061,0.24,0,0,5.3,9,5,0,0.7,0
quality_check,47.3,103395,0.32,0,0,0.8,13,0,1,6.4,0
quality_check,27.0,24853,0.5,0,0,21.8,21,0,0,1.1,0
load,40.7,114006,1.6,0,0,21.0,1,4,2,4.6,0
dbt_model,24.5,9320,0.86,1,0,1.1,12,2,1,1.0,0
extract,28.6,4493,1.81,0,0,9.0,15,3,2,4.6,0
dbt_model,38.1,32392,0.57,0,0,-25.3,11,5,0,7.2,0
dbt_model,42.3,38196,1.78,0,0,12.5,0,4,1,0.8,0
extract,39.3,20797,1.45,0,0,7.4,18,3,0,2.2,0
extract,36.3,258762,2.67,0,0,17.2,5,0,0,7.8,0
quality_check,52.2,9317,0.56,0,0,-5.5,2,6,0,0.7,0
dbt_model,29.8,59937,1.35,0,0,-5.4,10,3,2,1.4,1
dbt_model,18.0,40487,2.77,0,0,-5.2,4,2,0,7.3,0
quality_check,15.2,3008,2.22,0,1,25.8,15,3,0,7.1,0
dbt_model,41.8,4400,0.1,0,0,5.1,12,6,0,3.5,0
dbt_model,31.6,37014,2.12,0,0,-26.9,4,1,1,2.8,0
extract,39.2,864511,2.66,0,0,11.6,22,0,1,2.4,1
load,29.0,91750,0.49,0,0,-8.3,21,4,0,12.6,0
dbt_model,23.4,2296,0.91,0,0,19.5,7,5,1,0.2,0
extract,16.5,250,0.55,1,0,9.7,22,6,2,0.2,1
quality_check,38.5,117346,1.58,0,0,22.3,7,5,0,8.9,1
quality_check,31.1,31134,3.17,0,0,18.7,11,0,0,1.5,0
extract,39.3,225488,0.64,0,0,16.9,13,4,2,0.1,0
dbt_model,32.8,8873,0.93,0,0,20.4,6,1,0,0.3,1
extract,29.4,63598,0.18,0,0,14.7,14,0,2,6.3,0
dbt_model,21.5,140628,0.76,1,0,-12.5,2,2,1,0.5,0
extract,17.1,17748,0.43,0,0,-20.6,14,6,0,1.1,0
quality_check,58.3,18366,0.72,1,0,-14.9,22,3,0,1.7,1
dbt_model,45.6,37813,1.58,0,0,13.2,7,1,0,10.2,1
load,45.8,86533,1.92,0,0,-40.0,3,5,0,2.9,0
quality_check,26.1,35492,0.13,0,0,-0.3,13,6,1,1.2,1
dbt_model,35.0,172541,2.4,0,0,-4.8,7,4,1,1.0,0
dbt_model,23.6,17342,0.14,0,0,22.0,17,2,0,1.6,0
extract,16.7,4335,1.17,0,0,-2.1,7,3,0,5.0,0
extract,32.4,858687,2.0,0,0,-6.6,1,2,1,4.3,0
dbt_model,42.5,13802,1.01,1,1,23.7,6,6,0,2.1,0
extract,38.2,14625,2.27,1,0,-1.7,19,1,0,1.7,0
extract,23.3,32686,0.41,1,0,-4.6,0,2,1,3.1,1
dbt_model,29.6,40436,2.23,0,0,-8.8,21,0,1,9.1,1
load,37.9,19561,0.73,0,0,5.1,4,5,2,1.8,0
dbt_model,27.1,35316,1.13,0,0,-6.0,6,2,2,1.0,0
quality_check,32.8,34077,2.22,0,0,-5.9,17,5,0,3.4,0
dbt_model,36.3,48036,0.44,1,0,26.1,22,1,0,0.4,0
dbt_model,29.2,835,1.56,0,0,0.9,4,0,0,0.0,0
dbt_model,39.8,736306,0.36,0,0,-8.1,21,3,2,0.2,0
extract,25.9,28690,1.0,0,0,-17.9,18,0,0,2.4,0
quality_check,28.9,91949,0.59,0,0,3.6,0,4,0,1.2,0
dbt_model,18.2,4003,0.44,0,0,-10.1,9,6,2,1.5,0
dbt_model,16.9,17092,3.14,0,0,-6.6,6,6,2,0.3,1
load,29.3,12385,0.61,0,0,-15.3,1,2,0,0.0,0
dbt_model,43.7,381382,0.42,0,0,3.5,22,1,1,3.6,0
dbt_model,18.2,14224,0.14,0,0,-23.5,19,4,0,0.7,0
dbt_model,36.8,122140,2.53,0,0,7.4,20,0,1,4.6,0
quality_check,37.5,12827,1.29,0,0,-9.8,15,0,2,2.9,0
dbt_model,14.5,17602,1.28,0,0,12.9,17,3,0,0.7,0
dbt_model,29.1,24516,0.05,0,0,8.7,14,5,1,0.7,0
load,50.6,283268,0.14,0,1,1.9,1,5,0,3.8,1
dbt_model,32.0,1765,2.3,1,0,15.2,3,2,1,1.7,1
dbt_model,11.7,4424,0.36,0,0,28.0,21,0,0,1.2,0
extract,32.8,1610,0.19,0,0,22.8,14,4,1,1.9,1
dbt_model,22.5,6374,0.14,0,0,-23.6,7,5,1,8.8,0
load,36.2,9911,0.82,0,0,-10.9,19,0,0,8.8,0
dbt_model,21.5,2743,0.35,0,0,-8.7,12,2,0,2.3,0
dbt_model,29.7,11218,1.2,0,0,11.5,23,0,0,1.8,0
dbt_model,21.8,1445,1.94,0,0,-9.4,11,3,2,4.2,0
dbt_model,29.4,7123,2.91,0,0,-10.1,16,5,1,3.4,0
dbt_model,30.5,247873,0.72,0,0,-13.2,23,3,0,0.1,0
quality_check,31.4,69268,0.38,0,0,5.4,10,3,0,4.1,0
dbt_model,22.2,49018,0.95,0,0,11.4,22,1,0,3.0,0
dbt_model,33.9,7299,0.87,0,0,-21.8,19,5,0,3.0,0
dbt_model,29.5,3109,3.22,0,0,-9.3,0,5,0,0.6,0
load,14.5,5868,1.91,0,0,-34.1,1,1,2,0.0,0
extract,41.1,33889,0.26,0,0,-43.1,2,5,0,6.3,0
extract,33.1,145667,2.22,0,0,8.7,10,2,1,2.8,0
dbt_model,36.2,153858,0.33,0,0,5.7,19,6,0,3.1,0
dbt_model,40.9,99606,1.5,0,0,3.1,17,5,1,8.2,1
quality_check,33.1,11157,1.15,0,0,28.6,17,5,0,1.0,0
dbt_model,42.8,37770,1.2,0,0,-30.2,8,4,1,4.7,0
load,28.7,21717,0.21,0,0,-37.4,1,2,0,2.8,0
dbt_model,41.0,26320,0.66,0,0,-20.2,1,4,0,10.5,0
extract,39.0,945438,0.92,0,0,-38.2,3,4,1,11.4,0
extract,31.9,2166,1.59,0,0,-11.0,2,1,0,1.5,0
load,35.2,24947,2.49,0,0,10.5,22,3,0,4.7,0
extract,46.8,252407,0.06,0,0,5.3,4,3,0,10.8,0
load,34.7,3479,0.23,0,0,18.5,7,6,0,1.3,1
dbt_model,26.5,12964,0.61,0,0,6.7,19,5,0,0.2,0
extract,25.0,15576,0.21,0,0,-7.3,4,5,0,4.0,0
dbt_model,31.2,25405,1.91,0,1,-9.5,17,1,1,4.0,0
dbt_model,21.0,2825,2.62,0,1,7.9,11,4,0,8.0,1
dbt_model,24.4,94132,2.15,0,0,-27.5,18,2,0,2.6,0
quality_check,14.9,105457,0.23,0,1,-57.2,7,1,0,2.7,1
dbt_model,19.7,81911,1.01,0,0,7.0,21,0,0,2.3,0
dbt_model,47.7,9021,1.16,0,0,4.2,17,3,0,0.8,0
dbt_model,26.6,41706,0.69,0,0,28.2,7,6,2,1.3,0
load,46.9,8611,0.37,0,0,12.5,15,4,1,0.8,1
dbt_model,34.9,21329,1.17,0,0,5.6,17,6,0,3.7,0
extract,37.8,1138871,0.43,0,0,-5.6,23,4,0,4.0,0
dbt_model,19.0,42324,0.11,0,0,-14.6,8,0,0,0.7,0
load,29.0,5431,0.84,0,0,-5.0,23,5,0,8.5,1
dbt_model,49.8,48462,2.22,0,0,17.2,18,5,1,0.7,0
load,42.5,4176,0.04,0,0,8.3,10,5,0,2.9,0
dbt_model,31.4,5332,1.95,0,0,16.8,16,3,0,5.0,0
dbt_model,19.0,6865,0.85,0,0,1.9,13,3,1,5.1,0
dbt_model,22.4,17838,0.88,0,0,-16.2,23,6,2,3.0,1
load,27.2,162616,2.16,0,0,20.9,1,6,0,9.6,0
extract,45.4,91622,0.02,1,0,19.3,18,3,0,4.9,0
dbt_model,48.4,83850,0.08,0,0,3.3,19,5,1,3.4,0
dbt_model,30.9,6258,0.34,0,0,10.0,0,1,1,5.2,0
dbt_model,28.0,15273,1.6,0,0,9.0,12,4,1,6.1,0
dbt_model,46.9,56117,0.66,0,0,-8.4,16,5,0,3.8,1
extract,21.7,13288,2.28,0,0,-4.7,20,6,2,0.4,0
dbt_model,31.9,23262,1.14,0,0,-16.4,2,6,0,0.6,0
extract,37.6,73583,1.63,1,0,-4.7,6,1,2,0.3,0
dbt_model,23.5,20784,5.99,0,0,18.6,13,3,0,8.0,0
dbt_model,27.1,52140,0.61,0,0,15.1,15,3,0,0.5,0
dbt_model,30.2,464336,1.5,0,0,10.1,3,2,0,9.8,0
dbt_model,44.5,27584,1.35,0,0,17.3,19,0,0,8.1,0
quality_check,52.7,239651,1.92,0,0,-6.6,11,5,2,8.1,1
dbt_model,34.8,88875,3.17,0,0,-21.1,9,5,0,3.3,0
dbt_model,25.7,3471,0.8,0,0,-2.8,19,0,0,1.1,0
dbt_model,23.8,6226,1.22,0,0,-1.4,12,2,1,1.2,0
dbt_model,29.9,9568,3.4,0,0,12.2,6,5,0,1.2,1
dbt_model,24.9,9248,1.32,0,0,9.2,10,1,1,1.3,0
dbt_model,31.1,31430,0.32,0,0,18.2,3,6,0,0.4,0
dbt_model,37.7,97093,1.72,0,0,-36.3,20,0,1,7.2,0
quality_check,32.1,270561,0.47,0,0,-14.4,7,2,0,1.2,0
dbt_model,31.4,59461,0.87,0,0,-1.6,8,6,0,0.5,0
dbt_model,29.3,17799,0.47,0,0,8.6,4,0,0,0.9,0
dbt_model,23.6,1297,4.01,0,0,37.7,8,3,1,5.1,0
dbt_model,28.5,40657,2.95,1,0,-17.6,4,0,1,0.1,0
dbt_model,39.2,37844,0.12,0,0,-12.8,1,1,0,5.1,0
dbt_model,16.8,48663,2.15,0,0,-7.6,16,6,1,1.7,0
dbt_model,52.3,1055984,1.61,0,0,-13.4,9,3,0,0.4,1
dbt_model,36.9,264330,0.19,0,0,-16.0,16,5,0,0.4,0
load,39.9,127528,0.24,0,0,0.8,5,6,0,1.3,0
dbt_model,36.1,7790,0.56,0,0,17.7,12,2,0,9.5,0
quality_check,24.4,15981,1.48,0,0,2.1,5,4,1,2.9,0
quality_check,23.7,31202,1.45,0,0,-15.5,6,6,0,2.9,0
dbt_model,20.8,10502,0.1,0,0,-3.5,23,3,2,1.5,0
load,31.4,80881,0.83,0,0,-18.7,12,6,0,2.2,0
extract,39.5,64283,0.51,0,0,17.7,0,0,0,3.3,0
load,24.0,6365,0.08,0,0,26.5,22,6,0,2.1,0
load,41.0,246448,1.8,0,0,-28.7,19,2,0,3.0,0
dbt_model,11.2,42774,0.07,0,0,4.1,9,3,0,5.9,0
quality_check,24.0,2283,2.16,0,0,-14.0,5,1,0,5.0,1
dbt_model,42.6,33451,1.61,0,0,1.1,10,5,0,4.5,0
dbt_model,31.5,56950,1.29,0,0,-1.5,18,1,1,0.1,0
quality_check,27.5,172209,0.76,0,0,-24.1,11,0,2,10.2,1
dbt_model,25.4,21163,3.3,0,0,21.8,4,0,0,2.2,0
dbt_model,7.3,136584,0.61,0,0,-2.7,4,1,0,0.3,0
dbt_model,23.7,48992,0.24,0,0,-8.5,23,4,2,1.8,0
load,38.1,4428,0.35,0,0,2.1,5,4,0,3.4,1
dbt_model,23.1,3773,0.02,0,0,-15.7,13,1,1,2.6,0
dbt_model,31.2,218839,2.54,0,0,-3.3,16,0,1,7.9,0
extract,14.6,246120,0.9,0,0,-33.1,3,1,1,4.0,0
extract,18.5,60879,4.49,0,0,-42.4,3,0,0,3.9,0
extract,47.1,397571,1.24,0,0,-17.5,7,2,0,7.3,0
extract,40.7,196924,1.86,0,1,-9.6,14,0,1,1.1,0
load,22.5,108424,1.18,0,0,-31.6,20,1,2,3.7,0
load,24.0,8449,2.39,0,0,-9.0,9,3,0,1.0,0
quality_check,36.8,579711,0.35,0,0,-9.6,6,2,0,1.7,0
extract,23.0,85654,0.2,0,0,-1.1,7,3,0,5.3,0
extract,13.1,19587,0.1,0,0,11.1,18,1,0,1.2,0
dbt_model,29.0,12466,1.69,0,0,30.8,13,6,1,0.7,0
dbt_model,38.1,54767,0.08,0,1,7.7,14,0,0,10.4,0
dbt_model,32.9,2505,1.47,0,0,-17.7,5,2,0,2.3,0
dbt_model,42.1,111243,3.24,0,0,12.0,15,1,2,1.4,1
dbt_model,15.6,7897,7.83,0,0,25.2,7,3,2,0.3,0
quality_check,33.8,65707,1.51,0,0,-20.2,21,3,2,3.7,0
dbt_model,28.4,15762,0.03,0,0,-19.2,12,5,1,4.4,0
extract,30.7,23787,0.05,0,0,-25.6,3,5,2,7.1,0
quality_check,28.2,10817,1.99,1,0,-10.2,15,5,0,2.4,0
load,25.8,28058,6.49,0,0,6.7,0,3,2,3.8,0
extract,10.3,746392,0.74,0,0,26.7,20,2,0,3.7,0
dbt_model,46.5,333065,1.24,0,0,16.1,9,4,2,0.4,0
quality_check,36.2,64033,0.43,0,0,6.9,19,5,0,3.7,0
quality_check,18.8,34875,1.32,0,0,0.8,22,1,2,13.0,0
load,38.8,140185,0.06,0,0,7.0,11,6,0,4.9,0
dbt_model,31.4,221450,0.86,0,0,8.1,2,3,2,1.0,0
dbt_model,26.2,9626,3.57,0,0,23.5,1,5,0,0.2,0
quality_check,25.1,32083,0.6,0,0,-0.4,7,0,1,5.9,0
extract,32.0,1968,0.31,0,0,4.7,4,2,2,1.9,1
dbt_model,28.2,219029,2.74,0,0,-7.4,17,2,0,5.2,0
dbt_model,28.1,988593,0.8,0,0,2.0,0,5,0,0.4,0
quality_check,42.6,41279,2.42,0,0,-4.6,17,1,0,5.9,0
extract,24.7,1211,1.32,0,0,-21.4,4,5,0,0.7,0
dbt_model,32.6,96203,0.41,0,0,15.7,3,5,0,2.9,0
dbt_model,36.0,8548,5.25,0,0,26.8,0,1,0,0.8,0
dbt_model,24.4,12564,0.24,0,0,-0.7,19,6,0,0.2,0
load,29.8,98965,1.88,0,0,6.0,17,4,0,1.4,1
extract,35.7,54572,1.72,0,0,15.5,21,3,0,4.4,0
load,17.0,16631,2.58,0,0,-2.6,13,0,0,2.9,0
dbt_model,32.4,12843,0.4,0,0,3.4,14,3,0,0.8,0
quality_check,25.8,44415,0.32,0,0,-3.9,0,1,2,5.4,0
dbt_model,38.8,18861,1.85,0,0,-9.9,0,2,0,3.7,0
dbt_model,34.1,6156,0.22,0,0,9.4,14,0,0,0.7,0
quality_check,35.0,21330,0.96,0,1,9.2,12,5,0,0.6,0
quality_check,18.7,62526,0.16,0,0,16.6,19,0,0,4.8,0
extract,30.8,27310,1.58,0,0,-0.1,13,3,1,0.4,0
quality_check,17.7,3783,0.53,0,0,-21.6,0,0,0,0.1,0
quality_check,34.7,176752,3.39,0,0,19.9,15,2,0,1.8,0
dbt_model,3.8,453,1.24,0,0,-13.2,3,6,1,0.3,0
load,17.1,17779,1.05,0,0,-13.5,21,1,0,6.7,0
dbt_model,41.2,13462,0.32,1,0,-9.6,11,1,1,10.4,1
dbt_model,36.0,46031,1.5,0,0,-31.4,10,6,1,0.1,0
extract,30.6,89202,0.83,0,0,-3.9,1,0,1,0.3,0
quality_check,27.2,220317,0.51,1,1,11.1,7,6,0,0.4,1
dbt_model,20.5,11616,1.41,0,0,-7.8,0,5,1,4.6,1
quality_check,35.7,92830,4.65,1,0,24.1,2,2,2,1.4,0
dbt_model,29.7,49677,0.46,1,0,23.0,13,4,1,3.1,1
dbt_model,41.4,2348,2.14,1,0,16.0,11,4,2,8.6,1
extract,35.9,759840,0.49,0,0,-34.8,13,4,1,5.0,0
quality_check,28.8,3633,0.99,0,0,25.8,19,1,2,1.1,0
extract,20.9,71054,0.24,0,0,-4.3,19,6,0,2.1,0
dbt_model,30.1,67774,0.97,0,0,30.2,21,3,0,8.5,0
load,34.6,56444,1.13,0,0,-10.9,1,4,1,1.3,0
load,27.5,16459,0.7,0,0,-2.5,1,5,0,0.9,0
load,30.2,136435,0.91,0,0,1.6,21,4,1,7.1,0
load,30.8,2991,1.52,0,0,-16.8,20,3,2,1.1,0
dbt_model,45.7,32685,0.64,1,0,-29.2,0,3,0,9.5,1
dbt_model,32.0,14732,0.41,0,0,-43.2,0,4,0,1.0,0
load,40.7,12287,2.99,0,0,53.2,7,3,1,0.6,0
quality_check,39.0,72113,0.46,0,0,-30.0,13,5,1,0.2,0
load,45.0,203610,0.73,0,0,-29.8,1,5,1,0.1,1
dbt_model,25.8,20968,1.34,0,0,10.3,10,4,0,3.2,0
extract,32.5,126638,0.28,0,0,-25.6,5,2,0,4.1,0
dbt_model,30.6,39323,3.8,0,0,-29.0,22,3,0,0.3,0
dbt_model,34.7,8704,3.47,0,0,-51.7,19,0,0,1.2,0
load,38.7,24035,3.93,0,0,5.3,12,1,0,7.6,0
dbt_model,32.5,22489,1.01,0,0,-19.3,3,2,1,3.4,0
dbt_model,38.2,11912,0.64,0,1,11.6,6,4,0,2.3,0
extract,28.4,72082,4.78,0,0,-1.4,4,2,0,1.5,0
load,40.9,52861,1.56,0,0,1.5,20,0,0,1.7,0
quality_check,37.0,2849,0.42,0,0,-8.2,14,1,0,0.9,0
extract,33.7,2585,1.82,0,1,-5.0,8,1,0,2.2,0
dbt_model,34.6,71646,0.24,0,0,-16.1,0,4,0,1.8,0
dbt_model,36.4,9853,0.11,0,0,-14.4,19,6,2,0.7,0
dbt_model,25.0,58880,4.51,0,0,-19.7,14,5,1,0.3,0
load,36.2,126688,0.02,0,1,27.3,5,3,0,2.1,0
extract,31.4,4752,0.16,0,0,-7.1,21,1,0,0.5,0
dbt_model,16.4,3795,0.2,0,0,-40.8,18,6,1,11.7,0
dbt_model,41.2,529183,0.14,0,0,4.7,1,3,0,0.9,0
dbt_model,22.0,63736,4.01,0,0,-14.5,0,5,0,0.9,0
load,27.2,18568,1.24,0,0,-0.8,0,2,2,0.8,0
load,30.0,8149,2.78,0,0,-4.9,6,2,0,2.4,0
extract,24.2,16047,2.04,0,0,26.8,9,3,0,7.1,0
dbt_model,29.7,5405,0.77,0,0,-6.9,22,4,1,6.9,0
dbt_model,35.3,149262,3.22,0,0,14.7,20,0,2,2.8,0
dbt_model,22.7,10479,0.3,0,0,12.8,23,2,1,7.3,0
dbt_model,40.4,208909,3.12,0,0,-24.6,22,6,2,8.1,1
dbt_model,24.2,19129,0.56,0,0,3.4,0,4,1,1.1,0
dbt_model,49.9,6840,0.21,0,0,-13.6,19,0,1,4.1,0
load,30.1,18359,1.64,0,0,-21.8,22,4,0,0.1,1
dbt_model,14.4,545,6.46,0,0,-21.7,15,5,1,4.4,1
quality_check,23.0,29934,0.8,0,0,14.8,23,5,0,2.1,0
dbt_model,42.1,27661,0.16,1,0,47.6,10,1,1,3.4,0
extract,30.9,135888,0.15,0,0,-14.5,18,1,0,2.7,0
extract,14.7,1775,0.72,0,0,3.9,18,5,0,1.8,0
dbt_model,43.2,233044,2.89,0,0,5.6,5,6,1,1.1,0
dbt_model,30.8,134990,1.59,0,0,-9.5,18,1,0,2.3,0
load,41.6,269216,1.8,0,1,25.3,11,1,0,14.4,1
load,40.5,33377,2.97,0,0,39.5,4,5,0,2.6,0
load,37.5,183916,1.1,0,0,-10.8,2,5,0,4.7,0
dbt_model,49.7,3449,1.94,0,0,31.2,17,6,0,3.7,0
dbt_model,18.7,113649,0.59,0,0,-9.8,19,4,0,0.8,0
dbt_model,22.7,10573,0.29,0,0,-17.5,19,6,0,4.3,0
dbt_model,25.3,2585,3.28,0,0,-2.5,23,5,0,4.9,0
quality_check,49.5,6011,0.57,0,0,15.6,21,6,0,2.3,0
quality_check,48.4,36638,5.16,0,0,-1.9,4,5,1,1.9,1
quality_check,41.5,9712,0.63,0,0,13.3,17,2,0,1.4,0
dbt_model,26.1,66284,0.62,0,0,4.1,5,0,0,1.0,0
extract,21.1,2011,1.69,0,0,24.4,17,3,0,2.7,0
quality_check,18.9,1207,1.42,1,0,9.6,10,1,0,1.0,0
dbt_model,29.0,326380,0.07,0,0,27.5,21,6,2,4.3,0
quality_check,48.2,154211,0.68,0,1,-15.4,2,2,1,5.2,1
dbt_model,27.1,6775,2.48,0,0,-3.7,4,6,0,1.2,0
load,31.2,36141,0.21,0,0,-0.0,14,2,2,0.5,0
dbt_model,42.0,185574,1.21,0,0,-15.4,13,3,1,4.3,0
load,18.4,71020,0.95,0,0,-18.1,20,4,1,0.4,0
load,33.1,46034,0.13,0,0,6.9,21,2,0,0.5,0
dbt_model,25.4,209451,1.73,0,0,12.0,6,4,0,0.0,0
dbt_model,27.6,11280,1.86,0,0,2.0,15,0,0,4.5,0
dbt_model,27.0,38173,0.43,0,0,19.1,18,4,1,3.2,0
quality_check,26.4,35293,1.17,0,0,-19.9,22,2,0,2.5,0
quality_check,33.5,23472,0.02,0,0,-7.0,8,1,1,3.2,0
load,33.1,19463,1.39,0,0,-21.2,1,3,0,4.9,0
dbt_model,30.5,40806,1.35,0,0,2.5,8,0,1,4.1,0
dbt_model,35.7,38370,0.11,0,0,8.8,5,5,0,1.0,0
dbt_model,21.5,6785,0.94,0,0,24.2,1,6,0,2.6,0
load,40.6,130989,0.32,0,0,-21.2,5,2,0,2.4,0
dbt_model,27.7,7614,2.0,0,0,6.7,4,2,1,3.3,0
dbt_model,27.3,25612,1.11,1,0,25.9,1,2,0,1.1,0
extract,24.3,22641,1.32,0,0,-18.0,18,5,0,5.8,0
load,31.1,64406,0.08,0,0,-22.3,14,0,1,4.5,0
dbt_model,43.2,1223,0.37,0,0,-26.5,3,0,0,1.9,0
dbt_model,34.1,151063,2.36,0,0,11.2,9,0,0,1.1,0
dbt_model,20.1,12293,0.52,0,0,-13.1,20,4,0,2.5,0
dbt_model,43.9,255746,3.72,0,0,8.6,5,5,0,1.4,0
load,26.7,16897,1.6,0,0,-3.9,5,4,0,2.0,0
dbt_model,34.7,33585,2.3,0,0,32.4,17,1,2,2.5,0
dbt_model,32.1,776116,1.01,0,0,14.2,9,2,0,5.1,0
extract,43.0,23301,0.93,0,0,-14.5,16,6,0,6.2,0
extract,30.4,263592,0.03,0,0,-5.4,4,5,0,4.7,0
dbt_model,44.9,38656,0.05,0,0,14.2,0,0,1,0.8,0
load,24.0,70591,3.67,0,0,-19.2,12,1,0,3.9,0
load,29.8,40616,0.54,0,0,21.3,10,5,0,3.6,0
dbt_model,47.2,141006,0.89,0,0,-4.5,20,4,0,4.2,0
dbt_model,31.8,12126,1.41,0,0,14.6,17,0,1,5.6,0
dbt_model,49.9,7521,0.06,0,0,-3.5,8,1,1,6.4,0
dbt_model,28.0,13072,1.61,0,0,-9.4,2,4,0,0.5,0
extract,34.8,42596,0.3,0,0,-12.4,13,5,0,5.7,0
dbt_model,48.8,25506,0.96,0,0,31.2,19,5,1,2.1,0
dbt_model,20.6,113146,0.96,0,0,-5.3,7,0,2,0.8,0
dbt_model,21.1,292895,0.13,0,0,55.5,14,1,0,2.6,0
dbt_model,22.4,7620,0.45,0,0,2.7,0,3,0,5.5,0
extract,37.5,11222,1.05,0,0,-15.3,17,3,1,1.6,0
dbt_model,13.8,3648,1.26,0,0,-28.5,20,6,1,2.9,0
load,43.3,935275,0.94,0,0,22.2,6,5,0,3.7,0
quality_check,37.8,59128,0.56,0,0,-3.5,16,1,1,0.3,0
dbt_model,51.7,78251,3.91,0,0,14.8,17,1,0,1.0,0
dbt_model,37.9,4254,0.07,0,0,41.8,5,0,0,4.3,0
dbt_model,35.5,36247,0.61,0,0,12.0,4,3,0,1.7,0
extract,45.9,82026,0.54,0,0,6.1,9,1,1,0.1,0
dbt_model,36.4,24235,0.27,0,0,22.1,20,3,0,2.0,0
dbt_model,31.1,203034,1.65,0,0,14.5,8,4,1,0.8,0
extract,28.4,1467293,1.81,0,0,-22.7,4,5,0,0.3,0
dbt_model,24.5,7980,2.33,0,0,24.0,6,3,0,0.6,0
dbt_model,29.0,7077,0.79,0,0,-0.8,6,2,1,0.4,0
dbt_model,31.4,8915,0.15,0,0,27.7,12,5,1,1.1,0
quality_check,17.5,474453,3.36,1,0,9.1,16,4,1,3.5,1
dbt_model,33.2,192484,1.2,0,1,21.4,6,4,0,1.8,0
dbt_model,32.1,29235,0.65,0,0,-4.0,8,6,0,1.8,0
quality_check,37.3,38503,2.15,0,0,-27.3,11,6,0,0.0,0
load,44.6,9833,0.07,0,0,10.1,7,4,1,0.1,0
quality_check,36.4,150850,3.64,0,1,17.6,10,1,0,5.0,0
dbt_model,23.0,19774,0.75,0,0,-10.0,1,0,2,5.8,0
load,15.2,23953,0.21,0,0,-3.7,9,4,2,0.8,0
dbt_model,40.1,96188,1.83,0,0,-39.9,19,1,1,8.4,1
load,23.9,26881,2.89,0,0,-2.8,10,6,2,1.6,0
quality_check,39.4,24935,0.22,0,0,-22.5,11,2,1,3.6,0
dbt_model,44.8,36935,1.47,0,0,9.3,14,1,0,5.6,0
load,20.6,129646,4.01,0,0,6.0,9,2,2,0.7,0
dbt_model,41.8,506049,3.67,0,0,0.3,10,4,1,2.8,0
quality_check,45.5,92667,0.33,0,0,23.8,5,2,2,4.1,1
dbt_model,43.6,131308,0.45,0,0,4.3,18,0,0,3.4,0
load,12.8,26376,0.19,0,0,3.5,13,3,0,0.3,0
dbt_model,22.6,11702,0.35,0,0,5.8,0,3,0,1.5,0
quality_check,22.5,103401,0.63,0,0,-10.5,13,6,1,1.2,0
dbt_model,37.4,47761,0.2,0,1,17.8,8,0,1,3.6,0
load,32.0,3728,0.06,0,0,-16.5,0,5,0,1.0,1
extract,7.0,21484,0.47,0,0,7.6,12,2,0,1.6,0
extract,29.3,31804,2.47,1,0,21.9,2,0,0,1.2,0
dbt_model,38.0,16046,0.33,0,0,-18.5,4,0,2,0.6,0
quality_check,37.7,388783,1.33,0,0,-24.2,14,3,0,7.0,1
quality_check,34.9,78256,0.95,0,0,-18.8,12,4,2,3.1,0
dbt_model,32.8,326792,1.86,0,0,32.7,6,4,0,0.2,0
dbt_model,23.4,55352,0.22,0,0,-11.0,20,5,0,0.0,0
dbt_model,32.3,41366,0.03,0,0,-21.6,23,1,0,17.5,1
load,30.1,8114,2.02,0,0,6.6,2,4,2,9.2,0
dbt_model,37.8,37015,1.6,0,0,-49.0,5,0,1,0.2,0
dbt_model,38.5,37081,0.58,0,0,-17.2,0,3,2,1.0,0
load,29.2,4074,2.25,0,0,25.5,3,6,1,0.1,0
extract,40.6,15317,0.25,0,0,-17.2,8,4,2,4.4,0
load,28.0,21649,0.21,0,0,-4.7,1,5,1,1.7,0
extract,20.4,70373,0.44,0,0,5.3,22,0,1,3.7,0
dbt_model,37.8,75975,0.48,0,0,5.3,16,6,0,2.7,0
quality_check,31.8,14326,0.44,0,0,-9.6,1,2,1,1.2,0
quality_check,38.0,76894,1.05,0,0,9.8,6,5,0,11.5,0
load,20.4,27137,1.09,0,0,26.0,17,2,1,4.9,0
quality_check,40.4,368,0.13,0,0,-19.1,6,4,1,3.2,0
dbt_model,37.3,16721,0.38,0,1,-8.7,11,3,1,2.8,0
dbt_model,32.6,204103,1.87,0,0,-1.9,2,5,0,4.0,0
extract,19.1,2462,0.37,0,0,12.6,20,6,0,7.2,0
extract,42.2,43490,3.35,0,0,0.6,1,3,2,2.2,0
dbt_model,26.7,458822,0.43,0,0,-2.3,2,0,0,3.4,0
extract,50.5,10753,0.9,0,0,-27.9,5,1,1,2.4,0
dbt_model,26.7,36440,0.06,0,0,-20.4,8,2,2,0.6,0
quality_check,44.1,4507,4.75,0,0,3.5,9,0,0,3.0,0
load,35.1,490690,2.36,0,1,-9.2,16,3,0,4.0,0
dbt_model,46.2,31782,0.19,0,0,-6.2,15,4,0,8.2,0
load,25.8,39128,0.19,0,0,-1.1,0,3,0,0.8,0
load,36.2,317070,2.34,0,0,42.2,2,1,1,0.7,0
load,41.3,104648,2.91,0,0,-9.0,7,2,0,11.5,0
dbt_model,35.8,8946,1.02,0,0,25.0,8,5,0,1.1,0
dbt_model,40.3,12891,3.04,0,0,23.6,18,0,0,5.8,0
load,29.2,80168,0.37,0,0,14.5,23,3,0,0.0,0
dbt_model,31.3,13378,0.48,0,0,-15.3,6,5,1,8.9,0
dbt_model,37.6,1227,0.29,0,0,2.5,16,6,0,1.7,0
extract,25.7,33350,0.95,0,0,-7.0,6,3,0,0.5,0
quality_check,33.3,3400,0.6,0,1,36.3,23,2,1,0.9,0
dbt_model,34.8,482169,0.62,0,0,7.4,14,4,2,4.3,0
extract,34.6,48187,3.3,0,1,-3.8,1,2,1,2.9,0
dbt_model,30.5,8533,0.74,0,0,32.1,2,5,0,3.7,0
dbt_model,23.2,11874,0.82,0,0,-6.3,9,1,0,1.1,1
dbt_model,24.6,1766,0.68,0,0,9.9,10,2,0,0.5,0
quality_check,30.5,6253,0.36,0,0,12.6,5,2,1,1.7,0
dbt_model,34.1,184631,2.17,0,0,6.3,1,5,0,2.2,1
load,52.6,1290909,0.61,0,0,-1.9,22,3,1,0.9,0
dbt_model,43.3,116103,0.14,0,0,15.1,16,5,0,3.8,0
quality_check,34.6,31342,1.33,0,0,-11.3,21,0,1,1.7,0
dbt_model,24.2,18194,3.86,0,0,20.0,6,5,2,9.3,0
extract,22.2,7860,1.49,0,0,-5.1,13,5,0,9.6,0
extract,55.7,980311,0.75,0,0,24.1,15,0,2,0.2,0
dbt_model,22.6,26849,0.63,0,0,18.8,7,0,0,0.6,0
load,39.1,1071969,1.17,0,1,9.9,15,3,0,2.6,0
extract,39.4,337604,1.59,0,0,-1.6,13,6,1,8.4,0
dbt_model,24.6,2241,2.32,0,0,19.8,20,5,0,4.4,0
extract,21.4,12512,0.59,0,0,10.3,20,2,0,2.6,1
load,23.3,12450,0.2,0,0,-57.9,22,6,2,1.7,1
quality_check,27.1,31960,1.09,1,0,-14.7,13,3,2,0.2,1
quality_check,25.7,32974,0.91,0,0,3.0,1,4,0,1.0,0
quality_check,52.5,4386238,0.56,0,0,5.0,18,6,1,0.2,0
dbt_model,29.2,6479,0.17,0,1,12.7,9,1,0,0.2,1
quality_check,28.2,52383,1.23,0,0,27.9,16,5,0,2.5,0
extract,34.9,97383,0.24,0,0,10.6,16,2,1,0.0,0
load,38.2,36224,0.02,0,0,-37.5,2,1,0,0.4,0
quality_check,29.4,43316,0.75,0,0,3.6,4,2,2,0.1,0
quality_check,37.5,6824,1.09,0,0,21.9,18,2,0,13.1,0
dbt_model,21.1,43061,3.47,0,0,2.0,13,4,0,0.7,0
quality_check,44.2,82309,0.19,0,0,3.7,5,1,1,6.1,0
dbt_model,33.1,61338,1.58,0,0,-8.9,20,4,0,1.8,1
extract,33.4,90429,0.39,0,0,17.1,20,4,0,2.7,0
load,29.9,348074,3.36,0,0,-6.4,5,5,1,1.4,0
dbt_model,23.8,162615,2.11,0,0,10.7,7,4,2,2.1,0
extract,17.4,40703,0.07,0,0,7.7,4,4,1,0.3,0
dbt_model,22.1,5570,0.26,0,0,1.0,13,6,1,2.3,0
dbt_model,35.9,13904,0.05,0,0,8.7,18,4,0,1.8,0
load,23.0,25555,0.72,0,0,3.6,6,1,1,2.7,0
dbt_model,19.0,54380,0.76,0,0,23.0,0,5,1,1.2,0
extract,22.7,16893,1.17,0,0,12.2,0,0,0,0.5,0
load,26.2,8126,0.0,0,1,18.7,6,2,2,0.2,1
dbt_model,25.8,5425,2.83,0,0,-13.8,18,1,2,1.3,1
dbt_model,26.5,2586,1.4,0,0,-14.9,8,5,0,1.0,0
quality_check,40.9,24936,1.55,0,0,1.1,17,6,2,14.7,0
dbt_model,39.4,3458,0.67,0,0,13.5,21,2,0,1.6,0
extract,47.5,7325,1.89,0,1,9.6,22,6,2,8.1,1
quality_check,16.5,19336,1.0,0,0,-13.5,7,6,0,0.7,0
dbt_model,20.8,4283,1.91,0,0,14.1,13,2,1,6.6,0
quality_check,39.6,66676,2.9,0,0,-11.3,17,1,0,10.2,0
load,30.2,118700,2.28,0,0,12.1,4,3,0,4.7,0
dbt_model,38.5,15076,0.64,0,0,5.2,16,6,1,18.3,0
quality_check,32.9,18047,0.02,0,0,-4.1,4,5,0,1.5,0
dbt_model,47.9,85809,0.13,0,0,-9.6,13,5,1,9.5,0
dbt_model,39.6,11586,1.02,0,0,2.4,9,3,0,1.1,0
dbt_model,39.6,10379,4.41,0,0,1.5,9,2,0,8.5,0
load,31.9,246322,0.67,0,0,-18.8,7,6,2,3.1,0
dbt_model,33.8,149447,0.06,0,0,10.8,11,3,0,0.8,0
dbt_model,31.2,95080,1.26,0,0,20.8,9,5,2,2.8,0
quality_check,21.3,159696,0.59,1,0,15.5,6,5,0,0.1,0
load,40.0,1535,1.64,0,0,5.7,5,5,0,5.2,0
load,42.7,316835,0.08,0,0,-8.1,11,6,0,2.1,0
dbt_model,30.2,68002,0.15,1,0,2.3,23,4,0,1.7,1
quality_check,46.8,183001,3.31,0,0,-2.4,15,3,0,10.1,0
dbt_model,27.6,67471,0.19,0,0,2.2,2,1,1,2.8,0
dbt_model,15.8,39272,0.25,1,0,16.9,1,0,0,8.3,1
dbt_model,40.5,23376,0.52,0,0,-1.9,17,1,0,1.7,1
extract,21.8,65344,1.47,0,0,-33.1,13,6,0,0.7,0
dbt_model,29.6,22052,0.46,0,0,14.4,13,6,0,3.4,0
dbt_model,36.5,145597,1.72,1,0,7.1,8,3,0,1.3,0
load,31.3,2868,1.06,0,1,2.7,13,1,2,0.9,1
load,38.4,15267,1.11,0,0,-21.1,14,0,0,0.1,0
dbt_model,43.2,957151,0.27,0,1,-15.0,14,1,0,4.0,0
quality_check,35.4,13336,2.14,1,0,-12.9,22,1,0,7.0,0
extract,24.5,24787,0.16,0,1,-10.5,21,5,1,2.4,0
quality_check,32.4,8847,0.0,0,0,-8.8,20,5,0,4.6,0
dbt_model,19.6,62152,0.63,0,0,-21.3,16,0,1,4.4,0
dbt_model,44.3,11181,0.56,0,0,38.7,16,0,0,0.7,0
quality_check,19.1,26984,1.24,0,1,27.0,6,5,0,0.5,0
dbt_model,31.5,141235,0.07,0,0,5.0,20,0,1,1.3,0
quality_check,18.4,11872,0.09,0,0,-0.6,6,4,1,6.8,0
dbt_model,27.9,128255,1.37,0,0,32.9,2,3,0,5.7,0
load,34.6,135342,0.33,0,0,29.2,19,0,1,5.6,0
dbt_model,30.4,196404,2.87,0,0,-13.3,9,4,0,1.9,0
dbt_model,42.9,45472,0.86,0,0,4.5,11,1,2,0.5,0
quality_check,43.3,6491567,0.15,0,0,-3.3,15,1,1,3.4,0
dbt_model,31.0,196271,1.19,0,0,-4.8,16,2,2,0.9,0
dbt_model,31.9,61071,0.62,0,0,-3.0,1,6,1,0.6,0
extract,40.8,8942,3.11,0,0,-1.5,9,1,1,1.2,0
extract,40.2,31091,0.49,0,0,3.8,18,1,1,4.1,0
dbt_model,26.0,355799,0.52,0,0,3.9,17,1,0,2.2,0
dbt_model,30.9,559755,0.79,0,0,25.9,15,6,0,14.1,1
load,40.6,386669,0.82,0,0,-14.5,10,5,2,0.5,0
load,37.6,127555,0.11,0,0,17.4,8,6,1,5.9,0
quality_check,19.3,4870,1.66,1,0,-19.4,11,6,1,2.1,0
quality_check,40.3,79178,1.91,0,0,4.3,4,3,0,5.2,0
dbt_model,20.8,4982,0.21,1,0,18.8,22,1,0,1.6,1
extract,39.8,3361,2.39,0,0,10.2,4,2,0,0.2,0
dbt_model,37.7,53244,0.3,0,0,-5.7,11,4,1,1.8,0
dbt_model,23.5,83878,2.56,0,0,5.1,18,5,0,0.3,0
load,30.0,154107,0.58,0,0,29.7,5,3,0,3.0,0
dbt_model,28.7,80452,1.44,0,1,-10.7,23,0,1,0.6,0
dbt_model,35.2,85011,2.0,0,0,10.2,12,2,1,4.2,0
dbt_model,27.7,7514,0.15,0,0,17.4,3,3,2,6.9,0
extract,21.6,30700,0.07,0,0,-7.0,0,6,0,0.4,0
extract,15.5,3257,0.27,0,0,31.2,7,4,0,4.8,0
dbt_model,31.6,1472,1.39,1,0,37.3,6,0,0,2.7,0
extract,36.9,118780,0.96,0,0,19.7,1,3,2,0.5,0
extract,31.1,10883,0.5,0,0,19.7,14,6,1,4.8,0
dbt_model,37.1,146678,0.14,0,0,-31.1,12,2,2,9.4,0
dbt_model,29.8,213919,3.13,0,0,-23.8,1,2,0,1.0,0
dbt_model,32.2,13481,2.48,0,0,-1.5,19,0,0,1.0,0
extract,56.7,93386,0.24,0,0,-11.8,10,3,0,9.4,1
dbt_model,41.0,12608,1.84,0,0,11.3,14,1,0,2.2,0
dbt_model,24.5,1894,0.1,0,1,-51.3,14,6,0,0.4,0
load,27.9,44236,1.36,0,0,11.1,20,1,1,0.1,0
dbt_model,5.2,17096,1.11,1,0,-3.2,5,4,0,3.1,1
load,40.6,17959,8.25,0,0,-9.8,1,4,0,0.9,0
dbt_model,44.8,856448,1.08,1,0,34.3,5,5,0,4.2,0
dbt_model,23.1,3160,0.06,0,0,-5.5,16,2,1,1.4,0
dbt_model,20.4,67009,2.03,0,0,-29.1,16,0,0,0.3,0
load,19.1,7393,0.73,0,0,8.2,7,1,1,0.3,0
load,38.8,155316,0.7,0,0,6.9,23,3,1,0.2,0
load,32.3,58541,0.2,0,0,-3.1,16,2,2,0.5,0
quality_check,39.5,66632,0.01,0,1,42.3,7,2,0,1.1,0
dbt_model,30.4,8007,2.92,0,0,3.8,23,0,1,15.3,0
dbt_model,38.8,10668,0.15,0,0,18.3,4,2,2,5.1,0
load,38.1,160107,0.22,0,0,5.8,0,3,0,0.4,1
dbt_model,44.6,617402,4.16,0,0,22.9,23,1,0,2.3,0
dbt_model,14.8,78314,2.76,0,0,-6.0,10,5,0,0.4,1
load,18.6,8639,0.14,0,0,-19.1,20,4,0,2.8,0
dbt_model,29.9,62461,2.98,0,0,13.8,20,2,0,1.5,0
dbt_model,48.7,1765519,1.66,0,0,5.4,22,3,0,3.3,0
dbt_model,49.4,42782,0.36,0,0,14.3,18,5,0,1.0,0
dbt_model,34.8,376602,0.35,0,0,-11.1,1,0,0,8.2,0
load,24.7,11108,2.37,0,0,8.6,13,2,1,3.0,0
load,14.5,33950,0.64,0,0,-28.7,22,5,0,0.5,0
dbt_model,41.7,97861,1.98,0,0,-8.6,18,5,0,1.4,0
dbt_model,28.4,68577,2.19,0,0,-12.7,20,1,1,0.5,0
load,56.7,10654,0.49,0,0,8.9,18,4,0,8.5,0
quality_check,23.3,9944,2.24,0,0,-8.7,7,4,0,5.4,0
dbt_model,53.9,176531,7.88,0,0,-24.7,18,4,1,1.5,1
dbt_model,42.3,244380,0.1,0,0,-10.2,14,6,0,4.4,0
dbt_model,27.2,408166,0.19,0,0,10.8,13,1,1,0.3,1
dbt_model,39.3,651015,1.61,0,0,2.4,4,2,1,1.0,0
extract,39.6,45043,0.49,0,0,-13.4,2,3,1,0.9,0
dbt_model,29.3,22072,3.79,0,0,15.1,10,4,0,1.0,0
load,43.5,315396,1.99,0,0,28.2,5,4,0,0.6,0
dbt_model,41.6,113653,0.49,0,0,16.4,14,6,0,1.3,0
dbt_model,34.9,7540,0.9,0,0,-41.5,7,1,0,3.9,0
dbt_model,29.2,6947,0.84,0,0,4.3,2,4,0,2.3,0
dbt_model,23.0,79784,3.48,0,0,-2.6,0,1,2,1.4,0
extract,31.1,27346,4.38,0,0,-36.6,23,6,2,4.6,0
dbt_model,33.8,34811,0.19,0,0,-23.2,2,0,1,0.1,1
load,18.3,202006,1.37,0,0,14.4,22,0,0,10.6,0
extract,35.9,122327,0.39,0,0,3.3,13,6,1,0.9,0
dbt_model,35.1,304917,0.71,0,0,1.5,20,2,0,1.0,0
extract,15.2,1651,0.42,0,0,-11.7,21,2,0,1.1,1
dbt_model,29.9,54471,1.44,0,0,19.5,3,4,0,0.1,1
dbt_model,31.4,110359,0.15,0,0,-22.1,12,0,2,0.1,0
quality_check,45.4,3157,0.95,0,0,-16.0,16,3,1,2.2,0
dbt_model,32.4,12735,2.15,0,0,-5.7,15,2,1,8.3,0
quality_check,39.2,9463,0.54,0,0,-27.5,21,1,0,7.7,0
dbt_model,31.2,37598,1.88,0,0,-15.9,4,1,2,0.4,0
dbt_model,19.9,491180,0.96,0,0,19.1,3,2,0,9.4,0
load,43.9,923700,2.71,0,1,-15.2,20,3,0,1.6,0
dbt_model,24.1,9868,0.38,0,0,14.1,15,5,1,3.0,0
load,30.7,84329,1.11,0,0,11.4,22,1,2,3.8,0
load,24.3,88794,0.25,0,0,-3.0,4,5,1,5.4,1
dbt_model,34.0,67521,4.15,0,0,-25.5,1,1,2,0.2,0
quality_check,42.9,68759,0.24,0,0,1.1,16,4,1,2.4,1
dbt_model,41.5,59041,0.14,0,0,-38.0,18,2,0,4.8,1
quality_check,51.2,540425,0.24,0,0,-9.5,15,6,0,1.1,0
quality_check,50.9,211916,0.92,0,0,4.4,1,4,0,0.1,0
load,10.9,6659,2.17,0,0,15.7,20,3,2,0.3,1
dbt_model,23.7,129722,2.04,0,1,-2.7,6,0,0,4.8,0
quality_check,18.4,151417,1.79,0,0,-10.9,11,5,0,0.5,0
dbt_model,38.8,60110,1.85,0,0,-12.4,0,6,0,1.6,0
dbt_model,29.1,221965,1.0,0,0,-8.4,18,0,0,1.3,0
dbt_model,28.4,49065,0.22,0,0,11.2,19,3,1,3.2,0
dbt_model,30.8,50048,3.5,1,0,6.3,4,6,0,3.3,1
dbt_model,36.0,44089,3.0,0,0,-0.4,1,4,1,0.5,0
extract,13.3,1437,0.33,1,0,11.3,15,6,0,2.1,0
dbt_model,20.7,31931,1.49,0,0,0.0,13,5,0,5.2,0
dbt_model,30.4,12466,0.63,0,0,-24.0,21,6,0,0.1,0
dbt_model,39.7,5440,1.21,0,0,-20.0,7,2,2,10.6,0
load,36.0,360205,1.94,0,0,10.8,17,6,1,1.1,0
quality_check,26.5,81367,0.12,0,0,-24.7,20,1,0,0.3,0
dbt_model,12.8,34622,5.06,0,0,-6.9,21,5,0,1.9,0
load,39.2,14710,1.08,0,0,-2.1,2,3,0,3.4,0
dbt_model,26.4,58329,0.13,1,0,-18.6,15,0,0,4.2,0
extract,24.7,177424,1.52,1,0,-30.0,8,4,2,2.2,1
extract,14.5,9670,2.17,0,0,-21.1,13,6,2,5.7,0
load,19.3,36036,5.11,1,0,-32.6,16,6,0,3.5,1
load,26.0,145641,0.27,0,0,11.0,21,1,0,1.2,0
quality_check,24.7,1639,0.2,0,0,7.2,11,5,1,3.0,0
extract,21.2,33119,1.51,0,0,-13.7,7,6,0,2.1,0
dbt_model,32.7,18272,0.65,0,1,-24.6,4,6,1,0.9,0
extract,29.7,29315,0.44,0,0,21.0,17,3,2,1.2,0
extract,50.8,16275,1.14,0,0,7.9,8,6,2,6.4,0
dbt_model,17.3,45260,0.44,0,0,-11.2,16,1,1,6.2,0
dbt_model,39.0,788433,0.93,0,0,21.4,6,3,0,0.5,0
extract,32.9,21627,0.58,0,0,2.5,19,2,2,0.8,0
load,23.8,57915,0.07,0,0,5.7,16,2,0,1.8,0
dbt_model,38.6,883453,0.84,0,0,-18.8,11,1,0,4.1,0
dbt_model,37.6,15062,3.23,0,0,-27.3,23,4,0,3.3,0
dbt_model,38.2,662304,0.29,0,0,-28.3,11,5,0,0.7,1
quality_check,44.7,36626,1.07,0,0,37.5,12,5,0,0.1,0
dbt_model,17.6,628463,0.37,0,1,-14.9,0,5,0,6.2,0
extract,26.7,120610,0.31,0,0,1.2,15,0,0,0.3,0
extract,46.4,59359,0.91,0,0,8.3,22,2,0,8.5,0
load,40.3,32695,0.19,0,0,-0.4,13,4,0,5.6,0
extract,35.4,13380,0.38,1,0,-2.8,9,2,1,1.9,0
dbt_model,43.5,40997,2.72,0,0,-3.2,15,1,1,0.1,0
dbt_model,17.5,152630,0.23,1,0,8.6,13,1,0,0.1,1
quality_check,39.4,35561,0.21,0,0,-18.7,5,3,2,3.5,0
extract,40.9,21881,4.03,0,0,-7.9,4,2,0,0.7,0
load,25.6,24312,5.89,0,0,-41.5,21,4,0,5.7,0
quality_check,58.7,177719,1.18,0,0,-33.5,14,4,0,6.2,0
dbt_model,37.4,257882,0.1,0,0,-23.4,21,1,2,1.1,0
dbt_model,10.7,12488,0.56,0,0,15.4,8,4,0,2.4,0
load,33.8,12459,1.05,0,0,-4.9,22,4,2,7.6,0
dbt_model,26.8,66634,1.44,0,0,12.6,14,0,0,1.1,0
dbt_model,47.0,418340,0.98,0,0,6.9,20,5,1,1.8,0
dbt_model,40.4,227199,0.52,0,0,4.7,17,5,0,1.7,0
dbt_model,23.4,4900,0.86,0,0,-17.0,22,6,1,2.9,0
dbt_model,45.0,23800,1.52,0,0,1.3,14,6,0,0.1,0
extract,38.1,8192,0.1,0,0,4.6,18,1,0,15.4,0
extract,24.0,23670,0.65,0,0,39.6,0,5,0,10.5,0
dbt_model,35.3,473097,0.93,0,0,-6.2,12,6,0,2.1,0
extract,32.9,3728,0.02,0,0,13.2,19,0,1,2.8,1
dbt_model,24.5,2723,0.11,0,0,-2.2,19,4,0,9.3,0
load,26.9,9646,0.03,0,0,-12.6,13,5,0,1.6,0
extract,33.4,57509,2.65,0,0,15.7,22,0,0,2.4,0
extract,24.4,98047,0.61,0,0,34.0,5,0,1,1.2,0
extract,13.4,73124,0.22,0,0,4.7,19,2,1,1.5,0
dbt_model,37.7,238254,0.88,0,0,-12.3,7,0,0,13.1,0
dbt_model,9.4,2162,0.89,0,0,8.4,6,1,0,0.7,0
dbt_model,26.6,243126,0.27,0,0,5.0,19,1,0,0.1,0
extract,15.4,22040,0.69,0,0,39.9,19,1,0,2.9,0
dbt_model,19.4,117054,1.85,0,0,13.4,22,3,2,0.6,0
dbt_model,32.4,4370,1.03,0,0,-16.8,10,6,0,2.2,0
dbt_model,30.3,36604,2.01,0,0,22.9,19,5,0,2.7,0
dbt_model,30.6,52999,0.96,0,0,14.0,18,0,0,1.7,0
quality_check,23.6,230775,0.33,0,0,16.8,21,5,1,13.7,0
dbt_model,21.9,2874,1.22,0,0,8.0,7,5,1,0.5,0
load,35.7,38147,2.2,0,0,18.1,11,2,0,3.5,0
dbt_model,28.8,6397,0.19,0,0,7.9,16,2,0,2.8,0
dbt_model,41.0,81535,0.51,0,0,-4.6,10,3,1,1.4,0
dbt_model,43.1,125938,1.21,0,0,2.4,23,6,1,2.4,0
dbt_model,33.5,284780,1.3,0,0,-2.1,19,1,1,0.2,0
dbt_model,14.1,15428,1.17,0,0,6.1,0,3,0,7.1,0
dbt_model,28.0,160101,0.34,0,0,1.4,9,6,0,2.4,0
load,35.1,320437,6.01,0,0,-5.7,12,4,1,6.0,0
dbt_model,20.7,2619,1.06,1,0,-3.3,16,1,0,0.4,1
load,24.5,96737,3.67,0,0,-0.1,12,5,2,3.9,0
quality_check,35.5,168319,0.98,0,0,-32.1,14,1,2,0.7,0
dbt_model,53.4,24005,0.05,0,0,18.4,14,1,2,2.5,0
dbt_model,24.5,5233,1.76,0,0,6.3,3,6,1,4.0,1
quality_check,34.8,164181,0.53,0,0,-11.0,8,5,0,0.7,0
dbt_model,17.1,5328,2.58,1,0,10.6,7,1,1,0.2,0
dbt_model,42.9,27299,0.59,0,0,-9.1,8,5,0,0.7,0
load,40.0,34057,0.45,0,0,-9.1,5,1,2,1.8,0
dbt_model,41.5,114103,0.14,0,0,6.7,22,2,2,6.1,0
extract,42.7,13324,0.52,0,0,25.8,3,6,0,0.2,0
dbt_model,26.5,12144,0.81,0,0,5.0,7,2,1,0.9,0
dbt_model,29.8,42542,0.29,0,0,-14.0,10,0,1,0.2,0
load,50.4,181720,0.33,0,0,-6.3,14,6,1,0.8,0
quality_check,44.3,1411156,2.11,0,0,15.3,4,0,2,0.9,0
dbt_model,8.1,3255,1.97,0,0,7.3,16,6,0,0.5,0
extract,37.2,60147,0.18,0,0,17.3,1,3,2,1.3,0
dbt_model,24.0,6383,0.1,0,0,7.1,1,1,0,1.2,0
extract,43.2,185367,0.02,0,0,13.9,4,2,0,1.3,1
dbt_model,33.3,8089,1.49,1,0,36.2,5,0,1,5.3,0
extract,14.7,12339,0.61,0,0,-24.3,14,6,1,7.1,0
extract,33.0,14145,0.58,0,0,43.3,19,6,2,2.8,1
load,33.9,32147,0.96,0,0,16.9,19,5,0,4.2,0
extract,36.4,60907,2.11,0,0,47.2,4,1,1,3.3,0
extract,38.8,78741,0.21,0,0,-17.7,11,3,1,7.7,0
load,45.7,35981,0.66,0,0,6.9,4,4,0,2.5,0
dbt_model,32.3,4325,0.08,0,0,2.9,14,0,1,1.1,0
quality_check,34.5,116361,0.36,0,0,15.9,6,4,0,0.7,0
extract,42.4,33365,0.84,0,0,8.5,15,1,0,3.5,0
extract,55.7,232995,0.57,0,0,6.4,18,5,0,1.0,0
extract,38.5,11703,0.25,0,0,14.0,15,6,0,1.6,0
quality_check,29.6,2797,0.24,0,0,-1.9,0,2,1,1.6,0
dbt_model,36.0,34391,4.4,0,0,-9.3,23,1,0,1.4,0
dbt_model,38.1,288809,0.04,0,0,8.2,10,2,1,0.2,0
dbt_model,32.9,46981,1.24,0,0,-9.3,14,0,0,2.5,0
extract,51.2,26384,1.32,0,0,-2.3,16,1,2,6.2,1
dbt_model,23.1,9022,0.5,0,0,-25.9,13,1,0,4.7,0
dbt_model,47.5,604662,1.19,0,0,1.0,22,0,0,6.2,1
dbt_model,28.2,6992,2.35,0,0,-16.7,20,5,0,0.3,0
quality_check,16.9,11377,0.75,1,0,-0.6,15,3,0,0.1,1
load,32.1,90404,1.31,0,0,-19.5,14,6,0,1.0,0
dbt_model,22.2,1863,1.09,0,0,-0.3,8,2,0,5.5,0
extract,41.0,279105,0.2,0,0,16.2,10,1,0,6.8,0
dbt_model,34.8,98588,0.05,0,0,-10.7,0,3,0,12.0,0
load,25.5,153088,2.76,0,0,-16.8,17,1,1,3.1,0
dbt_model,47.0,88697,0.19,0,0,14.1,3,5,0,2.7,0
dbt_model,41.6,28062,1.33,0,0,16.4,5,5,1,1.0,0
dbt_model,43.6,6627,2.77,0,0,7.6,13,4,1,1.6,0
extract,34.0,29024,0.7,0,0,-8.4,16,1,0,2.3,0
load,29.2,7628,1.5,0,0,-11.3,0,5,1,6.8,0
quality_check,39.9,79051,0.74,0,0,-6.0,18,2,1,4.0,0
load,29.3,132038,1.31,1,0,-1.1,3,6,0,0.5,0
load,37.5,385730,1.21,0,0,-31.1,15,2,0,5.6,0
dbt_model,31.7,65829,0.86,1,1,-17.7,18,4,0,0.1,1
dbt_model,21.7,159423,0.05,1,0,22.5,4,2,0,4.1,0
dbt_model,32.6,22574,2.09,0,0,3.7,9,6,0,2.1,0
load,26.9,16894,0.1,0,0,22.1,12,0,0,6.7,0
dbt_model,31.4,77487,0.11,0,0,18.3,13,6,0,6.3,0
dbt_model,34.4,19567,0.18,0,0,-5.6,19,5,1,4.0,0
load,44.4,55865,0.53,0,0,-5.4,22,0,2,0.9,0
dbt_model,21.7,6648,0.02,0,0,17.4,9,1,0,3.9,0
load,26.8,8860,0.04,1,0,13.7,14,2,2,1.6,0
load,27.1,100373,0.76,0,0,17.8,22,2,0,2.5,0
extract,27.2,150047,3.44,0,0,-0.2,14,4,0,2.2,0
dbt_model,24.1,7502,3.89,0,0,2.6,1,4,2,3.8,0
quality_check,32.3,106189,0.62,0,0,-4.6,7,1,1,0.1,0
quality_check,36.0,15484,1.54,0,0,-1.0,15,5,1,1.1,0
extract,35.2,37287,1.23,0,0,-12.3,23,0,0,5.6,0
dbt_model,26.7,350498,1.08,0,0,-1.3,5,4,1,1.3,0
dbt_model,46.1,132187,4.18,0,0,-2.9,5,5,2,3.5,0
quality_check,43.0,129753,0.92,0,0,-8.3,15,2,0,3.4,0
extract,29.4,769937,1.72,0,0,14.2,2,2,1,2.3,0
dbt_model,41.3,11775,1.05,1,0,-25.4,22,0,0,1.8,0
dbt_model,32.4,7499,1.02,0,0,6.1,21,0,0,2.2,0
dbt_model,28.8,11436,1.83,0,0,-16.6,13,3,0,3.7,0
dbt_model,34.8,24168,1.14,0,0,-15.3,8,0,2,0.7,0
dbt_model,25.5,839,0.35,0,0,-13.7,10,3,0,3.5,0
dbt_model,36.6,26058,1.09,0,0,8.5,13,6,0,2.7,0
dbt_model,32.4,15194,1.53,0,0,-40.6,20,2,2,7.0,0
quality_check,31.4,127263,4.69,1,0,3.0,17,4,0,2.8,1
extract,15.0,63823,2.33,0,0,0.8,11,4,0,6.8,0
load,35.3,13889,0.95,0,0,-17.5,15,5,2,5.9,0
extract,30.5,93333,0.51,0,0,3.3,13,5,0,0.2,0
quality_check,41.3,115522,0.05,0,0,-21.8,2,4,2,8.8,0
dbt_model,34.4,10618,0.88,0,0,-0.8,7,0,0,2.1,0
dbt_model,27.7,16500,0.27,0,0,-22.5,4,5,1,6.4,0
extract,35.3,1032,0.75,0,0,36.9,13,5,1,0.7,0
quality_check,31.1,6341,1.65,0,0,15.5,23,2,0,11.5,0
extract,31.6,11070,2.36,0,0,4.4,17,4,0,7.8,1
dbt_model,31.2,40891,1.46,0,0,-17.2,15,5,0,2.6,0
quality_check,44.8,8001,6.35,0,0,-5.0,12,2,0,3.9,0
load,24.4,15970,1.51,0,1,-4.2,8,1,0,11.6,0
quality_check,25.9,5112,1.11,0,1,4.4,5,4,0,0.4,0
dbt_model,21.6,47752,0.27,0,0,7.2,21,2,0,2.0,0
quality_check,40.0,71764,1.74,0,0,4.0,0,4,1,4.7,0
quality_check,28.1,69132,0.02,0,0,6.2,21,2,0,1.8,0
dbt_model,28.0,37040,2.56,0,0,-3.1,5,5,1,1.3,0
extract,23.3,3084,4.3,0,0,6.2,19,1,0,1.1,0
load,31.1,13468,1.09,0,0,-11.5,20,2,1,0.6,1
extract,19.9,18926,3.05,0,0,-19.1,22,3,0,2.4,0
dbt_model,10.9,19048,0.74,0,0,33.3,23,4,1,0.7,0
dbt_model,36.6,40944,0.12,0,0,7.5,12,5,1,1.2,0
extract,17.2,355352,0.27,0,0,32.5,13,3,1,1.7,0
quality_check,42.2,133166,0.28,0,0,-4.9,0,6,0,1.5,0
extract,43.5,7479,1.77,0,0,43.4,19,2,0,0.1,0
quality_check,32.6,107521,0.9,0,0,1.4,13,5,0,3.1,0
quality_check,45.7,101162,1.38,0,0,20.6,1,0,1,0.1,0
extract,29.8,9999,2.52,0,0,0.6,8,3,0,6.8,0
dbt_model,49.0,141235,0.15,0,0,3.0,20,6,0,5.2,1
quality_check,27.7,28096,0.08,0,0,-2.1,9,6,0,2.1,0
dbt_model,7.0,3805,1.38,0,0,-8.9,6,0,2,0.1,0
extract,32.8,75231,0.28,1,0,17.6,6,2,0,1.4,1
load,48.2,51386,1.66,0,1,-0.2,4,4,0,3.2,1
dbt_model,36.4,25228,1.65,0,0,14.9,12,0,0,7.8,0
extract,27.5,34203,2.06,0,0,16.3,6,2,1,0.9,0
load,33.2,11492,2.21,0,0,25.5,14,6,1,5.6,0
extract,42.7,96394,2.23,0,0,7.6,11,5,0,0.9,0
dbt_model,31.3,33876,2.24,1,0,-27.2,15,3,0,5.6,0
load,56.3,47397,2.63,0,0,-5.8,14,3,0,1.7,0
dbt_model,28.6,64307,3.76,0,0,-0.5,1,2,1,1.0,0
dbt_model,38.1,5725,0.52,0,0,0.2,0,1,1,0.6,0
dbt_model,36.6,8683,3.61,0,0,23.7,7,4,0,2.3,0
extract,19.8,1057,1.32,0,0,20.5,8,1,0,1.1,0
dbt_model,30.0,89642,0.19,0,0,-2.6,10,5,1,13.4,0
load,38.0,5221,0.44,0,0,43.7,16,2,1,6.0,0
extract,33.9,44896,0.44,0,0,-6.3,23,5,1,4.2,0
load,36.3,65747,0.11,0,0,-4.8,18,3,0,2.9,0
dbt_model,19.2,95202,1.11,0,0,-19.7,8,6,2,14.3,0
dbt_model,34.8,5289,2.34,0,0,-28.1,5,4,1,0.1,0
extract,34.6,32719,0.17,0,0,-21.2,8,6,2,1.3,0
dbt_model,36.3,525680,4.9,0,0,18.2,5,5,0,0.2,0
dbt_model,40.3,564052,1.24,0,0,13.3,13,5,0,9.4,0
dbt_model,31.3,176260,0.98,0,0,-15.9,16,2,1,2.0,0
quality_check,27.9,62316,0.85,0,0,1.8,6,0,0,5.4,0
extract,27.3,7272,0.78,0,0,14.5,14,5,1,5.1,0
dbt_model,30.1,114667,0.25,1,0,-36.6,8,4,0,1.4,0
dbt_model,51.4,28202,1.56,0,0,31.9,11,1,1,17.4,1
extract,42.0,89040,0.55,0,0,18.9,5,0,1,1.3,0
dbt_model,21.8,13193,0.13,0,0,14.6,13,6,0,6.2,0
dbt_model,50.1,27537,2.84,0,0,21.6,2,3,1,0.5,0
dbt_model,28.8,47222,0.21,0,0,-36.7,11,0,0,1.6,0
load,33.2,53854,5.18,0,0,-3.9,10,6,0,0.5,0
load,41.7,80013,0.9,0,0,22.7,9,5,0,5.9,0
dbt_model,12.9,14375,0.3,0,0,-0.1,21,3,2,6.3,0
extract,26.4,4233,3.13,0,0,13.4,18,1,0,3.8,0
extract,31.6,488774,1.25,0,0,26.1,13,1,0,3.6,0
dbt_model,41.0,1948960,0.07,0,0,12.7,21,4,1,2.3,0
extract,36.8,74300,0.59,0,0,-4.6,15,1,0,0.2,0
dbt_model,27.9,4366,1.29,0,0,10.4,15,3,2,0.9,0
load,29.0,10539,1.85,0,0,-30.1,11,0,0,3.5,0
load,43.2,82009,2.52,0,0,8.8,6,4,1,0.1,0
load,38.7,310452,0.11,0,1,13.5,7,2,1,8.2,0
dbt_model,29.2,5215,0.95,1,0,2.7,23,6,2,0.9,1
dbt_model,33.2,29764,3.56,0,0,20.9,16,4,2,0.1,0
dbt_model,49.3,49686,0.8,0,0,5.0,2,4,2,2.0,0
dbt_model,36.2,144831,0.26,0,0,2.6,5,3,1,0.2,0
dbt_model,26.7,20957,3.27,0,0,33.0,22,1,0,2.8,0
dbt_model,10.7,2974,1.62,0,0,-17.2,5,5,0,36.5,0
dbt_model,21.1,98117,2.08,0,0,25.1,13,2,0,0.5,0
quality_check,31.2,219624,1.39,0,0,23.6,8,1,2,0.8,0
quality_check,31.0,31820,0.47,0,0,15.2,17,0,0,2.2,0
dbt_model,28.4,69451,1.27,0,1,-7.3,20,3,0,2.3,1
quality_check,34.1,16997,0.26,0,0,6.2,10,2,0,2.7,0
quality_check,24.8,9384,0.97,0,0,-14.5,0,0,0,0.5,0
dbt_model,26.9,187640,1.16,1,0,-10.1,8,2,0,2.9,0
dbt_model,38.8,67507,0.19,0,0,2.4,0,6,1,3.3,0
quality_check,45.9,79585,0.16,0,0,-15.9,5,4,0,1.8,1
quality_check,26.5,401669,0.36,0,0,-4.2,9,0,1,7.0,1
load,31.5,6716,0.32,0,0,-19.8,2,6,0,1.9,0
extract,13.6,15014,1.57,0,0,11.8,0,6,1,6.0,0
dbt_model,19.4,46755,1.16,0,0,29.4,7,1,0,2.4,0
load,25.4,14722,0.31,0,0,39.5,0,3,0,1.3,0
dbt_model,44.6,127136,0.47,0,0,-18.6,6,5,0,12.7,0
load,24.7,26907,0.81,0,0,-15.4,2,3,1,10.5,0
extract,22.1,7420,0.05,0,1,-0.9,12,6,0,2.4,0
extract,32.7,40345,1.8,0,0,14.8,19,3,2,5.0,0
quality_check,33.0,47693,0.3,0,0,-1.7,20,4,1,7.9,0
dbt_model,27.8,162022,0.25,0,0,19.4,14,5,2,0.5,0
dbt_model,51.2,68119,0.89,0,0,11.6,2,4,0,0.1,0
dbt_model,31.1,75950,0.71,0,0,-29.8,1,0,2,4.1,0
dbt_model,34.2,60625,1.16,0,0,3.0,17,5,1,0.1,0
load,28.1,26872,3.62,0,0,-20.3,17,0,1,2.5,0
extract,34.2,11545,0.53,0,0,-8.1,6,2,0,1.2,0
quality_check,44.2,57649,2.85,0,0,-5.4,23,0,1,3.1,0
load,46.3,21311,0.16,0,0,15.4,15,6,1,4.8,0
dbt_model,30.1,542376,4.57,0,0,1.5,10,4,1,0.8,0
dbt_model,45.9,310982,0.06,0,0,-6.4,15,2,0,0.3,0
extract,38.9,99961,0.18,0,0,39.8,0,5,0,1.7,0
quality_check,42.1,66539,0.91,0,0,-14.1,17,0,2,4.9,0
dbt_model,31.2,31548,1.18,0,0,7.2,5,1,0,7.7,0
extract,27.1,4828,1.01,0,0,14.0,0,5,2,2.2,0
dbt_model,40.1,25696,2.03,0,0,5.0,15,6,0,3.9,0
load,41.1,42712,4.67,0,0,-14.2,0,2,0,5.7,1
dbt_model,47.0,52424,0.06,0,0,-15.1,0,4,0,6.8,0
dbt_model,35.3,76976,0.12,0,0,13.2,4,0,0,0.9,0
quality_check,33.8,158598,0.0,0,0,20.8,22,1,0,3.9,0
dbt_model,8.2,11998,0.23,0,0,1.1,23,1,0,3.2,0
load,15.8,12174,0.29,0,0,-21.7,10,3,0,0.3,0
load,32.7,370041,2.37,0,0,2.2,8,2,0,1.2,1
load,24.5,124688,0.04,0,0,29.3,10,0,0,2.0,0
load,38.5,19433,0.57,0,0,-16.1,15,1,1,10.7,0
dbt_model,20.2,30591,0.45,0,0,-3.7,13,0,0,1.5,0
dbt_model,27.4,30811,0.87,1,0,3.0,7,0,0,2.1,0
dbt_model,28.2,38197,0.15,0,0,21.6,6,4,2,1.9,0
dbt_model,44.4,77365,0.87,0,0,-7.5,11,1,0,3.1,0
load,33.8,2096937,0.46,0,0,10.7,6,0,1,1.5,0
quality_check,36.8,49198,1.57,0,0,27.0,10,4,0,1.6,0
dbt_model,35.8,104836,1.39,0,0,-24.7,0,5,0,3.8,0
load,35.7,2444,4.34,0,0,-21.6,4,0,1,4.9,0
dbt_model,38.5,16716,0.53,0,0,0.3,23,2,0,1.6,0
dbt_model,35.4,259394,1.93,1,0,19.6,8,5,0,0.8,0
dbt_model,18.1,69127,0.03,0,0,8.0,10,1,0,0.1,0
dbt_model,17.9,32,0.18,0,0,21.2,4,5,0,3.6,0
extract,33.9,106770,0.14,0,0,-28.6,20,4,0,4.5,0
quality_check,40.1,781572,5.68,0,0,8.2,6,5,0,2.7,0
dbt_model,20.1,1490,0.06,0,0,-49.3,7,5,0,5.9,0
quality_check,46.7,412924,0.28,0,0,25.9,10,1,0,1.8,0
dbt_model,24.7,430,0.9,0,0,23.4,19,1,0,1.7,0
quality_check,26.6,162884,0.72,0,0,-3.9,19,4,0,0.8,0
load,28.1,35816,0.22,0,0,-39.6,4,5,0,1.1,0
dbt_model,43.1,845,4.54,0,0,-1.8,4,0,1,0.1,0
dbt_model,39.5,74148,0.09,0,0,22.1,6,4,0,0.8,0
extract,44.9,228969,0.6,0,0,9.4,4,6,2,2.8,0
quality_check,23.9,65004,1.45,0,0,35.3,12,4,0,1.4,0
load,27.7,92570,0.38,0,0,-3.3,5,0,0,0.0,0
quality_check,25.0,18794,1.26,0,0,38.5,1,1,0,1.3,0
load,28.7,1847,0.17,0,0,-34.4,18,1,0,0.2,0
load,32.6,109862,0.37,0,0,-11.7,8,2,1,1.7,0
quality_check,32.7,596960,0.03,0,0,-21.3,5,0,0,3.0,0
dbt_model,32.1,221312,0.51,0,0,15.2,3,5,0,18.0,0
extract,19.6,1509,0.0,0,0,-19.8,19,6,0,3.6,0
extract,26.4,3216,2.03,0,0,20.1,14,2,0,3.3,0
dbt_model,39.9,9381,0.28,0,0,14.3,7,0,1,0.3,0
dbt_model,14.2,2839,0.09,0,0,5.2,19,4,1,5.0,0
quality_check,35.5,38976,0.25,0,0,-0.1,7,0,0,3.8,0
dbt_model,45.8,68149,1.25,0,0,-17.0,5,2,0,0.6,0
extract,26.6,3683,0.58,0,0,12.8,9,0,0,2.9,0
dbt_model,29.6,125920,3.59,0,0,-7.2,0,4,0,1.2,0
load,42.2,95012,0.17,0,0,15.7,10,6,0,1.0,0
load,21.9,15107,1.05,0,0,28.8,18,2,1,1.1,0
dbt_model,31.6,27555,0.32,0,0,-3.7,10,2,0,1.5,0
quality_check,17.5,1604,2.65,0,0,25.6,13,3,2,1.8,0
quality_check,14.5,21340,1.02,0,0,5.3,9,6,0,1.3,0
load,30.9,36747,3.16,0,0,12.6,19,4,1,1.0,0
load,21.3,47571,0.03,0,0,-22.0,23,6,1,17.4,0
dbt_model,33.2,66582,0.37,0,0,-10.5,13,2,1,6.9,0
dbt_model,43.0,53679,1.07,0,0,-10.7,16,5,1,2.1,0
dbt_model,48.2,23790,5.38,0,0,26.1,14,6,0,8.5,0
dbt_model,33.9,57406,0.38,0,1,-4.5,21,1,0,3.2,0
dbt_model,44.2,180457,3.42,0,0,13.1,21,2,1,4.9,0
dbt_model,35.6,31169,0.78,0,0,0.5,21,6,0,2.1,0
dbt_model,29.7,60364,0.91,0,0,-4.6,1,3,0,0.2,0
dbt_model,14.4,26960,1.95,0,0,-24.7,10,3,1,1.5,1
dbt_model,45.1,12902,0.71,1,0,-32.5,12,4,0,8.5,1
dbt_model,24.3,83835,0.66,0,1,-4.3,18,3,0,0.3,1
extract,43.1,14937,0.55,0,0,-3.2,13,3,0,2.2,0
dbt_model,38.1,67361,0.67,1,0,-14.0,11,4,0,1.2,1
dbt_model,23.5,37994,1.52,0,0,4.4,12,1,2,3.5,1
load,34.2,22330,0.13,0,0,37.2,14,5,1,2.2,0
dbt_model,50.5,21482,0.13,0,0,28.7,14,5,0,14.4,1
dbt_model,44.6,16106,0.42,0,0,1.5,17,6,1,1.4,0
extract,23.1,2608,1.29,0,0,2.2,9,5,0,0.3,0
dbt_model,26.9,67012,0.25,1,0,12.6,13,6,0,0.2,0
dbt_model,33.8,52600,2.49,0,0,5.5,2,3,0,0.0,0
dbt_model,33.1,141417,0.13,0,1,12.7,12,2,1,0.0,0
dbt_model,41.6,15516,2.27,0,0,6.0,8,4,2,1.3,0
dbt_model,44.2,753597,1.13,0,0,2.8,0,0,1,3.8,0
quality_check,16.0,19779,1.4,0,0,-10.7,4,2,0,0.0,0
extract,33.9,8953,1.67,0,0,7.4,23,6,0,1.3,0
dbt_model,27.9,7406,0.49,0,0,-39.9,13,0,2,2.8,0
extract,27.8,2265,0.54,0,0,5.6,0,0,2,1.2,0
dbt_model,38.7,421765,1.39,1,0,-36.4,21,4,0,2.0,0
quality_check,46.8,325692,2.14,0,0,5.6,2,3,0,4.7,0
extract,42.7,94958,0.18,0,0,-16.8,14,5,0,9.3,0
dbt_model,23.0,8658,0.22,0,0,23.9,1,1,0,0.9,0
extract,36.7,658703,0.3,0,0,2.5,20,3,0,12.6,1
load,27.2,20686,0.56,0,0,0.9,15,2,1,5.1,0
quality_check,16.4,23613,1.45,0,0,8.2,20,6,1,2.3,0
dbt_model,35.3,362077,0.27,0,0,-14.7,7,3,0,0.8,0
dbt_model,50.7,104219,1.01,0,0,21.0,21,0,0,11.2,0
extract,22.9,1229065,1.4,0,1,13.3,21,4,0,3.2,0
dbt_model,32.7,54065,0.99,0,0,-9.1,11,4,1,2.4,0
quality_check,30.6,19240,0.42,0,0,-18.2,14,6,1,1.6,0
dbt_model,33.1,13644,0.36,0,0,-6.7,9,2,1,0.6,0
load,18.4,1890,1.05,0,0,-1.9,18,6,0,5.0,0
dbt_model,18.6,23254,1.62,0,0,-19.5,15,2,0,8.4,0
dbt_model,23.0,226692,0.35,0,0,-8.2,3,3,0,0.4,0
dbt_model,45.9,94668,3.41,0,0,-10.6,9,2,1,4.5,0
dbt_model,23.5,37514,0.78,0,0,-3.6,9,2,1,2.5,0
load,25.0,7391,0.84,0,0,-3.5,10,4,0,4.4,0
dbt_model,51.8,52208,3.73,0,0,8.8,14,3,0,1.6,0
dbt_model,28.4,183597,1.54,0,0,0.6,6,6,0,2.4,0
dbt_model,36.5,72341,3.35,0,0,7.2,4,2,0,4.9,0
extract,42.3,47418,1.07,0,0,4.5,10,4,2,4.2,0
dbt_model,39.2,10146,0.15,0,0,-3.5,9,3,1,0.6,0
dbt_model,22.7,145435,0.07,0,1,12.3,21,6,2,2.3,0
dbt_model,17.1,242,1.34,0,1,-49.4,18,6,1,1.9,0
extract,36.0,67007,0.94,0,0,-6.5,5,2,2,3.3,0
extract,56.7,2218884,4.16,0,0,-10.3,16,3,0,1.3,0
extract,21.2,3250,3.97,0,0,2.1,14,2,2,0.4,0
dbt_model,27.1,24681,3.57,0,0,-11.4,21,0,0,0.2,0
extract,36.0,35858,1.2,0,0,9.9,17,6,0,0.7,0
load,36.5,17324,1.27,0,0,13.1,13,4,2,2.1,0
dbt_model,41.2,190650,0.61,0,0,-24.9,6,6,0,1.2,0
dbt_model,25.9,77336,1.61,1,0,4.0,4,1,0,1.3,0
quality_check,27.9,46336,0.97,0,0,-23.1,8,2,0,2.0,0
dbt_model,36.4,130045,0.39,0,0,8.6,21,1,0,0.1,0
load,43.6,37301,0.86,0,0,-8.4,21,2,0,1.0,0
extract,38.9,5884210,0.61,0,0,-14.5,23,5,1,6.9,0
dbt_model,32.5,46265,0.73,0,0,-30.8,23,5,0,3.4,0
dbt_model,23.5,49634,0.16,1,0,-1.7,11,1,2,2.4,1
extract,44.3,2352,0.72,0,0,-20.8,14,0,2,0.1,0
dbt_model,32.1,15221,0.18,0,0,-26.7,2,4,1,0.0,0
dbt_model,45.1,227704,0.88,0,0,3.3,3,1,0,7.0,1
quality_check,28.8,4286,0.17,0,0,17.4,6,5,0,5.0,0
dbt_model,27.0,1150,1.27,0,0,7.1,4,0,0,5.8,0
load,18.8,38242,0.75,0,0,-25.8,18,2,1,6.9,0
quality_check,16.7,325523,1.51,0,0,-2.5,20,2,0,0.5,1
load,43.6,38863,0.9,0,1,12.3,0,3,1,1.3,0
extract,32.0,21209,1.43,0,0,-2.5,16,5,0,15.1,0
load,28.9,1856,0.46,0,0,5.9,7,4,1,5.4,0
dbt_model,22.3,74877,0.63,0,0,-7.9,11,2,1,8.2,0
load,26.0,104614,0.42,0,0,-6.9,8,4,0,8.4,0
dbt_model,36.8,2099,0.21,0,0,-11.9,3,3,0,3.8,0
load,51.1,223072,0.08,0,0,11.0,18,6,2,5.2,0
dbt_model,28.8,123637,1.35,0,0,12.2,7,6,0,15.2,0
extract,41.4,222282,0.29,0,1,-10.0,10,6,1,5.0,0
dbt_model,35.6,92377,1.53,0,1,13.6,14,1,1,5.7,0
extract,33.0,103351,0.19,0,0,-25.7,12,1,1,9.1,0
load,50.4,83546,0.52,0,0,-3.1,4,1,0,0.3,0
dbt_model,30.6,145736,0.96,0,0,-24.4,16,3,2,2.9,0
dbt_model,38.4,1978,0.55,0,0,-20.4,3,5,0,5.4,0
dbt_model,31.5,3288,2.06,0,0,-24.6,18,1,0,3.8,0
dbt_model,30.0,11185,1.1,0,0,-11.8,15,6,0,8.7,0
extract,44.2,29504,0.35,0,0,11.2,8,0,1,5.3,0
quality_check,35.9,67576,0.54,0,0,-1.4,8,3,0,8.5,0
load,32.3,61052,2.74,0,0,-10.5,4,2,1,4.6,0
quality_check,47.8,216938,0.44,0,0,-3.1,10,6,0,2.5,0
dbt_model,46.7,228112,0.51,0,0,-37.0,4,2,1,2.0,0
dbt_model,40.6,8992,1.23,0,0,10.3,12,1,1,2.1,1
dbt_model,1.0,53195,3.63,1,0,-40.5,3,3,0,4.8,0
dbt_model,33.8,9353,0.87,0,0,-12.7,21,0,2,0.4,0
extract,33.6,26871,0.26,0,1,-1.4,2,4,0,0.9,1
extract,32.8,60770,12.59,0,0,8.0,17,1,0,12.0,0
dbt_model,28.2,155,0.23,0,0,4.3,10,2,1,0.0,0
dbt_model,41.3,1720267,1.41,0,0,-0.9,8,4,0,2.3,0
extract,39.9,89882,0.34,0,0,26.2,4,6,0,1.6,0
extract,28.2,14000,2.82,1,0,36.3,15,4,0,2.8,0
load,51.1,793169,1.57,1,0,0.1,18,5,2,5.6,1
dbt_model,38.3,20829,0.31,1,0,-1.8,15,5,1,2.4,0
dbt_model,37.5,44892,0.07,0,0,-2.9,0,5,1,5.3,0
dbt_model,35.3,16657,3.45,0,0,-11.0,19,2,0,6.6,0
quality_check,47.2,510520,1.0,0,0,6.8,22,2,0,6.5,0
quality_check,41.1,30700,0.81,0,0,22.9,16,6,1,0.2,0
dbt_model,31.6,46127,4.4,0,0,-44.8,0,1,0,8.3,0
load,44.5,249210,2.53,0,0,-3.1,12,6,0,3.3,0
dbt_model,35.4,92616,0.31,1,0,26.8,7,0,0,5.0,0
load,49.3,33291,0.57,0,0,7.1,15,5,1,2.2,0
dbt_model,45.2,214620,0.32,0,0,7.4,18,1,0,13.1,0
extract,33.7,2108680,2.65,0,0,-28.8,21,5,0,6.0,0
quality_check,54.1,60346,2.74,0,0,12.6,20,6,0,0.3,0
extract,13.6,43774,5.02,0,0,18.2,23,6,1,4.0,1
quality_check,38.5,47715,0.76,0,0,3.6,2,2,0,3.4,1
extract,29.6,295577,0.4,0,0,-11.8,2,1,0,0.5,0
dbt_model,47.5,13922,0.32,0,1,8.0,19,2,1,1.4,0
dbt_model,33.7,23264,3.76,0,0,-18.7,17,4,0,0.5,0
load,20.8,3102,1.76,0,0,-21.1,18,3,2,2.3,0
dbt_model,26.6,5463,2.26,0,0,14.4,5,5,0,0.6,0
extract,24.4,15859,2.08,0,0,19.7,11,4,1,2.8,0
dbt_model,29.3,33206,0.49,0,0,-13.4,15,0,0,12.4,0
load,34.2,615711,2.05,0,0,-21.0,15,6,1,3.9,0
quality_check,27.0,85612,0.22,0,0,-15.8,20,1,0,2.8,0
extract,32.1,8439,1.4,0,0,3.6,8,0,0,1.6,0
dbt_model,33.7,11330,0.67,0,1,-21.0,20,1,2,3.5,0
dbt_model,27.1,327616,2.03,0,0,23.1,7,5,2,8.3,0
dbt_model,20.4,220262,0.2,0,0,-8.4,18,5,0,3.1,0
load,35.1,37988,1.57,0,0,6.6,0,3,0,10.9,0
dbt_model,35.8,17889,0.48,0,0,-13.4,4,3,1,3.8,0
dbt_model,41.9,219672,1.68,0,0,10.5,0,1,1,7.6,0
dbt_model,34.4,7410,2.46,0,0,12.0,5,6,0,1.4,0
dbt_model,47.5,67999,0.63,0,0,-30.2,12,3,1,2.7,0
extract,47.5,1378152,1.05,0,0,-12.2,20,0,0,0.7,0
dbt_model,56.9,50441,0.64,0,0,-2.8,0,3,0,3.4,0
dbt_model,58.0,10498,0.54,0,0,-9.5,14,0,0,1.5,1
dbt_model,17.6,70023,0.2,0,0,15.7,2,0,1,1.1,0
load,11.2,17119,0.87,0,0,-10.7,4,1,0,4.0,0
quality_check,28.3,3902,3.46,0,0,12.9,2,0,2,2.6,0
extract,38.7,111486,0.76,0,0,8.7,14,6,0,9.9,0
load,34.7,217191,1.54,0,0,-1.9,15,4,1,4.4,0
dbt_model,37.7,22082,2.28,0,0,13.6,6,3,0,1.0,1
load,28.8,19859,0.81,0,0,-27.7,16,5,0,1.5,0
quality_check,23.3,7797,2.87,0,0,-1.1,9,4,0,3.0,0
dbt_model,26.9,28569,0.08,0,0,-13.9,18,4,0,5.4,0
dbt_model,28.9,14767,7.32,0,0,-1.9,12,3,0,2.4,0
dbt_model,37.0,7203,0.7,0,0,-8.4,23,2,0,4.6,0
quality_check,33.1,749731,5.42,0,0,1.1,16,0,1,5.3,1
dbt_model,30.9,76602,1.97,0,0,0.2,23,3,0,1.2,0
dbt_model,39.0,90747,0.42,0,1,2.5,21,5,0,0.2,1
dbt_model,32.9,149259,1.05,0,0,3.2,4,6,2,9.1,0
dbt_model,44.4,124698,0.03,0,0,10.3,8,1,1,1.6,0
extract,22.8,18751,1.34,0,0,-22.7,8,6,0,1.7,0
extract,22.8,56166,1.81,1,0,9.2,14,0,1,3.2,1
load,34.2,23612,0.19,0,0,-27.2,13,1,0,0.9,1
extract,37.1,73243,0.6,0,0,-50.3,11,5,0,1.1,0
load,25.4,62736,1.25,0,0,35.5,1,0,0,4.5,0
extract,43.3,19687,0.7,0,0,-16.9,10,3,0,2.9,0
quality_check,45.9,4329,0.5,0,0,-8.1,4,4,0,0.9,0
dbt_model,27.0,45888,0.5,1,0,-33.5,22,0,0,3.8,0
dbt_model,45.1,26190,0.27,0,0,-8.2,20,1,0,0.1,1
dbt_model,5.5,1764,1.38,0,0,3.7,4,2,0,0.7,0
dbt_model,43.3,81818,1.04,0,0,4.4,9,5,0,0.7,0
dbt_model,27.2,170169,3.2,0,0,-21.7,15,5,0,6.0,0
dbt_model,48.1,2074789,1.5,0,0,-8.0,11,1,0,6.1,0
dbt_model,22.5,19420,0.26,0,0,6.6,4,2,1,6.1,0
dbt_model,30.1,15337,1.0,0,0,4.3,17,1,2,0.8,0
quality_check,21.9,6154,2.12,0,0,2.3,21,3,2,0.8,0
dbt_model,30.9,50707,7.03,0,0,13.7,19,5,0,0.7,0
dbt_model,49.3,50196,0.03,0,0,-2.0,8,0,0,0.7,0
extract,29.0,9916,0.94,0,0,25.1,20,1,0,2.6,0
dbt_model,50.7,27449,0.52,0,0,-5.3,21,2,0,0.7,0
extract,23.3,1531,0.39,0,0,12.5,21,0,1,1.8,0
dbt_model,48.2,159883,1.09,0,0,13.1,19,6,0,1.8,0
load,15.5,10582,1.0,0,0,-29.5,7,5,0,9.4,0
extract,29.6,34356,1.93,0,0,7.9,12,2,2,2.3,0
dbt_model,23.4,3704,0.49,0,0,-11.5,15,0,1,11.4,0
load,44.5,14303,0.32,0,0,-18.2,19,3,1,1.8,0
load,33.1,23217,1.26,0,0,-7.6,2,2,0,0.4,0
extract,13.4,35665,0.22,0,0,2.9,1,1,1,6.7,0
extract,21.8,78242,1.98,0,0,-28.2,23,2,0,0.4,0
dbt_model,27.1,363131,2.25,0,0,0.5,16,6,1,2.8,0
dbt_model,42.7,117282,3.91,0,0,-3.9,6,1,0,6.5,0
load,42.2,169306,0.21,0,0,18.7,23,6,2,1.3,0
dbt_model,33.6,367238,1.05,0,0,-11.4,9,0,0,0.5,0
extract,28.9,90357,1.79,0,0,21.4,15,3,1,0.3,0
dbt_model,38.6,34244,3.36,0,0,7.0,22,0,1,4.7,0
load,24.9,182513,1.42,0,0,-0.6,20,4,0,0.0,0
extract,39.3,202160,0.81,0,0,22.9,15,2,0,3.5,0
dbt_model,37.4,102508,0.92,0,0,34.6,13,4,0,4.9,0
extract,25.7,3542,0.22,0,0,-3.8,6,6,0,0.3,0
extract,33.5,9448,4.13,0,0,-13.3,4,6,0,0.1,0
load,32.4,23393,0.89,0,0,7.7,2,5,0,0.4,0
extract,38.9,126423,0.91,0,0,-25.6,0,2,2,2.0,0
dbt_model,20.2,35096,0.15,0,0,-23.4,11,5,0,3.7,0
load,40.9,223907,2.48,0,0,23.5,8,3,2,9.4,0
dbt_model,45.1,297859,1.22,0,0,10.3,14,4,1,2.1,0
extract,38.5,247377,6.73,0,0,-15.4,12,4,0,0.6,0
dbt_model,41.0,249912,0.91,0,0,56.4,16,5,0,1.2,0
load,28.4,6910,2.17,0,0,-24.9,4,5,0,2.4,0
dbt_model,41.6,78607,4.27,1,0,11.2,3,3,2,3.0,0
dbt_model,31.1,13738,0.04,0,0,-14.3,3,1,0,1.4,0
dbt_model,17.3,2595,0.02,0,0,32.1,16,6,0,2.0,0
dbt_model,38.8,22926,0.16,0,0,-9.6,21,0,1,4.8,0
dbt_model,21.2,302422,2.07,0,0,-5.1,8,4,0,2.2,0
load,36.1,75901,0.8,0,0,-32.6,3,1,0,3.4,0
load,34.4,916662,0.86,0,0,37.5,22,4,0,1.9,0
extract,28.7,48221,0.46,0,0,-11.1,5,3,0,2.1,0
quality_check,40.6,1823894,4.76,1,0,8.6,15,0,0,0.2,1
quality_check,26.4,48244,6.04,0,0,0.1,21,6,1,2.3,0
quality_check,36.9,37645,4.36,0,0,-9.9,22,5,2,6.4,0
dbt_model,29.2,4689,1.52,1,0,-40.1,5,2,0,1.9,1
dbt_model,29.8,214679,0.22,0,0,-4.1,0,2,0,1.3,0
load,42.9,16262,2.48,0,0,-4.9,10,3,1,3.7,0
extract,32.3,12896,1.24,0,0,5.7,21,5,0,0.1,0
quality_check,41.5,282086,1.12,1,0,38.6,11,6,0,1.9,0
load,48.2,231690,1.25,0,0,11.6,21,5,0,8.1,0
quality_check,48.0,222188,0.21,0,0,15.5,20,0,2,1.0,1
dbt_model,36.5,20343,0.52,0,0,-5.5,12,0,0,1.7,0
dbt_model,29.4,33471,0.39,0,0,-23.6,20,1,0,6.1,0
extract,19.2,32999,0.5,0,0,-5.0,23,2,0,1.5,0
load,36.3,127011,0.3,0,0,-13.2,16,0,0,5.5,0
dbt_model,46.4,436133,0.09,0,1,-0.9,17,6,0,1.3,0
extract,36.5,65449,0.25,0,0,-8.9,10,4,0,0.8,1
quality_check,6.7,855828,0.24,0,0,-30.2,23,0,1,5.6,0
dbt_model,42.6,152590,1.71,0,1,22.8,8,6,2,9.8,0
dbt_model,40.0,24942,1.52,0,0,-2.5,18,5,1,3.4,0
extract,31.8,136753,4.02,0,0,-5.9,22,2,0,5.8,0
quality_check,45.9,556545,1.17,0,0,-19.9,21,2,0,0.6,0
dbt_model,43.4,888475,0.45,0,0,-8.6,21,4,0,4.6,0
quality_check,29.4,242565,1.65,0,0,-15.5,4,3,0,2.4,0
quality_check,43.8,37838,2.97,0,0,-21.5,23,6,0,5.2,0
dbt_model,20.2,25675,0.2,0,0,2.9,4,6,1,3.0,0
dbt_model,33.3,91282,2.02,0,0,-8.4,5,6,0,4.0,0
load,35.5,528796,0.55,0,0,13.5,12,4,1,1.0,1
dbt_model,26.0,72695,2.09,0,0,-6.5,3,5,2,2.1,0
dbt_model,36.2,75150,0.0,0,0,2.1,17,3,0,3.5,0
dbt_model,44.2,39428,1.16,0,0,1.6,22,5,0,0.7,0
dbt_model,42.6,21490,0.21,0,0,6.9,6,4,1,0.8,0
quality_check,38.3,28017,0.4,0,0,-15.1,7,3,1,2.8,0
extract,17.4,45101,0.2,0,1,16.2,10,1,0,2.0,0
dbt_model,25.0,567479,1.85,0,0,-21.2,2,6,2,0.6,0
load,33.1,24746,0.04,0,0,0.8,4,0,0,1.0,0
dbt_model,32.1,39504,2.38,0,0,-21.7,22,0,1,0.7,0
dbt_model,25.4,9094,0.24,0,0,-2.2,22,4,0,8.6,1
load,51.4,114303,0.58,0,0,16.0,12,2,2,2.7,0
extract,37.0,323413,0.2,1,0,10.0,17,6,0,1.2,1
dbt_model,41.6,488549,1.85,0,0,19.1,1,0,0,1.6,0
dbt_model,41.7,50281,2.0,0,0,-5.5,0,4,1,3.3,0
quality_check,34.3,91032,0.14,0,0,16.4,21,1,0,3.0,0
extract,55.1,28404,0.12,0,0,-12.5,0,3,1,1.8,0
dbt_model,25.2,84527,0.39,0,0,-8.3,16,3,0,4.4,0
extract,27.7,60014,0.32,0,0,2.3,23,1,0,1.2,0
quality_check,23.9,39863,0.25,0,0,15.3,19,2,0,0.4,0
dbt_model,46.7,45270,0.23,0,0,-9.9,9,0,0,1.8,0
dbt_model,40.7,74837,0.25,0,0,12.5,12,5,0,2.8,0
dbt_model,26.5,22682,0.86,0,0,4.2,14,1,0,7.6,0
extract,23.8,24637,0.82,0,0,6.1,10,0,1,0.9,0
load,49.4,557813,1.38,0,0,-15.4,22,6,0,2.3,0
dbt_model,43.0,2776980,1.13,0,0,-6.9,1,4,1,5.7,1
dbt_model,41.6,5287,1.85,0,0,-1.7,22,3,1,2.0,0
dbt_model,28.2,4840,0.29,0,0,6.1,20,3,1,6.0,0
quality_check,34.2,7852,3.0,0,0,-14.5,2,5,1,2.6,0
quality_check,34.7,30783,0.28,0,0,-23.3,13,2,1,0.8,1
dbt_model,29.1,152245,1.33,0,0,-38.4,15,0,0,2.3,0
dbt_model,32.6,93526,2.11,1,0,13.4,23,4,1,6.6,1
dbt_model,22.1,47822,1.17,0,0,17.0,23,3,2,2.6,0
dbt_model,38.2,84651,0.28,0,0,-36.2,11,0,1,4.6,0
dbt_model,37.2,12000,0.5,0,0,1.4,4,1,2,0.5,0
extract,40.5,24573,1.94,0,0,-6.8,19,2,1,0.4,0
dbt_model,38.2,35166,2.79,0,0,21.9,15,6,0,0.1,0
dbt_model,26.7,2879,0.01,0,0,-3.8,12,5,1,13.4,0
load,43.0,5664,1.71,0,0,9.8,18,1,0,2.5,0
dbt_model,37.2,6035,3.58,0,0,-7.7,1,1,2,1.0,0
dbt_model,46.9,123324,0.26,0,0,-12.4,1,0,0,0.0,0
dbt_model,46.0,53775,0.43,0,0,13.8,11,1,2,2.0,0
dbt_model,32.8,96538,1.8,0,0,19.4,9,1,2,0.2,1
extract,30.6,1913,0.35,0,0,-22.8,3,3,0,0.8,0
quality_check,35.1,3382,0.33,0,0,20.6,4,0,0,1.0,0
load,23.7,104940,0.55,0,0,-17.5,11,3,1,1.2,0
load,14.4,425,0.11,0,1,-42.0,1,2,1,2.5,1
dbt_model,24.0,257662,1.36,0,0,0.2,17,4,0,0.3,0
extract,26.2,1963,1.94,0,0,9.1,2,6,1,0.2,0
load,31.6,139993,1.96,0,1,-27.3,16,6,0,1.0,0
dbt_model,16.8,8762,1.59,0,0,-35.7,8,6,0,1.2,0
dbt_model,36.5,194511,0.85,0,0,-8.9,3,3,0,2.1,0
load,40.3,6156736,4.87,0,0,-11.3,13,4,0,0.8,0
quality_check,36.6,956,2.8,0,0,24.7,15,4,0,1.1,0
quality_check,52.3,110481,0.93,0,0,0.2,22,5,1,0.9,0
dbt_model,31.3,2012,0.41,0,1,13.2,10,1,2,0.1,1
load,27.2,71885,1.17,0,0,3.8,22,2,0,5.3,0
dbt_model,37.5,26086,0.04,0,0,28.2,11,2,0,1.7,0
dbt_model,32.7,44696,1.85,0,0,-16.1,20,6,0,1.3,0
quality_check,27.5,8444,0.91,0,0,-1.6,6,1,2,1.2,0
dbt_model,26.7,126609,0.19,0,0,-28.2,18,1,2,5.1,0
dbt_model,24.0,3578,1.39,0,0,14.6,5,2,1,3.5,1
dbt_model,34.1,264770,0.09,0,0,20.1,0,2,0,1.2,0
dbt_model,38.3,18867,5.61,0,0,15.7,3,4,2,0.8,0
load,32.9,3849,0.26,0,0,-2.2,9,0,1,0.6,0
quality_check,53.1,465980,3.47,0,0,-26.8,3,1,0,2.9,0
dbt_model,38.1,32606,1.53,0,0,-1.6,18,6,0,0.0,0
quality_check,41.4,768516,0.47,0,0,-12.2,2,4,2,0.9,0
quality_check,32.9,256316,3.14,0,0,16.6,23,2,0,1.3,0
dbt_model,20.7,10127,0.09,0,0,-7.7,8,6,1,1.6,0
dbt_model,26.9,31698,0.76,0,0,-8.1,11,1,0,6.0,0
load,26.3,44075,0.71,0,0,39.1,17,4,1,2.3,0
dbt_model,13.4,417518,1.98,0,0,14.4,16,1,0,6.2,0
extract,24.4,73132,1.26,0,0,19.4,20,4,0,0.2,0
quality_check,47.2,48149,0.02,0,0,-9.2,23,3,0,1.5,0
dbt_model,35.0,26375,1.38,0,0,-19.8,7,0,0,4.7,1
dbt_model,28.7,33493,1.15,0,0,19.2,14,3,2,0.9,0
quality_check,39.5,292829,0.52,0,1,26.9,16,3,2,2.1,1
load,14.7,36531,0.5,0,0,-23.2,18,4,0,3.7,0
dbt_model,33.7,19302,1.44,0,0,-9.3,6,6,0,1.2,0
dbt_model,42.2,14717,1.08,0,0,-16.5,23,5,0,6.5,0
dbt_model,29.6,14972,1.09,0,0,8.7,5,2,0,2.5,0
dbt_model,12.4,3853,1.46,0,0,19.6,17,4,1,5.7,0
dbt_model,26.4,10931,1.86,1,0,-6.6,21,3,0,0.1,0
dbt_model,47.9,399301,0.51,0,0,-6.7,3,3,1,1.9,0
quality_check,34.0,26093,0.79,0,0,-35.2,12,1,2,4.7,0
dbt_model,21.4,112090,0.97,0,0,-17.2,23,3,2,0.7,0
dbt_model,46.7,688,1.77,0,0,27.1,3,2,0,2.4,1
dbt_model,22.5,90156,0.11,0,0,8.9,19,6,0,0.9,0
dbt_model,29.6,28052,1.14,0,0,16.7,20,3,0,0.6,0
extract,21.6,16809,0.45,0,0,-6.6,6,3,0,0.5,0
quality_check,23.4,48510,1.95,0,0,-4.9,16,0,0,7.0,0
extract,26.8,16426,0.36,0,1,0.3,23,2,1,7.9,1
dbt_model,32.1,1214,0.27,0,0,5.8,9,6,0,0.6,0
quality_check,46.4,158831,3.16,0,0,24.8,1,4,1,1.0,0
extract,29.4,53574,0.06,0,0,-12.1,6,5,1,4.0,0
dbt_model,22.3,21975,1.12,0,0,-2.5,22,4,0,0.3,0
quality_check,33.9,7739,0.64,0,0,-14.3,22,3,0,3.5,0
dbt_model,32.7,3457,1.06,0,0,-35.4,20,6,2,13.2,1
dbt_model,35.0,51959,1.22,0,0,16.6,13,2,1,0.0,0
extract,39.2,479982,0.88,0,0,31.5,6,2,1,8.5,0
load,31.8,50265,1.14,0,0,13.8,14,5,0,7.5,0
dbt_model,29.3,3974,0.39,0,0,4.1,20,3,0,0.3,0
quality_check,31.2,52061,0.13,0,0,33.4,19,2,1,3.7,0
dbt_model,41.7,33344,0.28,0,0,8.3,1,4,1,0.5,0
extract,54.7,144707,1.06,0,0,14.4,17,5,0,0.6,0
quality_check,35.5,95872,0.04,0,1,2.5,22,4,0,1.3,1
load,23.9,305,0.57,0,0,5.3,3,3,0,2.8,0
load,36.1,86889,0.84,0,0,-2.4,14,0,0,1.9,0
quality_check,23.5,7291,1.66,0,0,15.0,14,5,0,5.6,0
dbt_model,35.2,3733,1.78,0,0,-19.6,12,6,0,0.6,0
load,35.7,26861,1.97,0,0,7.5,18,5,0,0.3,0
quality_check,29.6,70091,0.41,0,1,-15.4,23,1,0,1.3,0
dbt_model,35.8,2630,0.29,0,1,9.2,15,6,2,0.7,0
extract,34.4,112119,0.57,0,0,43.1,0,1,0,5.3,0
load,25.6,123172,1.62,0,0,12.6,12,6,1,1.0,0
dbt_model,35.5,39150,2.38,0,0,21.1,12,4,1,0.7,0
quality_check,32.0,9061,0.88,0,1,16.2,6,3,1,1.3,1
extract,38.2,7577,3.21,0,0,-41.9,17,1,1,0.3,0
dbt_model,42.6,187491,0.01,0,0,-2.4,13,2,0,0.1,0
dbt_model,27.1,3235,2.39,0,0,8.1,2,0,0,1.3,0
dbt_model,31.0,199416,0.17,0,0,-37.6,18,4,0,2.2,0
quality_check,31.8,27880,0.73,0,0,-5.1,0,6,0,0.3,0
load,35.2,31152,11.29,0,1,-1.4,20,5,0,0.3,0
load,31.8,2361,0.02,0,0,-22.2,14,4,1,0.2,0
quality_check,34.5,28717,2.74,1,0,-17.5,23,6,2,2.1,0
dbt_model,33.1,96929,1.4,0,0,24.1,8,6,0,2.1,0
load,37.5,4280,1.14,0,0,-64.5,5,6,1,6.8,0
dbt_model,27.6,80645,0.32,0,0,4.9,11,0,0,1.2,0
dbt_model,54.8,41873,1.33,0,0,20.9,19,6,1,0.9,0
quality_check,37.3,12964,0.29,0,0,-0.5,14,0,0,4.0,0
quality_check,24.5,142554,2.15,0,0,25.4,10,2,0,0.3,0
load,27.8,1071,0.16,1,1,-7.7,9,1,0,1.7,1
dbt_model,40.2,63239,0.65,0,0,-16.3,18,5,0,0.8,0
dbt_model,33.6,484608,0.67,0,0,-0.2,5,0,2,3.2,1
quality_check,22.8,363636,0.68,0,0,-6.9,0,6,1,0.4,0
dbt_model,24.0,67757,0.02,0,0,-10.3,5,3,0,2.1,0
dbt_model,36.3,22411,5.73,0,0,-3.2,5,0,0,6.2,0
dbt_model,14.7,13130,2.99,0,0,-14.3,4,6,1,4.3,0
extract,18.4,22366,1.74,0,0,-15.1,7,0,0,1.6,0
dbt_model,38.6,86689,0.29,0,0,-20.2,17,2,1,5.8,0
quality_check,28.0,9980,0.7,0,0,7.5,5,1,1,3.0,0
load,28.1,122012,0.64,0,1,-18.0,3,5,2,11.7,0
dbt_model,33.7,1102462,0.93,1,0,-22.4,9,1,0,1.7,0
dbt_model,18.8,32892,0.25,0,0,-19.3,23,4,1,8.3,0
dbt_model,32.9,4225,0.53,0,0,3.7,22,0,0,1.6,0
quality_check,21.2,4223,0.11,0,0,12.0,0,0,0,3.8,0
dbt_model,29.6,125807,4.7,0,0,13.5,0,0,0,4.8,0
extract,35.2,33004,0.25,0,0,3.9,7,1,0,4.5,0
dbt_model,32.4,147698,0.45,1,0,9.6,3,3,0,0.6,1
dbt_model,24.4,15462,0.64,0,0,-1.0,19,4,0,4.5,0
quality_check,16.6,137172,0.26,0,0,8.2,3,4,0,0.4,0
load,35.1,28189,2.77,0,0,7.9,2,0,0,0.1,0
load,30.9,11248,3.63,0,1,-13.1,5,2,0,8.5,0
dbt_model,26.5,19118,2.92,0,0,-19.4,14,3,0,6.6,0
dbt_model,19.6,5349,1.67,0,0,24.3,3,2,2,2.1,0
dbt_model,37.9,875872,1.62,1,0,2.3,6,4,0,1.6,0
dbt_model,36.3,31125,1.03,0,0,18.9,12,3,0,1.9,0
load,34.9,101846,0.02,0,0,-19.8,23,2,1,6.7,0
load,45.5,15382,0.86,0,0,-7.3,20,1,1,4.2,0
load,35.7,6747,0.24,0,0,-24.8,5,2,0,3.9,0
dbt_model,30.6,24979,0.01,0,0,11.6,6,5,0,2.1,0
dbt_model,41.9,211484,0.58,0,0,-11.1,1,5,1,0.1,0
load,31.2,15785,0.01,0,0,-10.0,7,3,0,4.8,0
dbt_model,30.2,9019,0.37,0,0,35.2,14,2,0,1.4,0
quality_check,44.3,46571,0.01,0,1,12.0,12,2,1,2.6,0
dbt_model,25.5,80695,1.44,0,0,11.8,9,3,1,1.7,0
dbt_model,37.0,503106,0.29,0,0,-21.6,0,6,1,10.1,0
dbt_model,43.9,63959,3.22,0,0,-33.4,21,1,1,2.6,0
quality_check,36.8,101761,0.28,0,0,17.5,9,4,0,3.5,0
dbt_model,30.9,114787,3.26,0,0,-40.3,21,5,0,1.1,0
quality_check,13.7,5739,1.22,0,0,-9.0,17,0,1,1.8,0
dbt_model,9.1,7774,0.77,0,0,-14.6,19,4,0,1.0,0
dbt_model,47.9,6410,0.65,0,0,-16.7,10,4,1,1.1,0
load,31.3,4309,0.39,1,0,-7.9,3,6,1,2.1,0
load,29.2,129668,1.45,0,0,-19.0,5,2,0,3.9,0
load,36.2,57761,0.51,0,0,-21.9,15,5,2,1.0,0
dbt_model,23.9,41241,0.42,0,0,4.6,14,0,0,0.2,0
load,22.1,573,0.09,0,0,19.2,2,4,1,5.3,0
load,29.5,973606,0.83,1,1,-31.3,20,1,0,0.1,1
load,17.0,8683,0.81,0,0,3.5,0,4,0,0.3,0
extract,19.0,967915,1.85,0,1,9.7,11,4,0,1.1,1
quality_check,13.8,3573,1.19,0,0,8.0,4,2,0,1.0,0
load,39.2,9898,2.81,0,0,-4.0,4,5,0,0.8,0
quality_check,17.2,1070,0.88,0,0,-10.7,11,3,1,0.1,0
dbt_model,38.1,64821,2.83,0,0,13.7,7,1,1,1.1,0
quality_check,37.8,6235,0.44,0,0,6.0,10,4,0,1.7,0
extract,29.4,6523,0.26,0,0,-34.1,22,3,1,0.9,0
dbt_model,25.7,4039,0.47,0,0,-4.0,18,3,1,1.1,0
dbt_model,35.6,125966,1.7,0,0,1.0,7,0,0,2.0,0
dbt_model,30.5,113362,2.17,0,0,-19.7,12,6,2,2.0,0
quality_check,48.1,659511,1.46,0,0,-4.4,8,2,0,3.8,0
dbt_model,47.2,12123,1.18,0,0,8.8,6,3,0,2.9,0
dbt_model,45.9,51539,4.6,0,0,-14.9,10,1,0,2.3,0
dbt_model,9.3,4614,4.45,0,0,4.2,3,0,0,8.5,0
dbt_model,27.4,21246,0.09,0,0,-17.8,5,5,1,1.5,0
dbt_model,30.8,15832,0.92,0,0,-22.3,13,0,0,14.3,0
dbt_model,37.7,76352,0.45,0,0,11.1,17,4,1,3.9,0
dbt_model,19.5,184837,1.99,0,0,21.1,16,0,0,2.9,0
dbt_model,19.3,177319,3.45,0,0,-21.3,23,2,1,0.5,1
dbt_model,41.7,9428,1.91,0,0,17.2,5,6,0,1.3,1
dbt_model,30.0,179431,1.56,0,0,-0.2,2,3,0,7.5,0
dbt_model,18.7,33842,1.88,0,0,-39.8,15,2,0,1.3,1
dbt_model,21.4,21604,0.01,0,0,-25.8,13,0,0,1.3,1
dbt_model,33.8,11688,6.42,0,0,10.9,20,5,0,3.4,0
dbt_model,23.3,14825,1.02,0,0,-29.2,3,4,1,1.6,0
quality_check,39.3,589896,0.97,0,0,-11.1,5,3,0,5.5,0
dbt_model,24.3,59388,0.54,0,0,-1.5,9,5,1,1.1,0
load,17.0,48020,1.52,0,0,8.1,19,6,0,0.8,0
dbt_model,44.3,23870,0.97,0,0,3.3,4,4,2,1.5,0
dbt_model,42.6,1818578,0.99,0,0,28.2,22,3,0,2.0,0
dbt_model,32.9,293026,0.27,0,0,-14.7,2,4,2,5.4,0
extract,25.5,11456,0.8,0,0,1.8,22,6,0,1.6,0
extract,44.7,23440,0.13,0,0,8.1,16,1,0,0.6,0
dbt_model,37.0,25776,0.74,0,0,12.8,3,4,2,4.4,1
dbt_model,43.0,45862,0.33,0,0,18.9,23,3,0,0.7,0
quality_check,25.0,11825,2.89,0,0,-7.8,1,1,0,13.0,0
extract,33.9,73284,1.68,0,0,11.7,9,1,0,6.7,0
load,39.9,370771,0.3,0,0,-16.7,17,4,0,9.5,0
dbt_model,23.6,4439,0.34,0,0,-1.4,8,1,0,7.6,0
extract,28.2,5972,0.18,0,0,9.0,9,1,1,2.5,0
quality_check,25.6,16763,1.88,0,0,17.6,6,2,0,2.3,0
quality_check,34.6,18054,2.43,0,0,10.3,4,1,0,2.4,0
dbt_model,25.9,888727,0.44,0,0,1.6,13,2,1,0.2,0
extract,40.2,180364,1.42,0,0,-1.4,10,2,2,0.6,0
extract,37.7,164541,0.17,0,0,9.9,19,0,1,1.2,0
dbt_model,29.7,23789,0.19,0,0,39.4,13,2,0,4.6,0
dbt_model,35.5,22968,0.36,0,0,15.4,12,4,1,0.4,0
load,24.9,3559,0.27,0,0,6.9,3,3,0,2.6,0
dbt_model,28.4,126853,2.06,0,0,-24.6,6,2,0,3.3,0
dbt_model,38.5,79673,0.07,0,0,-15.2,0,4,0,3.3,0
load,41.1,284246,2.36,0,0,-5.8,23,1,0,3.5,0
extract,27.1,25917,0.32,0,0,16.4,18,6,1,5.4,1
extract,26.5,28945,0.48,0,0,-16.9,6,0,2,1.1,0
dbt_model,31.1,47670,0.22,0,0,11.6,10,3,0,0.0,0
dbt_model,29.8,151302,0.09,0,0,2.2,13,5,0,2.9,0
dbt_model,41.9,3455,2.38,0,0,6.4,5,5,0,5.3,0
load,37.1,117911,0.52,0,0,-3.9,3,3,0,0.6,0
load,32.3,35143,0.74,0,0,-10.7,22,3,0,0.7,0
dbt_model,20.9,6675,0.46,0,0,-17.5,8,6,1,8.3,0
load,33.1,1292,0.5,0,0,11.0,18,3,1,6.2,0
dbt_model,26.4,29191,0.43,0,0,-1.4,15,0,1,3.7,0
extract,30.4,368184,0.86,0,0,-19.4,9,2,2,3.3,1
load,43.8,529397,0.64,0,0,4.0,14,0,2,4.0,0
extract,36.7,64125,0.52,0,0,61.6,6,6,0,5.5,0
dbt_model,15.2,838365,0.11,0,0,-3.6,6,1,2,1.1,0
quality_check,30.7,33904,0.35,0,0,29.8,17,1,0,2.9,0
dbt_model,36.0,166922,2.51,0,0,-46.5,18,4,1,0.1,0
dbt_model,27.9,17641,1.53,0,0,-4.9,17,2,0,0.5,0
dbt_model,32.3,15940,0.19,1,0,17.2,16,5,0,0.1,0
load,14.1,12283,0.83,0,0,0.3,21,5,0,0.9,0
dbt_model,1.0,1343,2.77,0,0,-11.6,7,3,2,11.2,0
dbt_model,27.0,284744,1.08,0,0,-0.5,0,2,1,1.8,0
dbt_model,33.0,13008,2.43,1,0,17.7,6,1,0,1.2,0
extract,1.0,10073,2.45,0,0,38.6,15,0,1,0.7,0
quality_check,21.4,5497,0.15,0,0,19.2,14,6,0,1.0,0
quality_check,14.4,26187,1.42,0,0,-9.1,6,1,0,1.1,0
dbt_model,35.0,610227,0.7,1,0,-4.2,18,3,1,2.1,0
dbt_model,55.7,1035138,0.34,0,0,-4.1,23,0,0,0.4,0
extract,25.7,2546,0.38,0,0,-15.6,2,3,0,3.5,0
dbt_model,30.3,20596,1.36,0,0,-2.8,0,2,0,8.3,0
dbt_model,36.9,6939,7.99,0,0,-4.9,16,3,0,1.3,0
dbt_model,35.2,176546,0.55,0,0,-21.6,11,2,1,2.7,0
dbt_model,31.1,57443,1.75,0,0,15.1,16,5,0,5.4,0
dbt_model,38.8,13114,0.99,0,0,7.6,17,6,0,1.8,0
dbt_model,36.7,40786,0.56,0,0,-11.5,0,4,0,6.1,0
quality_check,33.5,16917,0.21,0,0,2.7,18,5,2,4.1,1
quality_check,35.5,480601,5.17,0,0,-17.4,4,3,1,3.3,0
dbt_model,30.6,87128,0.69,0,0,-9.9,15,0,0,5.6,0
extract,42.4,106055,0.08,1,0,12.4,23,2,0,2.4,0
load,21.8,509,0.58,0,1,8.5,11,0,1,2.9,1
extract,43.1,32634,3.51,0,0,-9.2,8,0,0,3.3,0
load,28.6,1017783,0.9,0,0,5.6,21,6,1,0.4,0
extract,48.8,303096,0.0,0,0,-1.3,10,3,0,3.0,0
dbt_model,31.4,1890,0.05,0,0,-18.0,13,4,0,2.5,0
extract,22.7,21993,0.51,0,0,-3.0,4,3,0,7.5,0
extract,33.5,5311,1.53,0,0,7.8,12,4,0,2.0,0
quality_check,31.1,561160,0.55,0,0,5.5,1,2,1,4.1,1
quality_check,33.2,53682,2.59,0,0,-30.5,20,4,0,0.2,0
extract,25.7,10630,0.35,0,0,3.0,14,3,1,3.3,0
load,31.1,38355,1.9,0,0,0.5,10,1,0,2.1,0
dbt_model,33.5,560,1.27,0,0,-34.2,17,3,0,1.9,0
dbt_model,33.9,6400,0.65,0,0,-14.5,14,1,1,2.5,0
dbt_model,22.2,38496,1.08,0,0,8.8,10,3,1,3.0,0
dbt_model,25.0,140516,2.21,0,0,24.9,7,3,1,7.1,0
dbt_model,29.3,1626,0.47,0,0,-29.5,1,2,0,7.0,0
dbt_model,34.3,19735,1.44,0,0,17.6,5,3,1,3.1,0
dbt_model,29.0,182681,0.52,0,0,-33.8,9,0,0,0.2,0
extract,42.5,3560,1.51,0,0,25.2,11,6,2,6.9,1
dbt_model,40.2,52401,0.37,0,0,-4.3,23,4,2,0.4,1
quality_check,26.8,40358,1.31,0,0,-12.9,8,0,0,10.8,0
quality_check,30.5,564112,0.94,0,0,6.4,11,0,0,0.0,0
dbt_model,29.6,25129,0.42,0,0,-17.3,0,0,0,0.3,0
dbt_model,28.8,27596,3.97,0,0,9.3,2,1,2,0.2,0
quality_check,45.9,142619,1.28,0,0,-2.2,11,6,0,0.1,0
quality_check,37.4,4349,2.29,0,0,-68.6,8,5,1,0.7,0
quality_check,31.9,25503,5.83,0,0,-14.6,15,6,0,1.6,0
load,37.1,17515,2.76,0,0,3.4,20,3,2,1.4,0
quality_check,39.3,29078,3.08,0,0,19.2,1,2,0,0.4,0
load,35.1,141131,0.78,0,0,6.0,3,2,0,2.1,0
dbt_model,37.4,88137,0.39,0,0,18.9,13,2,0,6.5,0
dbt_model,35.5,10961,0.81,0,0,-16.1,2,6,0,0.1,0
dbt_model,37.0,45193,0.35,0,0,13.1,7,4,2,3.4,0
dbt_model,29.4,394236,1.55,0,0,13.4,16,5,1,1.2,0
quality_check,23.8,9602,1.77,0,0,-29.4,0,1,0,2.7,0
quality_check,30.0,45810,0.73,0,0,19.8,14,6,2,0.5,0
quality_check,25.3,26660,1.14,0,1,5.9,2,6,2,5.6,1
dbt_model,18.8,32833,0.22,0,0,-5.1,18,4,0,2.6,1
dbt_model,33.8,2672,0.93,0,0,-5.4,17,1,0,0.9,0
dbt_model,39.3,347048,0.09,0,0,-18.7,1,4,1,6.7,0
load,18.0,10520,1.42,0,0,11.4,12,0,0,1.0,0
dbt_model,32.9,187533,0.19,0,0,5.4,11,1,0,5.5,0
extract,28.9,13437,2.28,0,0,10.5,22,3,1,3.8,1
dbt_model,32.1,13348,1.5,0,0,1.4,0,6,0,2.8,1
load,25.9,252962,0.2,0,0,3.7,16,5,0,7.0,0
load,22.8,178120,0.65,0,0,-5.3,13,1,1,7.1,0
extract,37.5,50709,0.31,0,0,19.4,23,6,0,8.3,1
dbt_model,20.6,122742,0.0,0,0,10.9,17,3,0,1.4,0
extract,29.3,22886,3.06,0,1,3.1,6,4,1,1.7,1
dbt_model,29.3,35832,0.03,0,0,-2.4,2,5,2,1.6,0
dbt_model,29.3,12599,0.54,0,0,-31.8,13,0,2,6.2,0
dbt_model,37.0,154276,0.96,0,0,-35.7,20,1,2,7.4,0
extract,44.7,11974,0.88,0,1,-6.6,13,4,1,3.3,1
dbt_model,22.0,390916,0.47,0,0,22.8,13,3,0,2.5,1
extract,39.3,21909,1.41,0,0,-12.7,12,0,0,3.3,0
dbt_model,9.7,37526,2.87,0,0,-12.0,8,0,0,1.5,0
extract,46.9,122267,0.28,0,0,-17.5,21,1,1,5.1,0
extract,13.9,37728,0.23,0,0,-23.2,4,3,2,5.8,0
dbt_model,53.3,22546,0.06,0,0,-16.5,12,2,1,6.2,0
load,28.6,34612,0.17,0,0,5.0,20,6,2,1.2,1
quality_check,46.3,151768,0.29,0,0,-8.9,6,0,0,7.7,0
extract,40.2,12574,0.06,0,0,-9.7,10,3,0,4.0,0
extract,28.0,29673,1.27,0,0,-11.3,16,2,2,3.2,1
dbt_model,29.0,36918,1.2,0,0,4.3,3,0,0,1.1,0
dbt_model,27.1,144832,0.28,0,0,7.0,6,5,0,0.2,0
quality_check,39.0,30953,1.11,0,0,-33.6,17,5,1,1.6,0
quality_check,33.5,655581,0.66,0,0,-13.7,2,0,0,3.1,0
dbt_model,24.4,28269,1.48,0,0,-1.6,9,3,0,0.9,0
dbt_model,36.4,24827,0.18,0,0,7.9,14,3,1,4.0,0
extract,23.7,27621,2.47,0,0,2.3,20,0,0,3.3,0
extract,25.6,4417,0.85,0,0,14.8,3,1,0,1.6,0
extract,30.3,6913,0.66,0,0,-25.4,12,2,0,3.2,0
load,25.0,15536,1.03,0,0,7.5,17,3,0,6.3,0
dbt_model,31.0,223536,2.64,0,0,36.9,9,3,1,1.8,0
quality_check,46.0,34440,0.78,0,0,0.9,10,3,0,1.1,0
dbt_model,29.1,16723,0.37,1,0,1.6,11,5,0,3.6,0
dbt_model,32.4,258449,2.08,0,0,9.3,20,1,2,0.2,0
dbt_model,35.0,434470,0.61,0,0,-9.8,14,0,0,2.8,1
quality_check,39.8,270658,0.72,0,0,-17.0,9,5,0,3.6,0
extract,20.6,9274,2.24,0,0,1.0,0,1,0,4.0,0
extract,34.7,16442,1.68,0,0,-29.8,9,3,2,6.7,0
dbt_model,39.6,661309,0.39,0,0,7.1,19,0,1,7.6,0
dbt_model,16.8,53413,0.51,0,0,10.2,10,6,1,2.2,0
dbt_model,47.6,23666,2.54,0,0,-28.9,9,4,0,2.2,0
quality_check,47.4,114617,0.17,0,0,2.9,17,6,0,0.7,0
dbt_model,27.8,181984,0.69,0,0,-3.9,23,6,0,1.5,0
dbt_model,20.6,14554,1.26,0,0,26.6,3,1,0,2.5,0
dbt_model,34.9,51591,0.81,0,0,23.6,22,2,0,1.3,0
quality_check,22.0,159930,0.74,0,1,15.1,8,6,1,0.2,1
dbt_model,41.3,5673,2.44,0,0,21.8,14,3,0,1.0,0
dbt_model,28.1,37039,0.77,1,0,-6.6,6,5,2,2.8,0
dbt_model,43.7,6105,1.43,0,0,4.7,0,3,0,0.7,1
quality_check,22.1,7527,2.52,0,0,-4.5,9,3,0,4.1,0
quality_check,29.7,14750,0.1,0,1,-17.9,21,2,0,3.6,0
dbt_model,45.0,77916,2.48,0,0,1.5,21,5,0,0.9,0
dbt_model,28.4,21693,0.02,0,0,-1.5,9,3,2,0.0,0
dbt_model,32.9,12868,1.69,0,0,-3.6,15,2,0,2.0,0
dbt_model,42.2,39438,1.32,0,0,-1.1,18,3,1,0.7,0
dbt_model,24.0,5795,0.16,1,0,1.1,12,3,0,5.5,0
dbt_model,22.1,72119,1.39,0,0,16.0,19,1,1,2.9,1
dbt_model,22.3,221952,1.55,0,0,-10.5,3,2,0,0.9,0
dbt_model,37.3,31993,1.04,0,0,-23.0,22,4,0,5.2,0
quality_check,35.2,26258,2.26,0,0,12.2,13,5,0,2.6,0
load,42.8,66006,0.59,0,0,15.4,3,2,0,8.1,0
extract,24.1,1414,0.0,0,0,6.4,19,6,0,1.0,0
quality_check,20.9,85725,0.17,0,0,-20.5,22,6,1,0.6,0
extract,19.7,5194013,1.19,0,0,-2.4,8,1,1,0.1,0
dbt_model,57.7,29843,4.04,0,0,5.1,11,1,1,2.4,0
dbt_model,36.7,30013,4.3,0,0,-19.2,21,4,0,3.8,0
extract,35.5,119344,2.74,0,0,-13.8,12,1,2,0.6,0
dbt_model,39.3,505110,0.36,0,0,-2.6,8,0,0,2.7,0
extract,22.1,172810,0.91,0,0,21.3,15,5,1,1.1,0
quality_check,19.1,1154,0.39,0,0,4.1,3,6,0,1.7,0
extract,49.5,89450,0.53,0,0,-10.3,8,1,0,5.1,0
dbt_model,45.3,2224601,0.63,0,0,-3.6,19,1,0,0.7,0
quality_check,27.1,98312,2.5,0,0,-12.0,2,5,1,0.5,0
load,18.0,5725,2.18,0,0,-7.4,13,0,0,3.7,0
load,28.4,57006,2.98,0,0,13.0,16,0,0,0.1,0
extract,25.8,4679,0.14,0,0,-34.6,12,5,1,2.4,0
load,54.1,261054,0.63,0,0,23.7,9,1,0,17.7,0
dbt_model,27.9,7868,0.47,0,0,39.4,22,4,1,4.2,0
dbt_model,21.7,40896,0.33,0,0,2.9,19,2,1,1.3,0
dbt_model,29.3,9205,0.17,0,0,-15.0,19,2,0,1.3,0
load,33.1,15148,1.09,0,0,20.9,2,6,2,0.2,0
dbt_model,24.8,391539,0.25,0,0,5.0,23,4,1,2.9,1
dbt_model,36.1,42853,0.91,0,0,-9.5,12,1,1,8.0,0
load,41.6,14842,0.49,0,0,-17.5,16,5,2,2.9,1
load,30.3,5811,0.1,0,0,-7.3,9,1,2,0.9,0
load,19.9,1817,0.59,0,0,3.5,13,1,1,1.7,0
load,24.0,4904,0.38,0,0,16.1,17,2,2,0.2,0
load,17.6,43439,2.98,0,0,5.1,12,2,1,2.9,0
dbt_model,33.8,174272,1.43,0,0,8.2,13,6,1,2.2,0
dbt_model,33.5,14815,0.49,0,0,-6.0,8,3,1,0.8,0
dbt_model,28.5,448143,0.88,0,0,15.4,23,2,0,0.8,0
dbt_model,47.7,11521,3.47,0,0,-3.7,4,4,0,0.6,1
dbt_model,38.7,24814,1.0,1,0,33.1,8,3,1,1.2,0
dbt_model,13.1,6455,2.8,0,0,-11.7,19,4,2,0.8,0
load,19.0,177232,0.3,0,0,7.1,11,2,1,2.6,0
dbt_model,29.2,1041337,2.22,0,0,39.4,0,3,0,1.7,0
dbt_model,41.5,2166,3.18,0,0,18.8,2,6,1,10.1,0
quality_check,39.3,20871,0.67,0,0,13.4,21,4,0,1.5,0
extract,50.4,274758,0.73,0,0,5.3,23,0,1,3.1,0
dbt_model,28.3,3586,1.09,0,0,1.0,6,0,0,13.9,0
quality_check,31.9,89921,1.32,0,0,-3.1,5,3,2,6.6,0
dbt_model,24.4,256364,0.79,0,0,-10.1,5,2,0,1.4,0
dbt_model,35.6,41157,0.22,0,0,-27.6,21,3,0,0.3,0
quality_check,32.0,87589,0.14,0,0,11.5,0,4,1,3.5,0
dbt_model,35.0,607704,2.02,0,0,-27.7,2,6,1,5.9,0
quality_check,52.2,820346,0.25,0,0,11.7,8,2,0,2.1,0
dbt_model,30.9,32887,0.06,0,0,-5.6,23,4,0,1.7,0
extract,42.7,15493,0.67,0,0,-17.2,2,6,2,0.6,0
dbt_model,15.4,8333,0.6,0,0,25.3,7,1,2,7.1,0
extract,59.1,173362,2.43,0,0,-26.1,4,6,1,6.3,0
load,25.1,4044,0.08,0,0,-12.0,7,6,0,2.9,0
dbt_model,37.9,24242,1.66,0,0,-10.3,16,2,2,0.2,0
dbt_model,40.3,42800,0.84,0,0,2.7,4,5,0,1.1,0
dbt_model,26.4,16239,0.63,0,0,-11.0,9,1,1,12.4,0
dbt_model,40.4,56823,0.93,0,0,26.3,3,0,1,2.8,0
dbt_model,47.2,2198358,0.77,0,0,-24.7,0,1,1,0.3,0
dbt_model,25.5,29894,0.19,0,0,73.5,11,0,0,1.4,0
dbt_model,24.7,18094,0.25,0,0,-19.1,7,3,2,1.0,0
dbt_model,35.5,184338,1.46,0,0,53.2,17,1,0,3.3,0
quality_check,31.9,53280,0.11,0,0,19.7,0,6,2,0.4,0
extract,48.8,363282,0.53,0,1,-2.0,1,3,0,0.1,1
quality_check,39.0,47263,0.4,0,0,4.1,21,1,1,1.8,0
dbt_model,30.9,24404,0.2,1,0,-6.8,10,2,0,2.0,0
dbt_model,32.7,2092,1.31,0,1,6.2,20,2,0,7.1,0
extract,9.3,2720,1.0,0,0,-13.3,2,0,2,4.2,0
dbt_model,21.6,1925,2.32,0,0,12.8,8,3,0,3.5,0
quality_check,35.9,66632,1.68,1,0,3.3,16,0,0,0.5,0
dbt_model,38.5,4106,0.44,0,0,-17.8,5,3,0,3.0,0
extract,37.5,270742,0.83,0,0,7.7,5,5,0,1.0,0
dbt_model,45.4,38116,0.43,0,0,6.6,2,4,0,1.9,1
extract,39.4,24570,0.74,0,0,-12.9,8,0,0,6.1,0
dbt_model,25.5,9412,0.09,0,0,-7.7,16,5,0,1.6,0
dbt_model,32.7,98283,2.33,0,0,9.2,7,3,0,0.8,0
dbt_model,33.7,10024,2.12,0,0,19.6,2,5,0,5.6,0
dbt_model,25.5,7505,0.25,0,0,-2.6,15,2,0,3.3,0
quality_check,49.3,243132,0.48,0,0,16.8,16,3,1,12.1,0
load,23.2,64048,0.49,0,0,21.0,9,3,0,4.5,0
extract,34.4,24937,0.13,0,0,23.5,6,0,2,0.9,0
dbt_model,40.6,101345,0.57,0,0,7.5,17,3,1,1.2,0
extract,29.4,36838,1.08,0,0,-16.2,17,4,0,0.2,0
extract,28.5,67025,0.07,0,0,16.0,14,5,0,0.5,0
dbt_model,29.3,9828,1.91,0,0,-3.4,9,4,2,2.4,0
dbt_model,45.3,997131,2.56,0,0,9.1,12,2,0,4.5,0
load,26.1,14365,2.58,1,0,-11.3,3,1,2,0.7,1
quality_check,26.9,437847,1.47,0,0,-10.8,0,5,0,0.4,0
dbt_model,42.1,26844,0.43,0,0,-12.6,6,5,1,3.7,0
quality_check,38.1,132105,0.2,0,0,-23.8,12,1,0,3.0,0
dbt_model,43.4,117566,0.62,0,0,-10.6,16,5,1,1.2,0
load,42.3,227513,1.22,0,0,-18.6,5,5,0,0.5,0
load,49.5,9461,0.04,1,0,10.2,16,2,2,0.7,1
extract,45.3,203011,4.1,0,0,-19.2,7,3,2,3.5,1
dbt_model,30.9,696834,2.39,0,0,-12.0,14,6,0,3.7,0
quality_check,35.8,24006,1.82,0,0,0.1,2,4,1,0.3,0
dbt_model,27.3,38389,2.2,0,0,32.6,7,4,0,0.5,0
load,26.7,15716,0.47,0,0,-12.5,4,6,1,1.1,0
load,18.6,20862,0.71,0,0,-24.9,15,6,0,10.9,1
dbt_model,34.4,561449,0.05,0,0,-23.6,17,5,1,0.1,0
extract,34.4,7282,1.01,0,0,-15.5,1,5,0,2.4,0
dbt_model,29.0,8043,0.14,0,0,-11.8,9,1,2,1.3,0
dbt_model,26.8,478036,0.0,1,0,41.5,14,4,2,2.7,0
dbt_model,20.3,98644,0.18,0,1,17.4,17,2,1,3.3,0
dbt_model,57.1,1080130,0.71,0,0,-5.7,18,1,0,1.4,0
dbt_model,33.9,17664,0.92,0,0,33.4,18,6,0,2.1,0
dbt_model,25.2,44446,0.93,0,0,-11.0,3,2,0,7.7,0
dbt_model,34.6,12618,1.57,0,0,-7.4,15,4,0,18.6,0
quality_check,52.3,45673,0.36,0,1,-8.5,19,4,2,3.8,1
extract,32.9,2124,0.4,0,0,18.5,13,4,0,1.3,0
dbt_model,9.1,108654,2.74,0,0,-1.3,21,5,1,6.9,0
load,57.0,60934,1.56,0,0,27.1,19,5,2,0.6,0
extract,15.4,33120,1.85,0,0,7.8,23,6,0,0.5,0
dbt_model,29.3,19446,7.61,0,0,16.4,22,6,1,1.1,0
dbt_model,19.6,8676,3.33,0,0,-32.7,0,0,1,17.1,0
extract,27.6,116347,3.69,0,0,-30.6,9,2,1,1.1,0
dbt_model,31.5,5576,5.13,0,0,-30.0,21,5,0,21.5,0
dbt_model,15.0,82374,1.01,0,0,-7.7,1,5,0,2.2,0
dbt_model,37.2,1003618,0.74,0,0,-27.7,1,1,0,2.7,0
extract,46.7,391145,0.03,0,0,22.3,6,5,0,2.6,0
extract,20.5,3267,1.91,0,0,-3.6,9,4,2,3.4,1
dbt_model,18.2,15386,3.43,0,0,11.1,14,3,1,1.5,0
load,32.2,71276,0.94,0,0,-8.9,13,2,1,0.1,0
dbt_model,29.0,32453,0.09,0,0,14.8,17,4,0,5.9,0
dbt_model,23.0,3869,0.24,0,0,-35.4,5,3,2,0.5,0
dbt_model,22.6,67272,0.1,0,0,-0.9,11,1,0,0.9,0
dbt_model,36.9,35738,0.78,0,0,9.0,8,3,0,4.0,0
dbt_model,42.9,776786,1.6,1,1,10.5,21,3,2,10.9,1
extract,21.9,24217,2.24,0,0,-5.7,21,6,0,1.7,0
dbt_model,27.1,235344,2.17,0,0,-30.8,19,1,1,0.2,0
dbt_model,29.9,4782,0.06,0,0,18.2,4,4,1,1.2,0
dbt_model,20.7,7010,0.4,0,0,-7.1,2,0,0,0.7,0
dbt_model,35.9,115226,0.17,0,0,-5.5,12,1,0,2.6,0
load,48.5,205657,0.73,0,0,39.9,16,5,0,6.0,0
dbt_model,29.0,7849,2.43,0,0,1.7,19,4,2,5.0,0
dbt_model,21.4,37741,0.14,0,0,-9.3,19,1,2,3.0,0
dbt_model,31.9,3981,3.36,0,0,-10.4,5,4,0,3.4,0
quality_check,30.1,27174,1.23,0,0,11.6,8,6,2,1.1,1
load,33.2,138562,0.16,0,0,-14.8,22,2,2,2.2,1
extract,35.3,18107,0.14,0,0,9.2,16,5,1,1.0,0
load,37.8,24380,0.08,0,0,19.8,23,1,0,1.5,0
quality_check,29.4,5957,0.02,0,0,-1.6,5,2,1,5.2,0
extract,29.9,12869,4.15,0,0,17.8,6,6,2,0.2,0
quality_check,55.7,604996,1.36,1,0,-1.2,15,0,1,3.4,0
extract,43.2,40809,1.62,0,0,-12.4,11,1,2,7.4,0
extract,37.0,7304,1.41,0,0,-30.0,23,0,0,0.1,0
extract,32.5,21946,3.32,0,0,5.0,0,0,1,1.2,0
dbt_model,18.7,2818,9.31,0,0,5.3,14,5,0,13.8,1
dbt_model,39.6,7167,0.09,0,0,17.7,23,4,1,7.7,0
dbt_model,37.3,320149,1.14,0,0,15.9,12,0,0,7.3,0
extract,26.6,28912,2.18,0,0,37.2,3,2,0,3.0,0
dbt_model,35.3,748007,1.38,0,0,-10.5,1,5,1,1.5,0
load,23.3,31177,0.97,0,0,6.4,10,3,0,4.0,0
load,41.7,34284,2.44,0,0,-12.4,18,4,1,0.4,1
quality_check,40.2,101258,0.05,0,0,16.7,16,1,1,4.0,0
extract,26.4,504,3.43,0,0,-16.7,2,6,0,0.2,0
quality_check,32.4,50407,2.01,0,1,16.4,15,2,0,1.1,1
quality_check,26.0,33577,0.01,0,0,-13.3,21,6,1,3.4,0
dbt_model,17.2,391469,3.16,1,0,13.8,15,2,0,8.9,1
extract,22.2,169988,0.86,0,0,21.7,6,5,1,3.3,1
load,22.4,5920,1.8,0,0,-28.0,0,3,0,3.3,0
dbt_model,27.7,264983,4.25,0,0,-24.2,13,4,0,2.7,0
extract,34.1,23868,0.05,0,0,4.2,17,0,0,2.4,0
dbt_model,37.0,8543,0.1,0,1,2.3,20,5,0,2.6,0
dbt_model,31.6,49779,0.22,0,0,-5.3,17,3,1,5.8,0
extract,44.4,26253,0.09,0,0,-8.6,11,1,2,3.1,1
dbt_model,29.5,425723,1.53,0,0,-15.4,13,4,1,0.2,1
dbt_model,32.0,62629,0.5,0,0,6.0,4,5,0,2.4,0
load,32.4,50465,1.03,0,0,-17.4,17,4,1,8.4,0
extract,44.6,153435,2.0,0,0,6.6,15,6,0,3.2,0
dbt_model,36.2,208687,9.54,0,0,-10.3,0,1,1,2.5,1
load,35.6,127232,0.15,0,0,-7.6,7,1,0,0.0,0
quality_check,21.3,351913,0.79,0,0,21.9,3,3,2,0.1,0
load,25.8,96171,0.75,0,0,17.2,23,2,1,2.2,0
dbt_model,42.6,47488,0.63,0,0,-17.9,1,2,0,2.0,0
quality_check,17.0,263728,1.1,1,0,-15.7,12,4,2,0.1,1
load,44.1,31400,0.79,0,0,14.0,7,0,0,0.0,1
dbt_model,36.8,38299,0.54,0,0,-25.8,22,3,2,3.3,0
dbt_model,30.3,570645,1.25,0,1,26.2,4,3,0,1.3,0
dbt_model,29.3,486542,0.39,0,0,2.4,22,0,0,3.8,0
dbt_model,49.3,35843,0.61,0,0,-10.4,4,4,0,0.9,0
dbt_model,43.7,17576,0.25,0,0,0.2,0,5,0,5.7,0
load,35.2,377406,0.29,0,0,24.5,10,6,0,1.1,0
load,35.7,130701,0.3,0,0,-38.4,11,6,1,5.4,0
dbt_model,27.3,60170,0.9,0,0,18.5,14,0,0,1.2,0
quality_check,32.6,21698,0.3,0,0,21.5,12,1,0,0.1,0
dbt_model,27.1,61741,0.33,0,0,-5.8,13,2,1,0.3,0
quality_check,31.5,35075,1.93,0,0,-1.3,7,4,0,4.2,0
dbt_model,46.7,12544,2.31,0,0,2.5,20,6,1,1.0,0
dbt_model,31.7,44643,0.33,0,0,13.2,13,1,0,7.1,0
extract,23.5,55529,1.03,0,0,-13.1,9,3,1,2.2,1
dbt_model,18.9,19917,1.11,0,0,-0.3,1,4,1,0.3,0
dbt_model,35.9,154217,0.04,0,0,-1.8,9,6,1,4.2,0
dbt_model,29.0,285538,0.05,0,0,12.2,10,4,0,0.7,0
dbt_model,37.2,171413,1.31,0,0,48.2,0,4,0,1.7,0
load,16.9,23341,0.17,0,0,-13.2,19,6,2,3.9,0
extract,40.6,121700,1.35,0,0,1.4,18,6,0,0.1,0
quality_check,22.9,41140,0.56,0,0,-13.7,5,6,0,0.7,0
load,29.2,5028,0.17,0,0,-8.8,14,5,0,3.9,0
extract,31.1,106549,2.43,0,0,-19.4,3,2,0,4.4,0
dbt_model,48.1,45881,0.52,0,0,-27.5,3,0,0,3.2,0
dbt_model,41.0,2302893,0.39,0,0,21.3,16,5,0,0.2,0
dbt_model,53.8,373858,1.04,0,0,6.4,4,5,0,9.9,0
quality_check,39.3,113305,1.45,0,0,1.7,22,4,2,3.2,0
dbt_model,45.8,54104,0.29,0,1,-15.7,4,0,0,0.1,1
dbt_model,30.8,47190,1.58,1,0,-1.3,15,6,0,8.0,1
dbt_model,32.6,7288,0.07,0,0,-20.8,9,5,0,2.5,0
quality_check,38.4,2247,0.98,0,0,-0.5,1,4,1,3.1,0
dbt_model,38.0,8990,0.88,0,0,6.0,0,2,0,2.1,0
dbt_model,36.9,33646,1.19,0,0,-9.8,3,0,2,4.0,0
load,23.4,1250,2.15,1,0,-13.6,18,4,0,1.1,1
quality_check,29.3,15200,2.46,0,0,-8.9,23,2,0,1.8,0
load,41.8,24436,8.05,0,0,14.7,7,0,0,0.4,0
quality_check,43.8,25727,1.71,0,1,3.6,6,0,2,0.7,0
dbt_model,25.1,12597,0.51,0,0,-28.9,22,0,0,2.1,0
quality_check,24.6,21027,1.99,0,0,13.0,9,1,2,1.7,0
dbt_model,28.9,572764,2.18,0,0,9.8,6,0,0,2.6,0
dbt_model,41.5,104760,2.18,0,0,3.4,13,0,1,0.5,0
dbt_model,22.3,14816,0.1,0,0,29.6,8,2,0,1.1,0
load,39.4,32553,3.14,0,0,0.4,7,0,0,3.9,0
dbt_model,37.1,34707,0.8,0,0,7.8,22,1,1,2.9,0
dbt_model,25.2,10628,1.41,0,0,8.4,17,2,1,0.4,0
dbt_model,44.2,10608,3.06,0,1,15.8,4,0,0,6.3,0
dbt_model,21.9,182926,1.31,0,0,-4.0,14,1,0,1.8,0
dbt_model,46.0,18552,0.62,0,1,-11.6,20,6,0,0.5,1
dbt_model,32.1,6301,1.24,0,0,17.5,11,2,0,0.3,0
dbt_model,13.5,33893,2.54,0,0,16.6,3,5,1,1.0,0
dbt_model,46.9,43862,0.51,0,0,22.9,11,3,0,2.0,0
dbt_model,35.5,1546,0.15,0,0,7.5,11,3,1,0.5,0
load,28.3,34023,0.29,0,0,-29.7,4,0,0,3.6,0
dbt_model,26.0,145621,3.27,0,0,3.0,20,5,1,2.4,0
extract,19.4,74754,0.45,0,0,0.6,0,1,0,2.6,0
dbt_model,60.2,1286804,0.41,1,0,22.1,3,2,0,3.8,1
dbt_model,27.4,268814,1.11,0,0,19.1,2,1,1,3.0,0
extract,24.9,368905,0.38,0,0,11.0,0,4,2,5.5,0
dbt_model,42.4,3204727,1.49,0,0,-37.3,6,4,1,3.6,0
extract,19.6,122155,1.57,0,0,-14.8,5,3,0,0.6,0
dbt_model,23.9,47141,1.96,1,0,-6.6,19,2,0,0.1,1
quality_check,43.9,172471,0.28,0,0,-6.1,6,0,2,1.2,0
load,34.9,14842,0.38,0,0,3.0,5,5,1,9.6,0
dbt_model,29.1,43143,1.32,0,0,26.6,9,4,1,2.4,0
load,30.6,12882,0.8,0,0,14.0,2,4,1,1.8,0
dbt_model,29.4,68649,0.65,0,0,-16.5,17,6,0,6.9,0
quality_check,29.9,12796,0.02,0,0,-14.9,19,0,2,2.8,0
dbt_model,23.5,12099,0.19,0,0,-16.5,1,1,0,0.9,0
quality_check,28.2,70372,0.71,0,0,-2.1,15,6,2,3.2,1
quality_check,26.4,29134,2.4,0,0,14.5,13,0,0,3.6,0
dbt_model,20.3,1662,2.72,0,0,17.4,23,2,0,0.7,0
dbt_model,37.6,3537,0.67,0,0,-6.8,17,5,1,16.5,0
dbt_model,36.0,5792,1.03,0,0,-0.5,21,3,0,0.6,0
quality_check,21.4,8841,1.15,0,0,30.1,19,1,2,1.5,0
load,22.6,70479,0.36,0,0,-26.7,14,2,1,0.8,0
load,31.4,51549,0.11,0,0,11.5,23,2,2,0.7,0
dbt_model,54.6,199675,0.44,0,1,9.5,14,1,0,1.8,1
dbt_model,25.1,121113,0.32,0,0,-5.3,19,0,2,1.8,0
extract,33.8,201802,0.98,0,0,-0.3,10,4,1,3.2,0
quality_check,34.7,96127,1.15,0,0,7.6,2,0,0,2.6,0
load,31.8,50791,0.59,0,0,-5.3,15,4,1,3.1,0
extract,31.2,210862,0.96,0,0,-11.5,4,4,0,3.9,0
dbt_model,45.2,158112,0.6,0,0,-12.8,12,6,0,4.2,0
load,37.4,66287,0.54,0,0,33.5,17,6,1,0.2,0
load,43.4,277538,0.47,0,0,-7.9,20,6,0,1.9,0
dbt_model,31.0,851,3.58,0,1,3.6,5,4,0,5.3,0
extract,39.5,22816,0.3,0,1,14.1,21,0,2,1.6,0
load,45.7,22264,0.63,0,0,-3.8,5,5,0,0.4,0
load,47.4,229645,1.27,0,0,0.6,18,6,1,3.2,0
dbt_model,57.5,448754,0.06,0,0,9.0,20,1,0,1.7,0
load,39.2,3567,0.43,0,0,-15.3,15,2,0,2.9,0
extract,30.1,347273,0.06,0,0,-27.7,11,0,0,0.1,0
dbt_model,36.6,5572,0.03,0,0,-13.2,14,2,0,0.1,0
extract,35.5,5849,0.25,0,0,31.1,9,2,1,1.5,0
load,48.9,24962,0.63,0,0,-10.4,2,6,0,1.3,1
quality_check,22.7,21826,1.66,0,0,2.4,11,1,0,1.7,0
load,32.9,3000,0.58,0,0,-23.9,0,1,0,0.8,0
dbt_model,27.9,102724,0.45,0,0,24.2,6,4,0,5.1,0
extract,38.7,107693,1.13,0,0,-5.4,23,5,2,0.8,1
extract,33.2,196116,2.92,0,0,-8.2,2,6,0,0.1,0
dbt_model,35.4,18150,0.24,0,0,-2.4,1,5,2,1.6,0
quality_check,19.4,34086,0.78,0,0,45.2,23,1,1,2.5,0
extract,39.3,34589,0.05,0,0,7.9,17,4,0,1.3,0
load,38.8,540793,2.28,0,0,-2.8,7,6,0,0.7,0
dbt_model,25.7,389,0.74,0,0,-51.9,2,5,1,0.2,0
dbt_model,47.1,7854,0.19,0,0,24.4,12,3,0,2.7,0
dbt_model,28.8,36638,0.49,0,0,-12.5,22,2,1,2.3,0
dbt_model,32.3,6393,0.72,0,0,-15.3,1,0,0,2.1,0
dbt_model,32.4,24021,0.4,0,0,-13.7,23,2,0,3.4,0
extract,33.7,29681,1.15,0,0,26.4,3,3,0,1.0,0
dbt_model,50.4,12678,1.49,0,0,-0.8,23,6,1,0.3,0
quality_check,33.0,40261,0.02,1,1,-27.4,2,3,1,2.2,1
load,28.9,99214,0.56,0,0,-3.7,6,4,1,0.2,0
dbt_model,48.4,24883,1.47,0,0,-15.0,1,5,0,4.2,0
load,28.2,17586,1.37,0,0,6.5,10,3,0,0.2,0
load,17.3,27855,1.03,0,0,-7.0,15,5,1,1.8,0
load,25.6,35885,1.83,0,0,-28.2,3,6,0,0.1,0
dbt_model,16.2,2242,0.46,0,1,-1.5,0,4,1,0.2,0
load,17.3,75999,2.38,0,0,-1.0,3,4,2,1.7,0
dbt_model,27.7,17648,0.08,0,0,-22.6,10,4,0,1.2,0
extract,35.1,273335,0.27,0,0,-35.3,12,6,0,0.7,0
dbt_model,44.5,93497,0.06,0,0,5.1,15,4,1,0.5,0
quality_check,41.2,236122,0.84,0,0,-5.1,22,0,1,2.6,0
extract,34.7,7204,1.45,0,0,-3.9,8,1,0,1.1,0
dbt_model,23.2,20045,0.57,0,0,13.4,14,1,0,2.6,1
quality_check,36.8,4974,0.34,0,0,-34.9,3,6,0,1.5,0
extract,42.8,11751,0.31,0,0,1.1,8,0,1,4.6,0
dbt_model,39.3,269242,1.12,0,1,11.9,5,1,1,6.9,1
dbt_model,40.2,392379,0.64,0,0,-3.3,4,4,0,0.0,1
dbt_model,17.7,5784,3.78,0,0,-25.5,3,4,0,0.4,0
dbt_model,40.5,17444,1.03,0,0,-11.9,1,0,2,6.9,0
load,48.1,32147,1.29,0,0,-8.1,7,5,1,3.9,0
extract,36.8,92685,0.07,0,0,-28.4,1,0,2,2.2,0
load,22.0,2173,4.29,0,0,6.7,8,0,0,0.1,0
quality_check,26.3,2793,0.48,0,0,0.1,1,5,0,7.2,0
load,29.8,79491,4.8,0,0,-11.6,9,3,0,4.4,0
load,23.6,1606,0.49,0,0,17.7,19,3,0,0.4,0
dbt_model,36.8,17767,1.96,0,0,-9.4,5,0,0,3.6,0
load,35.2,47067,0.01,0,0,26.6,1,1,0,4.3,0
dbt_model,42.4,70619,0.58,0,0,-4.8,5,1,0,10.0,0
load,35.2,28947,0.37,0,0,-17.2,10,2,0,2.5,0
load,23.4,20227,0.3,0,0,-16.6,15,4,0,3.9,0
dbt_model,30.1,140268,0.43,1,0,1.6,15,2,0,3.5,1
dbt_model,28.0,57315,0.42,0,0,-19.3,0,6,0,2.8,0
extract,28.8,12897,0.97,0,0,2.6,22,1,0,0.5,0
extract,48.5,38574,0.27,0,1,-7.2,10,2,1,6.8,0
dbt_model,50.9,67041,0.56,0,0,-7.6,7,0,0,9.0,0
quality_check,44.5,567604,0.23,0,1,-0.7,22,5,2,3.4,1
dbt_model,35.5,127786,0.35,0,0,18.1,4,4,1,0.1,0
dbt_model,23.4,253543,1.74,0,0,-9.8,18,3,2,1.6,0
dbt_model,32.5,13670,0.0,0,0,3.3,23,5,1,3.3,0
dbt_model,23.7,15698,2.89,0,0,8.0,7,5,2,2.3,0
dbt_model,46.3,24919,0.48,0,0,-21.8,10,2,1,1.4,0
load,17.4,28862,0.55,0,0,9.4,13,5,1,5.6,0
quality_check,32.9,7238,3.09,0,0,14.7,19,1,0,0.9,0
dbt_model,27.9,275266,0.77,0,0,17.4,23,4,1,5.9,0
load,34.6,149247,3.22,0,0,-20.0,13,3,0,0.3,0
dbt_model,37.4,22268,0.66,0,0,-18.7,17,2,0,1.0,0
load,43.2,101390,0.05,0,0,-1.0,20,4,0,2.6,0
dbt_model,32.3,51877,0.52,0,0,-2.0,14,4,2,4.0,0
extract,41.1,114889,0.74,0,0,0.3,18,6,0,3.6,0
dbt_model,22.5,4226,2.72,0,0,-6.4,13,4,0,1.0,0
extract,34.0,28765,1.96,0,0,3.3,13,2,1,0.2,0
extract,41.1,33095,0.06,0,0,-46.0,21,6,1,0.3,1
load,37.0,98501,0.77,1,0,11.8,8,6,1,0.8,0
quality_check,25.7,13286,2.34,0,0,26.5,4,3,1,4.6,0
dbt_model,22.8,665,1.82,0,0,-10.0,17,1,2,1.0,0
load,38.4,6433,0.13,0,0,3.6,13,6,2,0.1,0
extract,22.2,32936,1.38,0,0,30.3,13,4,0,0.5,0
dbt_model,23.9,40223,3.05,0,0,0.6,8,2,0,4.6,0
quality_check,42.3,537130,1.46,0,0,5.5,17,2,0,1.3,0
dbt_model,29.9,92262,2.53,0,0,33.2,11,5,0,1.0,0
quality_check,19.4,41375,1.94,0,0,36.7,15,4,0,10.0,0
load,44.3,34481,0.85,0,0,-19.1,0,4,0,2.3,0
extract,25.4,212499,0.55,0,0,-7.4,22,5,1,3.5,0
extract,28.8,14126,0.34,0,0,16.1,19,0,1,3.5,1
load,26.3,29014,0.2,0,0,8.9,11,2,1,0.2,0
dbt_model,26.5,6356,0.26,0,0,12.7,4,3,1,9.0,0
dbt_model,28.2,351600,1.99,0,0,-47.2,23,1,1,1.9,0
dbt_model,39.8,68050,0.47,0,0,-35.2,13,5,0,4.6,0
dbt_model,31.3,11707,1.75,0,0,32.1,11,1,0,1.8,0
quality_check,40.8,30238,1.74,0,0,13.9,22,4,1,8.5,1
dbt_model,28.2,82079,0.87,0,0,6.4,21,3,0,1.8,0
extract,50.7,24315,2.26,0,0,-22.4,6,3,0,0.2,0
dbt_model,13.6,15442,0.66,0,0,-7.5,16,0,1,1.5,0
quality_check,16.2,12748,1.61,0,0,10.3,7,5,1,3.7,0
extract,49.0,62463,3.05,0,0,-24.9,0,1,1,3.2,0
dbt_model,35.5,20478,0.99,0,0,-12.7,9,6,2,2.5,0
quality_check,34.1,17570,0.76,0,0,6.8,5,6,0,2.2,0
dbt_model,32.4,4282,3.85,0,1,10.6,13,1,2,1.7,1
extract,37.6,41118,3.16,0,0,-9.4,10,0,0,0.7,0
extract,34.4,27174,7.58,0,0,17.7,5,1,1,3.1,0
dbt_model,22.7,21706,0.75,0,0,17.1,10,2,0,0.2,0
dbt_model,40.2,49912,1.14,0,0,-32.3,17,6,1,1.5,0
load,40.3,120186,2.74,0,0,29.5,14,0,0,5.5,0
dbt_model,47.0,111580,0.15,0,0,21.0,15,1,0,1.2,0
load,49.7,87936,0.98,0,0,3.7,3,1,0,2.8,0
dbt_model,34.5,24709,1.38,0,0,-2.5,2,5,0,0.2,0
dbt_model,19.6,14658,1.07,0,0,14.2,15,4,2,0.5,1
extract,45.3,6834,0.84,0,0,9.6,12,3,0,0.4,0
dbt_model,21.4,14058,2.2,0,0,-4.9,15,5,0,1.9,0
dbt_model,35.3,37475,0.22,0,1,28.9,8,2,0,7.5,1
dbt_model,27.7,10321,0.39,0,0,-37.9,2,1,0,9.0,0
dbt_model,28.6,42348,2.1,0,0,-12.0,8,5,0,1.1,0
dbt_model,36.4,7748,0.47,1,0,8.1,15,6,1,0.1,1
extract,29.8,2546,2.22,0,0,-0.9,23,5,0,3.4,0
dbt_model,39.1,134732,0.01,0,0,12.6,13,0,0,0.5,0
load,23.6,16999,0.68,0,0,-25.1,9,1,0,2.4,0
dbt_model,28.3,9516,0.31,0,0,-4.6,8,6,1,1.4,0
dbt_model,22.3,6309,0.39,0,0,20.7,0,0,1,6.7,0
dbt_model,31.6,71457,3.12,0,0,-26.9,4,3,2,2.9,0
quality_check,35.0,327699,0.5,0,0,-4.3,8,5,0,1.5,0
dbt_model,47.7,19054,0.12,0,0,-9.6,14,6,0,0.5,0
load,29.3,25721,2.05,0,0,6.5,14,4,0,1.6,0
dbt_model,16.1,201714,2.52,0,0,7.1,7,6,2,1.5,0
extract,39.8,2004,0.65,0,0,1.7,12,0,1,0.0,0
dbt_model,41.8,844913,0.37,0,0,-5.2,5,2,0,4.7,0
dbt_model,37.9,1813121,0.05,0,0,1.1,1,0,2,4.9,0
load,20.8,478,1.97,0,0,-3.0,6,5,0,2.9,0
load,23.4,31069,1.45,0,0,-0.6,4,4,0,0.2,0
load,47.7,11495,1.02,1,0,26.2,12,6,1,0.8,1
dbt_model,32.0,23774,0.97,0,0,-21.6,18,4,2,4.9,0
dbt_model,15.4,18593,2.08,0,0,6.1,4,4,0,0.7,0
dbt_model,37.4,133094,0.23,0,0,-17.0,0,5,0,2.5,0
extract,42.8,30329,0.77,0,0,35.2,1,2,1,1.6,1
dbt_model,31.1,8455,1.59,0,0,1.6,5,6,1,0.7,0
dbt_model,23.6,27570,0.55,0,0,-22.8,3,6,0,3.4,0
extract,24.8,82756,2.15,0,0,-4.2,23,4,2,0.5,0
dbt_model,20.7,5464,0.76,0,0,-26.3,5,2,2,1.9,1
dbt_model,41.4,2607,0.89,1,0,-11.4,15,4,0,4.4,0
dbt_model,37.1,880626,1.14,0,0,11.1,16,6,1,3.4,0
load,15.3,12992,2.31,0,0,24.5,5,3,2,3.8,0
dbt_model,35.3,29150,0.08,0,0,19.5,3,5,0,3.3,0
load,32.4,19216,2.24,0,0,-1.9,4,3,1,0.6,0
dbt_model,29.7,87285,0.01,0,0,10.3,21,3,0,3.3,0
extract,28.0,619373,1.66,0,0,14.6,9,6,2,1.7,1
dbt_model,24.3,91848,0.09,0,0,40.5,0,2,0,0.8,1
quality_check,37.8,3199,2.75,0,0,-10.9,15,0,0,2.3,0
dbt_model,30.6,3965,1.89,0,0,27.2,10,5,0,5.9,0
dbt_model,35.4,19180,0.53,0,0,-19.7,4,3,0,0.1,0
dbt_model,33.7,23643,2.06,0,0,21.2,3,0,0,8.5,0
load,30.4,2309,0.54,1,0,-11.2,17,1,1,0.2,0
dbt_model,30.3,134718,2.68,0,0,-12.3,7,5,1,0.9,0
extract,27.4,6386,3.05,0,0,-5.1,1,5,0,1.0,0
dbt_model,46.9,396044,0.51,1,0,-14.0,18,3,1,3.3,0
load,50.0,668647,0.44,0,0,7.7,4,5,1,2.9,0
quality_check,20.6,24411,0.97,0,0,22.1,23,6,0,0.2,0
load,31.6,73302,0.12,0,0,-38.0,14,1,0,0.0,0
load,36.4,5058,3.3,0,0,-3.1,13,1,1,14.6,0
extract,50.9,98506,1.69,0,0,-19.6,16,5,0,0.9,0
dbt_model,46.9,16364,1.8,0,0,16.3,5,2,0,0.2,0
extract,22.1,6376,1.55,0,1,25.6,16,4,0,0.0,0
extract,42.9,22858,0.0,0,0,-3.1,4,3,0,10.0,0
load,31.5,17236,1.84,0,1,-12.7,6,6,1,7.0,1
load,40.7,21584,1.23,0,0,-29.1,13,0,0,0.3,0
extract,42.0,165957,3.25,1,0,35.1,9,5,0,5.1,0
quality_check,18.7,10337,1.24,0,0,23.7,21,6,1,7.4,0
dbt_model,42.0,583054,0.35,0,0,-35.6,0,5,0,0.6,0
extract,37.6,4358,1.84,0,0,11.8,2,6,0,5.0,0
load,36.5,481512,0.96,1,0,-20.0,0,0,1,6.5,0
load,27.2,7140,0.93,0,0,-9.2,21,6,0,1.8,0
dbt_model,18.1,36256,0.34,0,0,-22.5,9,6,1,1.2,0
quality_check,37.0,16575,3.03,0,0,-36.0,21,6,0,4.8,0
dbt_model,33.2,20952,0.58,0,0,-0.8,13,5,0,1.1,0
quality_check,26.2,130897,0.08,0,0,34.1,20,2,0,1.4,0
dbt_model,33.5,400201,0.27,0,1,-16.7,19,5,0,0.2,0
load,36.9,243979,0.19,0,0,16.0,2,0,1,1.2,1
extract,26.1,19000,0.06,0,0,18.9,23,5,1,0.3,0
dbt_model,32.8,48766,0.13,0,1,13.0,12,1,1,0.5,1
load,14.3,10390,0.42,0,1,35.9,14,5,0,2.1,1
dbt_model,41.6,7431,0.21,1,0,17.2,5,1,2,0.3,0
dbt_model,29.2,5801,0.63,0,0,32.5,19,4,1,13.3,0
quality_check,21.1,18031,3.36,0,0,-20.6,1,0,0,2.5,0
dbt_model,10.8,54142,1.75,0,0,13.4,3,0,0,3.6,0
dbt_model,36.2,1704,1.59,0,0,27.2,5,0,1,2.7,0
dbt_model,37.1,33719,0.11,0,0,-13.9,19,3,1,2.3,0
dbt_model,38.4,410708,0.72,0,0,-62.8,19,5,0,1.1,0
load,43.1,218612,1.2,1,0,-22.8,6,1,0,0.6,0
dbt_model,38.4,14238,0.91,0,0,-13.0,13,1,1,2.4,0
extract,30.1,3885,1.1,0,0,10.1,9,2,0,0.3,0
quality_check,31.2,75790,0.96,1,0,-10.2,13,1,0,2.6,0
load,22.0,890,1.4,0,0,0.1,0,1,0,0.2,0
extract,39.1,214538,3.45,0,0,-10.9,10,2,1,1.9,0
quality_check,44.2,25803,0.41,0,0,-2.3,11,4,0,4.2,0
dbt_model,36.4,680158,0.38,0,0,-1.2,0,4,0,0.6,0
quality_check,40.7,2291,0.27,0,0,-11.4,15,5,1,5.3,0
extract,38.2,157792,0.35,0,0,14.8,9,2,1,3.5,0
load,35.4,30920,0.53,0,0,24.8,6,6,0,5.9,0
dbt_model,53.0,21382,1.29,0,0,-20.7,18,5,0,0.6,0
load,43.3,4057,0.76,0,0,3.9,19,6,0,0.7,0
dbt_model,49.0,94201,2.55,0,0,-25.7,6,5,0,5.8,0
load,26.9,107132,0.38,0,0,-31.5,22,0,2,1.8,0
dbt_model,56.9,631721,1.59,0,0,18.7,0,1,0,1.4,0
extract,34.3,182203,1.02,0,0,36.1,13,5,0,1.7,1
load,28.5,14041,0.19,0,0,-5.9,17,1,0,0.0,0
quality_check,10.0,7286,1.43,0,0,33.0,5,6,1,6.8,0
dbt_model,31.4,4065,0.93,0,0,-11.7,8,1,0,2.4,0
dbt_model,26.6,383524,1.63,0,0,-4.2,16,5,1,7.2,1
dbt_model,33.8,10455,2.07,0,1,30.0,8,1,0,1.1,0
dbt_model,25.9,387847,0.33,0,0,-16.4,7,0,2,0.2,0
load,49.9,84129,1.49,0,0,16.5,15,1,0,1.0,0
load,38.1,61564,0.69,0,0,-6.3,3,6,2,0.3,0
dbt_model,51.9,22225,0.03,0,0,-13.0,13,3,1,0.1,0
load,24.9,104514,0.06,0,0,-9.2,6,3,0,0.8,0
dbt_model,46.1,35427,1.81,0,0,-39.0,7,4,1,0.7,0
quality_check,15.0,20115,1.76,0,0,22.7,10,4,2,0.4,0
quality_check,36.0,110592,0.1,0,0,4.1,17,5,0,0.9,0
dbt_model,26.2,28843,0.89,0,0,-2.7,5,1,0,1.2,0
dbt_model,26.0,10124,0.83,0,0,-12.5,16,0,0,1.2,0
dbt_model,29.3,94818,2.92,0,0,5.6,8,5,0,2.4,1
load,23.8,32781,1.36,0,0,15.9,21,2,1,4.8,1
dbt_model,22.3,79400,2.64,0,0,-4.9,9,6,0,2.6,0
dbt_model,27.0,17567,1.93,0,0,17.3,10,4,1,1.2,0
dbt_model,29.9,5246,0.51,0,0,5.0,18,5,0,2.5,0
dbt_model,47.5,583102,0.36,0,0,-1.7,1,5,0,2.5,0
dbt_model,39.2,431308,0.15,0,0,16.4,20,1,1,9.0,0
extract,45.2,149351,0.93,0,0,-9.1,7,1,0,2.5,0
extract,17.9,19526,0.07,1,0,-22.5,19,0,2,0.6,1
quality_check,27.5,22460,3.44,0,0,-1.0,8,1,0,2.0,0
extract,42.5,331613,1.71,0,0,0.6,4,6,0,11.8,0
dbt_model,34.3,20617,1.0,0,0,-4.0,2,0,2,3.3,0
quality_check,22.7,13199,0.31,0,1,21.4,19,6,0,1.3,0
quality_check,45.9,726196,2.52,0,0,9.0,0,2,0,13.3,0
dbt_model,27.3,33648,2.08,0,0,-2.1,15,5,1,0.3,0
dbt_model,30.2,615063,0.05,0,0,-0.1,14,6,0,1.3,0
load,32.7,3876,1.62,0,0,1.5,5,5,1,0.6,0
load,33.7,83207,0.44,0,0,9.5,18,2,0,3.6,0
dbt_model,33.3,998223,2.7,0,0,0.9,9,0,2,2.7,0
extract,27.3,38085,0.08,0,0,-2.8,19,3,0,18.2,0
extract,21.9,23803,0.33,0,0,-24.0,8,3,0,2.0,0
dbt_model,25.4,5606,4.09,0,0,-12.8,18,1,0,1.4,0
extract,45.1,205201,0.54,1,0,5.0,10,0,0,0.0,0
load,32.3,10591,0.43,0,0,3.4,11,3,0,9.3,0
dbt_model,40.6,31204,0.01,0,0,-26.7,20,2,0,0.1,0
dbt_model,33.5,5038,1.22,0,0,-10.1,2,1,0,0.8,0
load,31.1,438463,0.11,0,0,-16.7,9,1,0,4.4,0
quality_check,20.6,230456,1.18,0,0,24.6,1,3,2,5.3,0
dbt_model,23.8,34525,0.54,0,0,4.5,1,3,2,3.1,0
dbt_model,23.0,5729,0.67,0,0,7.7,3,3,0,0.2,1
dbt_model,29.8,423984,0.56,0,0,-1.2,17,4,0,2.0,0
dbt_model,40.1,20221,0.68,0,0,-11.3,18,4,1,5.4,0
load,37.9,6196,1.56,0,0,-8.0,18,5,0,2.3,0
load,47.2,2165,0.85,0,0,8.9,23,6,1,0.1,0
load,23.6,12919,3.23,0,0,-4.7,13,0,0,3.4,0
extract,42.6,3542,2.74,0,0,9.1,4,2,0,0.6,0
dbt_model,44.8,13406,2.81,0,0,2.6,11,6,1,0.0,0
dbt_model,32.2,119497,4.04,0,0,5.3,13,6,1,0.0,0
extract,35.5,19917,0.09,0,0,6.2,18,1,0,0.7,0
dbt_model,44.4,64158,2.17,0,0,-9.5,11,1,0,0.4,0
extract,29.7,11414,0.17,0,0,-5.6,0,6,0,10.7,0
load,31.2,40306,0.41,0,0,16.4,20,1,2,0.5,0
extract,31.9,785001,0.19,0,0,32.9,14,3,2,1.0,0
extract,10.0,20794,0.44,0,0,16.5,2,6,0,5.3,0
dbt_model,33.9,67177,0.2,1,0,-50.2,22,0,1,1.9,1
extract,21.5,2966,1.79,0,0,-13.6,10,6,2,0.1,0
dbt_model,26.8,413399,2.38,0,0,2.1,19,5,2,1.2,0
dbt_model,34.7,16923,2.58,0,0,-19.8,17,6,0,0.3,1
load,22.1,195019,1.04,1,0,-20.6,6,0,0,0.5,0
dbt_model,39.2,29819,1.4,0,0,-7.5,21,1,0,3.4,0
dbt_model,38.3,96618,1.35,0,0,6.2,22,4,0,1.1,0
dbt_model,30.5,106257,1.2,0,0,11.1,22,2,0,5.6,0
dbt_model,30.4,17607,0.25,0,0,-6.6,4,5,1,3.8,0
quality_check,24.6,208365,1.52,0,0,-8.0,3,0,1,1.5,0
dbt_model,36.9,10781,0.02,0,0,-15.2,13,3,0,1.7,0
dbt_model,36.1,126082,2.82,0,0,9.1,5,1,1,0.9,1
quality_check,33.5,19451,0.05,0,0,7.9,14,4,2,4.6,0
load,37.7,63531,2.36,1,0,16.3,16,4,0,6.3,0
dbt_model,25.2,17340,2.37,0,0,2.3,0,4,2,5.6,0
dbt_model,18.7,39338,2.57,0,0,-23.6,18,4,0,4.7,0
load,37.9,6506,2.46,0,1,-6.3,3,0,0,2.2,1
dbt_model,39.1,53965,0.93,0,0,15.4,13,1,0,0.2,0
load,27.5,38975,0.04,0,0,-31.2,13,4,2,2.1,0
extract,34.4,15302,3.86,0,0,-1.5,0,1,1,1.0,0
dbt_model,43.4,33254,0.09,0,0,5.1,4,6,2,0.3,1
extract,42.9,44999,1.02,1,0,36.1,12,0,0,4.0,0
extract,25.4,13545,1.85,0,0,-10.8,10,2,1,1.6,0
dbt_model,18.5,29554,0.72,0,0,-2.2,11,2,1,1.6,0
dbt_model,17.6,7267,0.46,0,0,30.4,16,0,0,7.6,0
dbt_model,36.0,1549081,0.32,0,0,-10.6,16,6,2,2.7,0
dbt_model,48.3,197716,0.69,0,0,19.3,15,1,0,2.4,0
dbt_model,26.4,56215,0.23,0,0,7.1,17,6,0,0.5,0
load,30.1,236896,3.84,0,0,-4.0,20,4,0,1.8,0
load,21.2,1530,0.01,0,0,8.1,5,3,2,1.8,0
dbt_model,20.3,606,0.21,0,0,-2.7,22,6,1,2.9,0
dbt_model,31.0,19170,0.95,0,1,40.6,11,0,0,1.8,0
quality_check,16.9,4000,1.0,0,1,-37.2,22,5,0,6.7,1
extract,41.3,24870,1.99,0,0,-5.1,15,5,0,0.6,0
dbt_model,31.5,50465,2.58,1,0,-4.6,9,5,1,6.1,0
dbt_model,57.1,158365,0.42,0,0,-2.4,1,4,0,1.6,0
dbt_model,18.5,5876,1.51,0,0,19.4,2,2,1,2.2,0
dbt_model,47.7,68830,0.92,0,1,-8.0,14,1,0,0.9,0
dbt_model,44.8,37161,1.01,0,0,8.9,16,4,1,2.2,0
dbt_model,29.5,63323,0.45,0,0,4.2,3,3,0,7.7,0
dbt_model,27.2,15809,1.21,0,0,15.1,22,2,0,8.8,0
dbt_model,27.8,332041,0.4,0,0,-2.5,7,6,1,0.3,1
quality_check,23.8,30772,0.21,0,1,5.8,18,0,1,4.7,1
extract,37.2,620754,0.4,0,0,-2.2,18,1,0,0.9,0
dbt_model,30.2,10253,0.37,0,0,-17.7,16,3,0,1.4,0
quality_check,19.9,119195,2.9,0,1,28.8,21,6,0,1.4,0
dbt_model,52.7,33008,0.29,0,0,-13.7,19,3,1,0.4,0
quality_check,29.0,21495,0.04,0,0,-8.6,3,3,1,0.1,0
quality_check,34.6,99877,0.22,0,0,-15.4,9,5,0,0.1,0
load,25.8,22501,0.53,0,0,7.2,13,5,1,0.1,0
dbt_model,22.4,513,1.8,0,0,-8.6,12,5,0,0.3,0
quality_check,20.5,270,0.4,0,0,27.3,12,4,0,1.7,0
load,35.8,278138,0.4,0,1,9.6,4,3,1,4.1,1
quality_check,35.5,259993,0.05,0,0,-5.0,23,4,0,1.6,0
dbt_model,44.7,743962,0.77,0,0,-16.4,16,3,0,0.1,1
quality_check,34.2,35311,0.78,0,0,-2.0,19,3,0,0.1,0
extract,35.0,4590,0.44,0,1,9.4,8,5,1,0.6,1
dbt_model,31.0,18558,0.38,0,0,-0.8,15,4,1,1.0,0
dbt_model,34.4,36985,2.12,0,1,-2.5,6,2,0,0.5,0
dbt_model,27.3,7249,0.85,0,0,-18.4,14,4,1,0.4,0
dbt_model,45.9,507737,0.5,0,0,40.4,6,2,0,0.5,0
extract,41.4,1306947,0.04,1,0,-3.6,22,5,1,3.8,1
dbt_model,32.1,78061,0.16,0,0,-24.7,12,6,0,0.9,0
load,30.5,35689,1.64,0,0,-19.4,11,4,0,1.7,0
dbt_model,27.7,4573,0.93,0,0,-6.2,12,5,0,6.4,0
dbt_model,36.8,431185,1.72,0,0,35.0,5,1,1,0.4,0
load,31.9,41031,1.14,0,0,-3.1,19,6,1,0.8,0
extract,26.4,22864,0.26,0,0,-6.7,6,4,1,3.6,0
dbt_model,40.5,78423,5.58,0,0,15.2,21,6,0,1.7,0
dbt_model,38.1,14226,0.29,0,0,16.5,20,5,0,1.1,0
dbt_model,48.7,45935,1.57,0,0,11.9,7,5,2,2.1,0
load,22.8,3612,0.37,0,0,3.6,13,0,0,2.6,0
dbt_model,41.3,206765,1.56,1,0,-19.9,7,1,1,4.1,1
load,14.8,30728,1.54,0,0,-13.5,3,2,0,0.1,1
extract,42.9,231904,1.33,0,0,-28.6,6,3,2,1.2,0
quality_check,18.6,26322,5.82,0,0,-4.0,20,2,2,0.1,0
dbt_model,23.0,29204,0.44,0,0,-7.6,7,2,1,1.6,0
dbt_model,31.9,5220,0.03,0,0,-9.5,22,3,0,1.6,0
dbt_model,28.8,122468,0.42,0,0,5.0,17,2,0,0.5,0
quality_check,23.0,8943,0.6,0,0,-11.8,10,4,0,3.4,0
dbt_model,26.5,16675,0.52,0,1,-6.1,15,5,0,10.6,0
dbt_model,38.8,36376,2.76,0,0,-8.8,21,4,2,1.3,0
extract,24.2,44088,3.25,0,0,-0.6,1,2,1,2.4,0
dbt_model,27.0,2369,0.97,0,0,6.6,19,6,0,4.4,0
load,28.2,25102,2.54,0,1,-24.2,13,1,1,0.2,0
extract,41.8,129620,0.97,0,0,8.2,23,0,1,0.1,0
dbt_model,38.8,19824,2.09,0,0,4.8,20,2,1,1.6,0
dbt_model,15.1,25347,0.14,0,0,7.5,21,3,0,1.6,0
load,42.1,47091,2.13,0,0,2.4,1,5,0,0.4,0
dbt_model,26.4,29686,0.89,0,0,6.5,10,4,2,0.2,0
dbt_model,31.5,6982,5.69,0,0,-7.5,21,3,1,1.3,1
quality_check,23.7,34263,0.26,0,0,8.0,6,2,0,3.8,0
extract,38.3,178174,1.99,0,0,20.6,6,0,0,0.4,0
quality_check,52.3,6755,1.38,0,0,-8.9,16,2,1,1.5,0
quality_check,32.3,19946,0.99,0,0,-8.3,7,4,0,7.7,1
quality_check,24.3,3981,0.33,0,1,11.3,14,5,0,6.1,0
dbt_model,32.8,163768,1.83,0,0,-10.0,9,1,1,1.3,1
quality_check,18.8,31326,0.23,0,0,-12.9,10,1,0,7.5,0
quality_check,42.9,9317,0.12,0,0,7.6,3,0,0,1.9,0
load,35.3,42092,0.37,0,0,-7.7,20,4,1,1.6,0
dbt_model,19.5,5293,0.27,0,0,22.0,2,2,0,0.6,0
dbt_model,20.2,6949,0.33,0,0,-8.4,4,6,1,0.2,0
dbt_model,28.3,3511,1.51,0,0,-14.7,5,5,0,3.3,0
dbt_model,37.7,6588,0.25,0,0,-0.1,6,6,0,5.8,0
load,25.7,318615,3.01,0,0,7.8,0,0,2,2.1,0
quality_check,40.2,11237,1.72,0,0,5.8,23,6,1,0.7,0
dbt_model,32.7,76569,0.35,0,0,9.7,13,1,1,5.9,0
dbt_model,21.5,9527,0.58,0,0,-10.0,11,4,0,1.8,1
dbt_model,30.1,122425,1.29,0,0,20.4,3,1,0,0.0,0
dbt_model,45.1,7032,0.24,0,0,-29.8,15,4,0,3.1,0
dbt_model,19.9,38667,4.97,0,0,-14.1,2,5,2,0.1,0
quality_check,25.8,39519,0.35,0,0,0.7,6,3,0,1.0,0
quality_check,47.3,1505278,0.11,0,0,-12.5,13,1,1,0.7,0
load,35.9,99576,4.11,0,0,-5.6,23,3,1,2.1,0
load,23.5,14063,1.11,0,0,-17.7,14,4,1,1.3,0
quality_check,42.8,108670,0.07,1,0,-3.7,11,5,2,0.8,1
dbt_model,47.3,1111342,1.73,0,0,8.3,15,0,2,0.5,0
dbt_model,30.7,2677,0.09,0,0,-9.6,17,0,0,2.1,0
dbt_model,24.4,9433,0.19,0,0,-15.8,12,5,1,1.3,0
dbt_model,27.5,24858,0.27,0,1,-8.3,8,0,0,6.5,1
quality_check,33.6,18632,0.6,0,0,19.9,21,1,0,2.1,0
dbt_model,19.5,21324,0.09,1,0,19.7,7,6,2,0.7,0
dbt_model,40.6,4506,0.77,0,0,-8.6,2,3,0,2.4,0
extract,51.4,343289,1.2,0,0,9.1,7,0,0,0.1,0
quality_check,26.2,3728,0.56,0,0,-0.3,18,2,0,2.3,0
dbt_model,34.9,26361,0.0,0,1,23.1,1,6,0,4.5,0
dbt_model,45.8,193557,1.84,0,0,3.4,9,4,0,8.7,0
dbt_model,49.8,34603,0.56,0,0,-3.6,0,5,0,1.5,1
dbt_model,43.5,7577,2.72,0,1,28.8,21,1,0,0.1,0
dbt_model,12.9,4196,0.55,1,0,-16.6,7,5,2,0.3,1
quality_check,28.8,25134,0.06,0,0,5.7,5,0,0,0.9,0
dbt_model,34.6,10815,0.73,0,0,24.6,16,1,0,0.0,0
extract,28.4,50431,2.86,0,0,12.0,22,3,0,2.1,0
dbt_model,44.4,3857,2.47,0,1,-13.7,1,6,0,3.9,0
dbt_model,49.2,133366,1.94,0,0,-14.7,20,6,0,2.0,0
dbt_model,25.2,43690,0.74,0,0,-25.4,9,2,0,4.7,0
dbt_model,31.3,49204,0.25,0,0,26.7,4,5,0,7.0,0
extract,29.5,364296,0.31,0,0,-20.4,1,1,1,3.0,0
quality_check,29.3,18025,0.0,0,0,12.8,10,6,1,2.1,0
dbt_model,28.2,11369,0.49,0,0,-25.7,5,0,0,2.9,0
load,39.3,15117,0.05,0,0,46.0,5,3,1,0.9,0
quality_check,23.7,26687,1.34,0,0,-24.4,4,0,0,0.0,0
dbt_model,8.4,31396,0.91,0,0,0.8,3,3,0,1.0,0
dbt_model,15.5,9613,0.38,0,0,21.8,18,3,1,3.1,0
extract,17.4,1426,1.91,0,1,-12.7,9,5,0,1.2,0
extract,24.8,14801,0.1,0,0,10.1,19,4,1,1.3,0
load,34.9,64583,1.51,0,0,-5.1,12,2,1,0.3,0
quality_check,22.9,45162,1.5,0,0,7.0,1,6,1,4.1,1
extract,24.7,247530,0.67,0,0,19.5,9,0,0,2.2,0
dbt_model,29.3,829665,2.61,0,0,-7.7,2,0,0,1.6,0
dbt_model,24.3,122385,1.39,0,1,26.9,7,1,0,3.0,0
dbt_model,31.1,331715,1.49,0,0,6.3,19,3,2,5.3,0
dbt_model,29.0,123851,4.0,0,0,35.1,7,6,0,0.1,0
dbt_model,43.2,560082,2.42,0,0,-15.0,5,1,0,3.3,0
dbt_model,28.5,701773,0.9,0,0,-11.6,3,5,1,1.5,0
dbt_model,31.7,166352,0.04,0,0,-4.2,3,5,0,0.5,0
load,29.3,112443,0.0,0,0,-21.8,5,2,0,3.8,0
quality_check,38.9,26150,2.36,1,0,16.7,21,1,0,1.4,0
quality_check,30.7,33991,1.29,0,0,-1.4,12,5,2,3.4,0
dbt_model,40.8,21151,4.1,0,0,-20.6,18,5,0,2.1,0
quality_check,23.6,98125,1.08,0,0,-14.8,3,4,0,1.6,0
load,29.8,11469,1.6,0,0,-15.7,14,5,0,1.3,0
dbt_model,26.5,26748,4.24,0,0,16.6,19,3,0,1.7,0
quality_check,14.7,838,1.44,0,0,8.2,18,2,0,4.4,0
dbt_model,36.4,572028,0.94,0,0,-2.4,17,0,1,0.9,0
quality_check,47.2,25520,0.73,0,0,-6.6,18,3,0,3.6,0
dbt_model,25.8,75276,2.45,0,0,-4.3,23,5,0,1.8,0
quality_check,35.1,374167,0.57,0,0,32.1,9,1,0,3.8,0
extract,21.3,58716,1.37,0,1,-4.2,7,2,2,7.3,1
dbt_model,23.1,366205,0.74,0,0,15.4,2,3,0,1.5,0
dbt_model,21.7,4980,4.11,0,0,-5.9,4,1,1,0.3,0
dbt_model,34.9,1682518,0.61,0,0,30.3,9,6,1,2.1,0
dbt_model,31.6,206772,1.67,0,0,-21.9,1,3,1,2.6,0
dbt_model,30.8,50752,3.14,1,0,14.5,18,2,1,1.0,0
extract,21.4,355090,1.42,0,0,-13.7,8,1,2,0.1,0
quality_check,23.4,5598,0.25,0,0,39.8,7,6,1,2.8,0
dbt_model,36.0,22884,0.29,1,0,12.6,22,5,0,0.1,0
quality_check,24.0,366150,0.19,0,0,-30.7,1,4,0,1.9,0
quality_check,23.9,1831,1.23,0,0,-16.8,14,2,0,0.1,0
extract,36.4,89030,0.95,0,0,12.3,14,0,2,1.7,0
extract,26.7,85091,0.98,0,0,11.8,23,5,0,6.0,0
dbt_model,40.8,848106,1.51,0,0,10.5,9,0,2,0.5,0
dbt_model,14.1,2884,0.17,0,0,2.8,21,3,1,3.6,0
dbt_model,44.7,477065,1.76,0,1,-5.7,16,4,0,2.4,0
quality_check,34.0,14836,0.02,0,1,19.6,9,3,1,7.2,1
dbt_model,31.5,17761,0.0,0,1,-15.6,12,4,0,0.3,0
quality_check,39.0,5139,0.33,0,0,1.0,10,0,0,4.0,0
extract,26.3,6370,0.16,0,0,-11.2,14,1,0,5.4,0
quality_check,27.8,69260,0.43,0,0,-12.6,7,0,0,0.9,0
dbt_model,41.5,6125,2.61,0,0,-8.3,7,1,0,0.8,0
dbt_model,50.9,118711,3.98,0,1,-13.2,17,1,1,1.7,0
dbt_model,24.2,12572,0.23,0,0,9.9,23,6,1,2.0,0
quality_check,27.8,5214,0.94,0,0,-26.6,13,2,1,6.7,0
dbt_model,40.2,15607,1.6,0,0,7.8,7,3,0,1.5,0
dbt_model,32.5,62238,0.18,0,0,-11.4,1,1,0,0.1,0
dbt_model,36.8,23300,0.44,0,0,0.5,22,5,0,2.3,0
dbt_model,39.4,38358,0.99,0,0,-3.0,22,3,0,1.6,1
dbt_model,29.1,110628,0.03,0,0,-9.0,4,6,0,1.6,0
dbt_model,39.0,205227,0.78,0,1,21.8,18,4,0,1.0,1
dbt_model,31.3,22111,0.19,0,0,-6.7,16,5,1,0.1,0
dbt_model,18.4,6831,0.64,0,0,12.7,22,5,0,6.0,0
dbt_model,23.5,41017,0.01,0,0,12.9,12,0,0,0.5,0
dbt_model,27.7,77113,0.55,0,0,-4.9,5,3,0,0.2,0
quality_check,36.5,3508,0.1,0,0,-22.6,8,2,1,10.2,0
dbt_model,38.4,8734,1.63,0,0,-15.9,18,2,1,5.9,0
load,37.0,11490,0.43,0,0,23.0,4,2,0,2.4,0
quality_check,35.6,26042,0.25,0,0,8.9,15,6,0,1.9,0
dbt_model,33.8,10746,0.79,0,0,2.5,19,6,2,4.6,0
dbt_model,36.7,112562,1.89,0,0,-10.2,2,3,1,2.4,0
dbt_model,31.4,2784,0.04,0,1,31.2,12,6,1,4.2,0
dbt_model,32.1,2899,0.49,0,0,-15.6,6,1,0,3.9,0
dbt_model,18.7,21285,1.06,0,0,2.5,11,5,0,0.5,0
extract,24.6,27418,0.47,0,0,9.0,4,0,1,1.2,0
extract,18.9,3542,2.47,0,0,-23.5,7,1,0,11.2,0
dbt_model,40.5,13755,1.32,0,0,-13.7,3,1,0,1.0,0
quality_check,46.0,19116,5.04,0,0,-8.2,9,3,1,3.0,0
dbt_model,11.6,19355,0.61,0,0,15.5,15,4,0,5.1,0
load,46.7,46305,2.86,0,0,-7.9,7,0,1,0.6,1
dbt_model,31.2,12600,0.33,0,0,-25.9,20,1,0,7.0,0
load,45.5,386365,2.07,0,0,-27.6,14,6,0,6.7,0
dbt_model,38.2,79310,0.27,0,0,-13.8,23,2,1,6.8,0
dbt_model,43.0,9982,2.58,0,0,-26.8,16,5,1,13.8,0
quality_check,34.4,42244,0.68,0,0,13.8,5,0,1,5.3,0
extract,20.3,44286,0.64,0,0,14.5,13,3,0,5.0,0
load,34.7,253610,0.56,0,0,0.1,16,2,1,5.8,0
dbt_model,35.2,13896,1.3,0,0,-4.7,11,5,0,0.1,0
dbt_model,32.4,123963,0.79,0,0,13.3,1,4,0,1.2,0
dbt_model,38.3,38830,3.98,0,0,12.6,4,0,0,5.6,0
dbt_model,35.8,394946,0.88,0,0,-17.8,5,1,0,9.5,0
extract,30.5,286480,4.4,0,0,-15.3,9,3,0,2.3,0
load,23.0,49769,0.66,0,0,12.7,20,0,2,3.7,0
dbt_model,28.0,23869,0.28,0,0,4.9,0,0,2,1.2,0
load,35.5,81680,1.35,0,0,10.9,22,5,0,1.4,0
dbt_model,14.1,27208,0.62,0,0,-16.1,12,0,1,7.6,0
dbt_model,29.9,534181,0.89,0,0,-13.5,23,5,0,0.8,0
dbt_model,14.5,41173,0.81,0,0,8.3,16,3,0,3.0,0
load,25.6,18976,2.71,0,0,-12.3,11,6,0,15.6,0
quality_check,41.7,17406,1.07,0,0,-27.4,2,4,0,2.3,0
load,18.2,5214,0.32,0,0,-12.0,17,0,1,2.3,0
dbt_model,40.1,88476,0.87,0,0,-3.7,14,4,0,1.0,0
quality_check,55.6,9778,1.02,0,0,30.6,8,4,2,0.3,0
dbt_model,48.4,210457,0.97,1,0,-15.1,19,2,2,2.3,1
dbt_model,29.8,4588,1.77,0,0,-1.1,16,1,1,1.0,0
quality_check,40.3,44515,0.02,0,0,36.8,6,2,2,0.1,0
extract,23.1,228743,0.04,1,1,-19.7,3,3,0,2.5,1
quality_check,12.1,1160,1.35,0,0,11.9,15,1,1,2.9,0
extract,38.1,917332,0.03,0,0,-12.8,2,5,1,4.8,0
dbt_model,34.6,18389,4.25,0,0,7.2,12,5,0,4.2,0
dbt_model,42.5,45512,2.03,0,0,42.0,23,1,0,5.5,0
dbt_model,28.7,90609,2.27,0,0,14.2,17,5,0,2.7,0
dbt_model,36.0,116053,0.07,0,0,2.7,7,3,0,7.2,0
dbt_model,34.4,56286,1.55,0,0,-17.1,23,0,0,6.9,0
dbt_model,33.8,179120,0.65,0,0,-3.2,21,1,0,0.1,0
dbt_model,33.0,83325,0.89,0,0,-10.2,11,6,0,1.2,0
dbt_model,29.4,607683,2.08,0,0,-26.1,0,1,2,0.5,0
quality_check,36.2,83761,1.22,0,0,-38.3,21,0,0,0.9,0
dbt_model,39.5,841900,0.07,0,0,-14.9,19,5,1,0.1,0
dbt_model,30.8,153541,3.9,0,0,-0.6,23,3,0,4.2,0
load,33.2,2019,3.53,0,0,20.1,22,1,0,2.3,0
load,48.7,2368492,0.03,0,0,-13.3,11,5,0,2.7,0
extract,36.7,14487,1.45,0,0,3.4,0,3,0,4.1,0
quality_check,27.0,397468,1.42,0,0,-30.6,9,1,1,1.5,1
dbt_model,33.2,37906,0.17,0,0,-14.4,9,4,2,0.2,0
dbt_model,27.0,198341,1.39,1,0,-44.1,7,5,1,8.6,0
quality_check,31.2,12069,0.33,0,0,40.2,19,3,1,1.9,0
extract,25.8,98833,0.87,0,0,3.6,19,5,1,2.3,0
load,43.0,24219,0.02,0,0,3.0,0,0,0,0.0,0
quality_check,43.7,454250,1.29,0,0,9.6,21,0,0,0.2,0
load,43.8,73267,2.18,0,0,45.6,7,0,2,4.0,0
quality_check,44.3,162349,0.71,0,0,-7.8,4,2,0,5.3,0
load,23.8,1138,0.25,0,1,-17.7,6,2,1,1.6,1
extract,28.2,31668,0.12,0,0,36.0,1,6,1,11.2,0
load,49.1,70044,0.12,0,0,-22.2,3,6,0,0.4,0
extract,31.4,51936,0.81,0,0,23.4,7,4,0,12.8,0
dbt_model,22.7,169033,3.34,0,0,-1.3,2,6,1,0.3,0
extract,40.3,20222,2.48,0,0,7.8,4,6,0,1.1,0
dbt_model,33.7,39263,2.09,0,0,-25.9,5,3,1,3.9,0
quality_check,49.1,240376,1.76,0,0,46.7,18,1,2,0.0,0
dbt_model,28.1,947,0.37,0,0,-6.9,4,2,0,3.2,0
quality_check,33.7,93242,0.19,0,0,-12.6,22,0,0,0.9,0
dbt_model,45.0,21285,0.01,0,0,9.9,23,4,0,1.0,0
dbt_model,15.9,8436,1.38,0,1,-11.6,8,6,0,1.1,0
load,27.9,62222,2.53,0,0,7.6,0,5,1,4.3,0
dbt_model,27.7,258828,3.19,0,0,-22.7,6,1,0,9.1,0
dbt_model,15.4,191497,2.98,0,0,2.6,3,4,0,0.4,0
load,39.7,29255,1.36,0,0,-10.9,0,6,1,2.5,0
dbt_model,29.7,147441,0.83,0,0,-14.1,19,5,1,1.3,0
dbt_model,42.8,145642,0.16,0,0,-16.9,2,0,0,0.1,0
dbt_model,35.5,31577,2.11,0,0,15.9,18,0,2,2.5,0
dbt_model,35.8,11980,1.99,0,0,-6.3,16,6,1,3.3,1
dbt_model,26.4,13142,3.35,0,0,-3.3,11,6,1,2.5,1
dbt_model,27.7,138768,2.36,0,0,7.7,7,5,1,2.8,0
dbt_model,32.9,33947,1.62,0,0,20.5,9,3,1,6.3,0
quality_check,37.6,6809,0.36,0,0,-16.6,7,6,0,2.4,0
extract,27.1,2450,0.32,1,1,4.0,8,3,1,2.0,1
dbt_model,28.2,137438,0.81,0,0,-16.4,6,4,2,2.8,0
load,19.9,15140,3.48,0,0,-3.8,23,1,0,0.5,1
quality_check,35.0,61612,0.05,0,0,19.2,22,2,1,1.4,0
dbt_model,30.7,263954,0.53,0,0,-42.2,20,0,0,2.3,0
extract,28.0,4472,1.85,0,0,-16.6,20,3,1,6.4,0
load,30.0,33785,2.35,0,0,-4.2,6,2,1,7.3,0
extract,27.8,27636,0.56,0,0,6.9,20,4,0,2.7,0
quality_check,35.9,66675,1.86,0,0,22.0,11,6,0,1.8,0
quality_check,40.7,263723,0.42,0,0,-30.6,3,5,1,3.0,0
dbt_model,46.2,4328,0.46,0,0,25.5,17,3,1,6.2,0
quality_check,40.6,90370,1.17,0,0,9.4,23,5,1,2.1,0
dbt_model,49.5,189176,1.54,0,0,-4.3,19,2,0,7.2,1
dbt_model,24.4,26951,2.89,0,0,-26.4,0,4,2,0.8,1
quality_check,17.4,29146,4.3,0,0,-10.3,2,0,1,0.0,1
load,33.3,70934,0.36,0,0,18.5,3,0,1,2.2,0
dbt_model,40.9,63051,0.5,0,0,0.5,22,0,1,9.7,1
load,40.2,92204,0.39,1,0,-3.3,12,2,2,10.7,1
load,44.7,89147,0.35,1,0,-17.5,19,4,1,0.3,0
quality_check,6.7,7546,3.43,0,0,13.2,3,3,0,0.6,0
extract,46.3,177092,0.29,0,0,-2.7,12,6,0,2.7,0
dbt_model,38.5,234885,0.55,0,0,-4.3,8,0,0,0.8,0
quality_check,18.9,48909,0.26,0,0,-1.7,12,3,1,0.3,0
load,34.6,3325,1.43,0,0,-11.6,16,2,2,6.1,0
quality_check,33.4,30224,1.92,0,0,-14.7,12,1,1,4.3,0
dbt_model,36.2,49565,1.59,1,0,-27.4,1,3,1,9.3,1
dbt_model,38.1,5817,0.07,0,0,-11.2,19,2,0,1.3,0
load,35.1,20409,1.43,0,0,-32.4,21,1,0,7.6,0
dbt_model,15.1,3808,1.34,0,0,8.7,13,3,1,1.7,0
dbt_model,32.6,95958,0.48,0,0,-12.0,4,1,1,6.3,0
load,18.1,47359,2.83,0,0,-7.1,19,5,0,6.6,0
dbt_model,33.5,2609,3.49,0,0,-0.7,14,2,2,2.0,0
dbt_model,45.8,63725,3.14,0,0,-14.4,20,3,0,1.3,0
extract,20.9,33176,0.71,0,0,-21.2,14,1,1,0.6,0
dbt_model,27.6,82972,3.07,0,1,4.0,16,6,0,3.5,0
load,23.2,19410,1.58,0,0,34.0,18,1,1,2.0,0
dbt_model,25.9,10073,1.01,0,0,16.4,1,4,0,0.4,0
quality_check,33.8,10579,0.03,0,0,23.0,5,4,0,6.6,0
dbt_model,26.8,15350,0.48,0,0,-23.4,10,0,1,0.3,0
quality_check,38.2,37425,1.85,0,0,-3.4,16,1,0,0.7,0
quality_check,42.2,46015,0.76,0,0,-3.6,6,0,1,1.7,0
dbt_model,41.6,26764,0.58,0,0,25.7,10,6,0,1.2,0
quality_check,21.0,18447,0.29,0,0,16.5,1,3,0,5.7,0
dbt_model,43.7,20697,1.51,0,0,-3.0,15,1,0,1.4,0
dbt_model,52.4,2007417,1.05,0,0,-41.2,15,5,0,0.6,0
quality_check,44.1,10581,1.63,0,0,-20.9,13,6,1,0.6,1
load,29.3,14872,1.95,0,0,11.4,12,3,1,1.5,0
load,34.6,7061489,0.67,0,0,-5.8,23,3,0,8.5,0
dbt_model,24.6,71226,0.92,0,0,-2.0,1,5,0,8.4,0
quality_check,18.5,3991,0.16,0,0,11.0,17,2,1,0.6,1
extract,34.7,139846,1.33,0,0,20.4,14,0,1,4.0,1
dbt_model,37.3,8467,0.33,0,0,-14.0,10,5,2,12.1,0
dbt_model,46.5,155515,0.31,0,0,10.6,4,2,1,2.9,1
dbt_model,27.3,25911,0.91,0,0,29.0,22,4,0,0.8,0
load,30.7,17967,1.84,0,0,25.7,22,0,0,3.9,0
load,35.8,476710,0.57,0,0,-9.6,8,2,1,3.5,0
extract,28.1,89881,1.42,0,0,5.3,16,2,2,3.3,0
dbt_model,41.6,172263,0.5,0,1,13.5,2,2,0,0.2,0
dbt_model,36.7,72829,1.52,1,0,0.4,0,3,0,1.5,1
load,32.3,17834,0.93,0,0,-4.5,23,3,0,0.2,0
dbt_model,37.2,96583,0.05,0,0,-31.1,20,6,2,8.7,0
quality_check,41.1,251385,0.57,0,0,-15.6,0,5,0,7.1,0
quality_check,38.1,45052,3.17,0,0,-12.5,1,3,0,2.7,0
quality_check,29.7,648636,2.08,1,0,-22.7,3,1,1,4.8,1
extract,42.7,141602,0.92,0,0,2.0,0,2,2,1.2,0
extract,35.1,50979,0.34,0,0,15.6,8,2,0,2.7,0
dbt_model,29.0,54305,1.86,0,0,-7.5,9,4,1,0.1,0
dbt_model,34.7,45232,1.35,0,0,-39.7,15,6,0,4.8,0
quality_check,31.9,4905,1.53,0,0,-2.1,3,5,2,2.6,0
extract,41.7,31441,0.19,0,0,4.9,21,6,0,7.3,0
dbt_model,23.4,51735,1.06,1,0,3.7,19,1,1,3.3,0
dbt_model,43.0,18662,2.72,0,0,-13.0,16,0,1,3.6,0
dbt_model,33.4,62335,0.75,0,0,-21.7,22,4,2,8.4,1
dbt_model,27.7,37574,0.37,0,0,16.0,4,6,0,10.3,0
dbt_model,29.6,125229,2.02,0,0,6.3,18,3,0,7.3,0
dbt_model,25.1,104922,0.41,0,0,-12.3,10,3,0,0.6,0
dbt_model,17.0,47450,0.46,0,0,-27.0,8,3,1,2.0,0
dbt_model,34.5,4074,1.67,0,0,4.0,16,1,1,0.2,0
dbt_model,55.0,637402,0.91,0,1,-16.2,7,6,0,8.0,0
quality_check,17.3,28939,0.3,1,0,6.9,0,0,1,1.7,1
load,23.5,31907,0.52,0,0,2.8,8,5,1,3.4,0
dbt_model,38.1,20993,1.62,0,0,37.4,18,2,0,0.1,0
dbt_model,30.5,16622,1.86,0,0,-1.4,2,5,0,1.1,1
quality_check,44.0,429549,0.4,0,0,36.0,20,5,0,1.6,0
quality_check,35.2,333590,0.18,0,0,1.5,21,5,1,3.0,0
extract,28.2,73941,0.23,0,0,-12.0,11,5,1,2.4,0
load,29.9,30576,0.58,0,0,-19.0,5,4,0,3.9,0
extract,12.5,97791,0.52,0,0,-15.8,19,3,1,0.8,0
dbt_model,22.2,40866,1.14,0,0,7.7,6,0,0,0.0,0
dbt_model,40.2,26786,0.7,0,0,2.3,4,5,1,0.1,0
dbt_model,43.9,62378,0.35,1,0,-33.1,17,2,2,8.0,0
dbt_model,43.7,17928,3.12,0,0,18.4,7,2,0,10.3,0
load,36.9,54372,0.34,0,1,26.6,14,5,2,2.2,0
extract,12.5,50349,0.53,0,0,-33.3,5,0,0,0.6,0
dbt_model,28.2,95291,0.39,0,0,18.2,23,1,2,1.0,0
load,42.4,13485,0.27,1,1,30.3,5,6,0,0.4,1
quality_check,48.8,113121,0.29,0,0,-32.3,23,6,0,1.2,1
extract,42.0,8517,0.03,0,0,-8.4,18,6,0,0.1,0
quality_check,28.5,14528,0.11,0,0,-15.3,10,0,2,2.3,0
load,19.0,15579,0.4,0,0,17.5,16,2,1,3.7,0
extract,28.9,6533,0.19,0,0,-7.5,22,3,0,3.2,0
dbt_model,35.2,184436,0.47,1,0,-8.2,15,2,2,1.1,1
dbt_model,43.6,7704,2.54,0,0,7.6,22,0,1,3.0,0
extract,32.3,11869,0.11,0,0,28.1,22,0,0,1.3,0
dbt_model,35.9,270669,0.28,0,0,-1.1,20,5,0,0.5,0
dbt_model,31.3,14575,5.13,0,0,-8.5,22,5,1,12.7,0
dbt_model,35.3,26875,1.63,0,0,-5.1,22,4,1,6.9,0
dbt_model,35.1,7192,2.39,0,0,11.8,0,0,0,0.6,0
dbt_model,28.0,137684,0.09,0,0,-24.0,14,2,0,0.0,0
dbt_model,25.1,140755,0.08,0,1,-0.3,16,3,0,1.1,1
dbt_model,46.6,118457,2.34,0,0,-16.9,2,0,0,1.6,0
dbt_model,19.0,85823,0.03,0,0,-21.7,15,1,0,5.1,0
quality_check,47.2,40853,2.04,0,1,-35.0,20,3,0,1.5,0
dbt_model,13.6,15693,0.0,0,0,-9.3,17,1,2,0.2,0
load,24.7,9858,1.54,0,0,19.4,7,2,0,1.2,0
dbt_model,44.6,286029,1.13,0,0,-35.7,11,1,0,0.8,0
quality_check,34.4,123461,2.34,0,0,9.8,22,1,1,1.5,0
dbt_model,18.5,11976,0.23,0,0,-11.7,6,6,0,0.7,0
dbt_model,36.2,38705,0.09,1,0,-19.1,12,1,0,4.3,0
dbt_model,32.0,22467,0.37,0,0,6.2,20,4,1,0.9,0
dbt_model,27.2,5972,0.69,0,0,23.6,11,5,0,0.9,0
extract,27.1,48254,0.01,0,0,27.0,2,2,1,1.6,0
dbt_model,30.8,18680,1.31,0,0,5.1,19,2,0,0.5,0
dbt_model,24.4,7910,1.54,0,0,-1.3,8,4,1,0.5,0
extract,50.0,3406,0.75,0,0,7.0,9,0,0,0.0,0
extract,25.7,2974,0.69,0,0,44.6,20,4,1,5.9,1
load,27.8,20044,0.49,0,0,-5.3,2,1,0,1.1,0
dbt_model,27.1,31692,0.79,0,0,20.4,17,5,0,7.2,0
dbt_model,45.8,8950,0.03,0,0,-10.7,18,4,1,1.4,0
load,19.3,102866,1.83,0,0,-15.0,21,2,0,2.2,0
dbt_model,35.3,32699,0.43,0,0,31.8,6,2,0,1.3,1
dbt_model,31.7,91401,3.09,0,0,0.0,0,1,0,7.3,0
load,18.9,27101,0.06,0,0,4.0,20,0,0,4.6,0
dbt_model,22.7,10307,1.27,0,0,9.8,3,6,1,0.3,0
dbt_model,35.4,43590,1.42,0,1,-16.1,21,0,0,7.8,0
dbt_model,21.0,4816,0.21,0,0,-7.9,17,1,0,4.1,0
extract,36.1,86085,4.35,0,0,-11.6,9,0,1,7.6,0
extract,45.2,8107,2.41,1,1,6.0,8,3,1,6.7,1
extract,36.3,157813,1.22,1,0,6.6,16,5,0,4.4,0
quality_check,18.2,21130,3.22,0,0,-10.8,20,1,1,1.0,0
dbt_model,27.6,198799,1.1,0,0,36.5,0,5,1,0.1,0
dbt_model,26.6,6025,1.76,0,0,-0.5,0,4,0,4.0,0
quality_check,27.2,12278,0.3,0,0,1.9,19,5,1,6.9,0
extract,34.7,66802,0.11,0,0,24.2,9,2,0,14.4,0
dbt_model,38.3,236285,2.7,0,0,-15.7,11,3,0,5.0,0
dbt_model,52.4,522601,0.56,0,1,-9.4,0,1,1,5.7,1
load,32.3,38800,1.44,0,0,5.1,6,2,2,4.1,0
dbt_model,27.0,687208,0.16,1,0,-26.6,14,6,0,3.7,1
load,41.8,22846,0.49,0,0,-4.3,21,2,0,2.5,0
dbt_model,46.7,210665,1.47,0,0,36.9,3,2,1,2.5,0
load,31.7,8042,0.96,0,0,32.9,9,5,1,10.9,1
extract,31.2,71134,0.17,0,0,16.1,17,1,0,5.7,0
dbt_model,31.3,856,0.83,0,0,21.3,19,5,0,0.9,0
dbt_model,27.2,6035,1.43,0,0,8.9,11,1,1,3.8,1
extract,15.0,76625,0.89,0,0,-7.8,10,6,1,0.2,0
load,33.7,4447,0.63,0,0,29.6,20,4,1,3.0,0
load,41.5,71906,2.72,0,0,-17.1,22,6,1,2.4,0
dbt_model,47.7,154868,0.01,0,0,17.4,18,3,2,3.4,1
dbt_model,24.3,16283,1.62,0,0,-9.2,16,4,0,2.2,0
extract,31.6,7705,0.36,1,0,-8.1,16,4,0,3.1,1
dbt_model,33.2,17005,0.68,1,0,9.7,16,1,1,0.3,0
dbt_model,30.3,7744,4.7,0,0,36.6,12,0,0,5.4,0
quality_check,33.0,30886,0.13,0,0,25.7,2,6,1,14.1,0
dbt_model,32.9,42759,6.26,1,0,6.1,21,4,0,1.6,1
extract,33.3,22256,0.55,0,0,1.1,17,0,1,1.4,0
extract,43.6,529122,0.13,0,0,14.1,8,4,1,11.3,0
quality_check,41.2,11486,0.25,0,0,24.6,12,1,2,0.1,0
extract,29.3,336479,0.68,0,0,-31.7,1,2,1,0.4,0
load,27.8,6863,0.01,0,0,-2.3,17,5,0,3.3,0
extract,28.6,40800,1.52,0,0,-18.9,9,3,0,0.5,0
quality_check,30.4,241100,1.06,0,0,-3.9,20,3,1,8.2,0
load,20.8,221942,0.44,0,0,-22.6,5,3,1,5.0,0
dbt_model,31.3,18538,0.05,0,0,-32.5,16,1,0,1.6,0
extract,38.1,88266,0.93,0,0,-23.7,8,5,1,1.5,0
load,32.0,71245,0.24,0,0,-10.0,11,3,2,0.4,0
dbt_model,30.7,15307,1.95,0,0,10.6,7,2,0,0.9,0
dbt_model,37.7,97296,1.96,0,0,-14.7,20,5,0,3.7,0
load,50.1,714964,2.76,0,0,-15.6,4,4,0,0.6,0
quality_check,29.8,77243,0.04,0,0,7.1,17,1,1,1.1,0
extract,23.3,89874,0.88,0,0,5.2,0,5,0,3.2,0
quality_check,33.3,106451,2.39,0,0,30.6,18,3,0,5.2,0
extract,45.1,3506,2.0,0,0,16.8,11,0,0,3.3,1
quality_check,23.1,75838,0.62,0,0,-18.5,21,2,0,4.9,0
dbt_model,35.3,7137,0.13,0,0,-12.1,9,4,2,7.7,0
dbt_model,41.0,14131,0.45,1,0,13.4,3,2,1,0.3,0
dbt_model,17.0,1154417,1.23,0,0,-16.0,16,4,0,0.3,1
extract,35.2,24216,1.55,0,0,-5.8,11,1,0,4.2,0
load,35.6,11111,0.58,0,0,-30.8,1,6,0,0.9,0
dbt_model,33.0,229608,1.21,0,0,-23.5,2,4,0,2.3,0
dbt_model,23.8,7972,2.84,0,0,22.7,11,1,0,0.1,0
dbt_model,25.7,17749,0.34,0,0,3.0,17,2,1,5.6,0
quality_check,32.8,267930,0.13,1,0,-11.3,23,2,1,6.3,1
dbt_model,29.6,38887,1.13,0,0,-8.8,10,3,0,8.3,0
dbt_model,23.5,2985,0.22,0,0,30.9,22,2,0,10.5,0
dbt_model,30.7,86715,0.3,1,0,-11.8,17,5,0,4.7,0
load,41.9,19257,0.37,0,0,8.5,12,1,0,2.0,0
dbt_model,25.6,426668,1.24,0,0,15.7,2,0,1,7.9,0
quality_check,14.8,13767,0.61,0,0,26.0,20,0,0,3.7,0
quality_check,46.0,195235,3.55,0,0,-15.3,14,4,1,1.2,0
load,35.4,622262,0.17,0,0,-25.2,18,6,1,8.3,0
load,26.4,9306,0.92,0,0,-19.9,2,2,0,0.5,0
quality_check,30.7,26658,0.8,0,0,13.2,22,5,0,8.6,0
dbt_model,35.2,67629,1.33,0,0,35.9,8,3,0,5.1,0
quality_check,25.1,9211,0.46,0,0,13.8,9,1,0,0.5,0
quality_check,37.5,55964,1.48,0,0,-11.9,12,5,0,0.2,0
dbt_model,23.0,25339,0.11,0,0,21.4,0,0,0,8.6,1
quality_check,28.8,24535,0.22,0,0,-8.4,16,6,0,1.4,0
dbt_model,12.4,39273,1.38,0,0,-15.0,6,6,0,2.3,0
dbt_model,43.0,40701,0.56,0,0,-6.0,12,6,1,2.8,0
quality_check,31.1,47202,0.55,0,0,-10.5,12,6,0,4.9,0
dbt_model,36.6,13931,0.14,0,0,-12.6,17,6,0,5.7,0
dbt_model,35.0,14938,0.93,0,0,22.0,19,3,0,20.0,0
quality_check,36.9,30039,0.23,0,0,-9.3,4,0,2,0.7,0
dbt_model,32.0,33805,1.1,1,0,-28.6,19,3,0,0.9,1
load,34.5,17994,0.8,0,0,10.5,15,2,0,3.5,0
extract,24.5,60980,0.21,0,0,-17.2,21,5,1,3.7,0
quality_check,16.7,1990,1.59,0,0,-16.6,9,5,2,0.6,1
quality_check,29.3,11285,0.25,0,0,12.6,13,5,0,0.7,0
load,25.3,23204,0.46,0,0,-13.1,3,5,0,2.9,0
extract,42.7,9230,2.34,0,0,-8.2,8,5,0,1.3,0
load,40.1,492237,1.1,0,0,0.8,20,2,1,2.9,0
dbt_model,25.8,37428,1.36,0,0,-5.2,18,4,0,0.8,0
dbt_model,30.3,48186,0.62,0,0,-7.7,23,1,2,21.3,0
dbt_model,32.1,16761,3.34,0,0,-42.2,20,4,0,0.9,0
dbt_model,31.6,35410,2.98,0,0,-3.1,5,3,0,0.6,0
dbt_model,31.3,5195,0.65,0,0,29.0,7,0,1,2.8,0
dbt_model,32.4,27675,0.29,0,0,11.3,3,5,2,2.4,1
extract,17.1,8109,0.39,0,1,-6.8,12,4,1,5.4,1
load,12.1,23298,0.85,0,0,8.5,18,4,0,3.0,0
dbt_model,21.8,604,0.58,0,0,11.3,19,1,0,10.7,0
extract,34.1,5974,0.17,0,0,-15.2,23,1,0,5.7,0
dbt_model,33.0,377861,1.08,0,0,22.6,8,0,1,0.6,0
dbt_model,45.7,137123,0.64,0,0,2.9,10,0,2,0.6,0
dbt_model,35.5,299677,2.63,1,0,-5.6,13,5,0,0.3,0
load,48.3,334487,0.52,0,0,28.6,18,6,0,3.8,1
extract,44.5,106593,1.13,0,0,-37.2,23,2,2,3.7,1
dbt_model,40.4,17595,1.39,0,0,-21.2,3,3,0,0.5,0
dbt_model,18.5,6907,2.08,0,0,11.5,8,2,0,1.5,0
quality_check,35.6,227474,2.45,0,0,12.1,5,5,0,8.1,0
dbt_model,43.4,40267,0.25,0,0,29.6,5,5,2,1.9,1
dbt_model,41.6,1963887,2.88,0,0,-40.6,3,6,2,4.9,1
dbt_model,36.2,20248,1.25,0,0,15.5,14,0,2,0.5,0
load,25.2,853101,0.8,0,0,-22.4,15,6,1,9.0,0
dbt_model,49.1,28258,1.2,0,0,7.5,10,0,0,2.3,0
load,28.8,307945,0.19,0,0,-1.2,14,2,0,2.6,0
quality_check,19.0,548370,0.7,0,0,15.3,16,2,2,0.1,0
dbt_model,26.2,7067,0.78,0,0,-4.2,15,4,0,2.6,0
dbt_model,8.9,16714,0.11,0,0,18.2,22,1,0,6.2,0
quality_check,19.6,6955,0.84,0,0,-14.9,4,4,0,7.7,0
dbt_model,51.8,5075,0.49,0,0,-1.5,22,6,2,0.7,0
dbt_model,30.7,105588,0.13,0,0,3.5,1,1,1,3.0,0
dbt_model,18.8,26513,0.13,0,0,30.2,0,6,0,3.8,0
dbt_model,32.6,39489,0.26,0,0,15.0,12,3,0,0.7,0
dbt_model,25.7,88431,0.05,0,0,3.7,11,4,1,1.5,0
dbt_model,34.9,1859,0.8,0,0,11.5,12,3,0,0.2,0
load,27.8,284595,0.1,0,0,19.6,23,1,0,1.7,0
quality_check,33.7,20773,0.18,0,0,6.7,10,1,1,1.0,0
load,23.4,85122,0.23,0,0,-18.5,20,0,0,0.3,0
extract,57.4,98040,2.19,1,0,11.3,16,2,0,2.0,0
dbt_model,40.6,325551,2.54,0,0,-0.5,1,0,2,1.4,0
dbt_model,30.6,30706,0.65,0,0,-6.4,10,3,0,3.2,0
load,23.7,1214,0.96,0,0,-14.1,3,3,1,4.2,0
quality_check,27.4,39791,1.65,0,0,10.4,20,5,1,1.1,1
dbt_model,25.9,50067,2.88,0,0,9.2,8,5,1,1.6,0
dbt_model,22.3,6940,0.75,1,0,-17.2,18,6,1,4.9,0
dbt_model,47.8,45981,0.46,0,0,-19.9,1,0,1,0.3,0
dbt_model,26.3,20381,0.5,1,0,34.0,8,5,0,3.0,1
dbt_model,9.3,4236,1.24,0,0,15.5,19,1,0,10.1,0
extract,23.6,106337,2.01,0,0,1.6,21,5,1,2.6,0
dbt_model,39.0,14735,3.3,0,0,10.9,0,6,0,0.7,0
dbt_model,28.8,18954,1.69,0,0,-8.4,11,0,1,1.9,0
quality_check,29.7,17324,0.82,0,0,-3.1,21,3,0,5.1,0
load,46.2,262174,1.65,0,0,0.4,11,3,1,0.2,0
quality_check,25.1,34014,1.16,0,0,17.4,7,1,1,1.2,0
extract,38.2,41215,0.14,0,0,-25.4,17,1,1,4.4,0
load,25.0,17943,4.71,0,0,-18.4,19,0,0,0.2,0
dbt_model,38.7,76159,0.37,0,0,-22.0,22,2,0,2.7,0
dbt_model,32.5,314553,0.58,0,0,15.4,21,4,0,1.9,0
load,31.9,102393,0.8,0,0,-1.8,0,4,1,1.4,0
load,41.5,108987,1.52,0,0,-16.5,19,5,0,4.6,0
extract,40.7,95795,0.25,0,0,-4.0,4,6,0,2.1,0
dbt_model,26.9,3990,0.2,0,0,-11.4,20,4,2,5.4,0
quality_check,25.6,8939,0.56,0,0,-25.8,19,2,0,2.2,0
dbt_model,46.1,26160,2.25,0,0,22.7,5,1,0,1.8,1
dbt_model,35.5,11368,0.17,0,0,-2.7,10,4,0,1.6,0
dbt_model,25.8,6612,0.54,0,0,23.1,18,3,2,0.1,0
load,21.2,1816,0.26,0,0,-26.1,20,0,2,2.8,0
dbt_model,37.7,4211,0.98,0,0,9.1,20,2,1,3.3,1
quality_check,32.6,24090,2.97,0,0,-26.0,8,4,1,8.9,0
quality_check,30.6,32497,0.59,0,0,44.0,1,1,0,1.4,0
load,31.1,10209,0.66,0,0,-31.1,23,1,1,0.5,0
dbt_model,35.5,41203,0.57,0,0,32.3,20,1,0,11.5,0
dbt_model,30.5,18139,0.43,0,0,-0.4,5,3,1,5.4,0
dbt_model,46.1,207921,1.25,0,0,-3.3,13,5,0,0.1,0
dbt_model,43.1,28040,0.61,0,0,10.6,22,2,0,1.4,0
dbt_model,39.0,110650,0.64,0,0,-16.9,7,0,1,2.1,0
quality_check,45.2,50268,2.57,0,0,14.1,18,0,0,3.6,0
quality_check,28.4,3853,5.8,0,0,15.5,11,4,0,4.4,0
dbt_model,38.2,31412,3.46,0,0,0.2,23,5,0,4.5,0
quality_check,37.8,5029,0.24,1,0,4.5,9,0,0,1.0,1
dbt_model,41.1,30546,0.86,0,0,34.7,3,4,0,11.0,0
dbt_model,38.4,11023,0.29,0,0,11.7,22,6,2,2.3,0
extract,39.0,66912,0.44,0,1,-14.1,8,5,2,1.5,0
dbt_model,46.1,4239,2.47,0,0,13.5,6,6,1,1.5,1
load,27.4,37179,2.08,0,0,-9.7,4,6,0,0.6,0
dbt_model,32.4,90750,0.63,0,0,-13.2,9,5,1,2.1,1
quality_check,32.8,155150,0.53,0,0,9.2,19,2,1,0.9,1
extract,26.8,10692,0.59,0,0,-18.2,8,4,0,4.7,0
dbt_model,14.4,37361,1.1,0,0,0.8,6,5,0,0.8,0
dbt_model,45.1,48758,0.66,0,1,12.1,10,5,0,7.5,1
quality_check,27.3,431663,0.13,0,0,34.4,12,2,0,1.6,0
load,29.7,3394,1.13,0,0,11.5,19,3,0,1.9,0
dbt_model,16.9,8452,0.23,0,0,-26.5,4,3,0,2.8,0
extract,45.6,3227246,1.29,0,0,-23.6,7,5,2,0.6,1
dbt_model,24.4,23459,0.53,0,0,31.1,16,5,2,5.4,0
extract,16.8,1762,2.99,0,0,-11.4,10,6,0,2.6,0
dbt_model,32.4,14298,1.05,0,0,-27.3,17,6,0,0.0,0
extract,18.2,432,2.6,1,0,-18.1,10,0,1,1.1,0
dbt_model,27.7,53395,0.14,0,0,14.3,2,2,0,0.2,0
dbt_model,36.0,132674,0.29,0,0,2.0,20,2,1,0.4,0
dbt_model,36.9,8445,0.71,1,0,11.7,16,5,0,0.4,0
extract,23.6,17100,1.67,0,0,-0.6,3,0,0,0.4,0
load,25.9,159188,0.98,0,0,-19.9,3,5,0,0.7,0
load,27.6,2207,0.95,0,0,-32.2,8,6,1,1.8,0
quality_check,33.4,4382,1.01,0,0,-15.0,22,1,1,1.6,0
extract,44.8,25210,1.53,0,0,2.2,7,2,0,3.6,0
dbt_model,20.5,10897,0.18,0,0,-21.3,21,4,2,0.3,1
load,28.6,22693,0.1,0,0,17.7,11,4,1,1.0,0
dbt_model,39.3,4807,1.44,0,0,-18.0,4,3,0,14.5,0
extract,50.6,51169,0.19,0,0,-29.7,2,2,1,3.9,0
extract,22.9,28601,0.24,0,0,0.0,8,0,0,2.5,0
dbt_model,27.1,87439,1.74,0,0,13.7,5,1,1,1.4,0
load,36.2,50043,0.74,0,0,26.9,14,3,1,1.3,0
dbt_model,27.6,50549,1.98,0,0,-29.0,23,1,1,10.1,0
load,21.4,3590,0.8,0,0,25.6,19,6,0,3.2,0
quality_check,35.8,79869,0.69,0,0,3.3,7,1,0,6.1,0
load,45.3,21388,0.15,0,0,-11.2,22,5,0,4.5,0
quality_check,20.0,27818,0.12,0,0,12.3,23,2,0,0.6,0
dbt_model,48.6,194312,1.71,0,0,24.4,10,1,0,0.3,0
quality_check,25.1,11486,0.22,0,0,-30.2,11,1,0,0.0,0
dbt_model,39.1,315493,0.49,0,0,-7.8,11,1,1,3.8,0
dbt_model,50.6,366282,0.87,0,0,-9.8,9,6,1,0.9,0
dbt_model,37.3,121110,1.25,0,0,11.3,3,2,2,0.6,0
extract,26.8,7562,1.73,0,0,26.3,21,2,0,1.1,0
extract,32.6,1098,0.23,0,0,1.3,8,0,0,4.3,0
dbt_model,33.7,204053,2.26,0,0,-5.3,2,2,1,3.6,0
extract,37.2,43400,0.38,0,0,8.0,23,0,0,7.2,1
dbt_model,28.3,11022,4.08,0,0,-4.2,2,1,2,2.9,0
extract,43.3,237447,0.12,0,0,-39.1,22,5,1,2.6,0
extract,17.3,9149,0.16,0,0,9.3,3,4,0,2.9,0
load,21.9,18422,0.31,0,0,17.7,9,3,0,1.0,0
extract,21.0,84105,0.19,1,0,19.3,12,1,0,4.1,0
extract,28.6,6113,0.11,0,0,-20.8,5,4,0,4.6,0
extract,18.2,30480,5.47,0,0,10.9,13,1,0,1.4,0
extract,29.0,207444,0.31,0,1,27.6,13,5,0,1.3,0
dbt_model,22.9,50908,0.08,0,0,45.6,20,4,0,7.4,0
quality_check,49.0,267234,0.19,0,0,8.6,10,0,0,3.0,0
quality_check,26.5,222740,2.24,0,1,17.7,21,4,2,1.4,0
dbt_model,20.7,36767,0.03,0,0,-17.9,18,6,0,3.9,0
extract,28.0,863,2.73,0,0,-20.2,19,4,0,1.7,0
quality_check,44.3,6190,0.27,0,0,17.8,15,6,0,9.3,0
extract,33.3,123171,0.45,0,0,-36.6,4,5,1,0.9,0
dbt_model,27.6,3039,4.38,0,0,2.8,15,0,2,0.5,0
dbt_model,42.9,21531,1.26,0,0,25.8,17,6,0,3.9,0
load,41.1,62415,2.32,1,0,12.8,8,0,0,2.0,0
dbt_model,40.2,381289,0.67,0,0,12.7,15,1,0,4.4,0
dbt_model,25.4,14471,0.02,0,0,-0.9,14,5,1,6.5,0
dbt_model,34.6,12970,0.45,0,0,-7.4,15,3,0,1.3,0
dbt_model,19.8,33392,0.38,0,1,38.8,16,4,1,0.4,1
load,27.6,63669,0.91,0,0,22.2,16,2,0,2.2,0
quality_check,44.7,28373,0.65,0,0,15.2,15,6,2,0.7,0
dbt_model,46.9,194624,1.28,0,0,0.5,7,0,0,2.0,0
dbt_model,34.0,10110,0.37,0,0,-10.5,16,1,0,5.8,0
quality_check,15.2,44013,0.75,0,0,19.4,3,5,1,1.7,0
dbt_model,22.6,74038,1.27,0,0,-5.5,21,5,1,1.2,0
dbt_model,25.0,19141,0.63,0,0,1.4,19,1,0,0.9,0
dbt_model,33.0,139181,0.53,0,1,11.1,6,3,0,2.3,0
extract,21.4,46089,1.78,0,0,3.8,1,0,0,1.7,0
dbt_model,32.2,128303,1.18,1,1,27.9,3,3,0,0.2,1
dbt_model,48.7,49541,1.58,0,0,-23.8,16,5,0,0.1,0
quality_check,36.9,66320,1.28,0,0,1.2,0,1,0,9.0,1
quality_check,32.5,13202,0.12,0,0,38.5,2,6,1,4.2,1
dbt_model,21.3,13236,0.6,0,0,16.1,16,4,1,1.8,0
dbt_model,20.9,257566,0.69,0,0,-3.5,11,0,2,0.6,0
extract,23.0,100389,0.91,0,0,14.4,8,2,0,1.1,0
quality_check,14.3,7067,2.71,0,0,-0.9,6,1,0,1.3,0
dbt_model,33.4,48503,0.57,1,0,26.4,12,1,0,2.6,0
quality_check,29.1,813,0.63,0,0,14.8,7,0,0,6.0,0
load,22.0,14496,0.36,0,0,-15.6,1,5,0,0.4,0
quality_check,36.2,168998,2.42,0,0,4.3,10,4,2,6.4,0
dbt_model,45.1,29725,2.92,0,0,7.5,22,1,0,5.5,0
load,50.2,43855,1.82,0,0,8.4,12,0,0,8.0,0
quality_check,30.8,291,0.65,0,0,5.7,14,2,0,0.7,0
dbt_model,29.6,19387,1.68,0,0,10.2,7,1,1,5.3,0
load,39.8,62394,0.53,0,0,7.5,2,0,1,1.1,0
load,45.7,76455,2.05,0,0,-13.0,17,0,1,12.2,0
extract,16.9,169357,1.65,0,0,-8.2,9,4,1,0.6,0
load,45.0,25941,2.2,0,0,-4.6,1,5,2,2.1,0
quality_check,26.9,27860,0.25,0,0,1.7,7,1,2,1.6,0
dbt_model,23.7,4309,0.52,0,0,-4.5,0,2,0,0.7,0
dbt_model,28.5,26180,1.51,0,0,19.9,20,6,2,0.8,0
quality_check,31.6,4824,2.48,0,0,-17.3,23,2,1,0.6,1
dbt_model,17.1,1888,2.97,0,0,-31.2,21,5,0,0.3,0
dbt_model,26.7,6397,0.91,0,0,35.4,19,5,1,0.8,1
quality_check,41.2,405913,0.51,0,0,-14.7,18,6,0,1.8,1
dbt_model,33.5,23555,0.55,0,0,19.8,11,6,2,0.7,1
load,36.3,51627,1.91,0,0,11.0,9,1,0,1.5,0
extract,27.9,15969,0.06,0,0,-14.1,1,6,0,1.5,0
dbt_model,33.5,2069,0.14,0,0,-2.4,22,4,2,3.0,0
load,44.4,162394,0.03,0,0,-5.1,0,1,1,0.8,0
dbt_model,35.2,1123,1.49,0,0,6.4,6,6,0,4.0,0
dbt_model,34.5,14947,0.06,0,0,-13.8,10,2,2,1.4,0
dbt_model,40.5,33276,0.16,0,0,-3.2,15,6,0,4.2,0
dbt_model,40.7,52511,1.66,0,0,-0.7,23,3,0,0.8,0
dbt_model,54.3,11357,0.05,1,0,19.8,12,4,0,1.4,1
dbt_model,38.1,1918,0.33,0,0,-7.4,19,3,0,1.9,0
dbt_model,29.2,10079,0.32,0,0,-17.6,10,6,0,1.0,0
dbt_model,22.0,10959,4.67,0,1,-9.8,23,3,0,1.6,0
dbt_model,27.7,10541,0.3,0,0,6.6,4,1,0,2.0,0
extract,32.0,171458,0.32,0,0,-31.9,9,6,0,1.2,0
dbt_model,33.5,5209,0.05,0,0,21.6,5,0,1,1.7,0
load,26.8,58780,1.45,0,0,0.4,6,5,1,9.6,0
extract,43.4,46783,2.07,0,0,7.8,19,3,0,3.0,0
dbt_model,22.4,168843,0.73,0,0,3.9,17,4,0,0.5,0
quality_check,17.2,29348,0.46,0,0,-12.0,16,2,2,1.3,0
dbt_model,33.2,128773,0.19,0,0,-19.5,2,1,0,0.5,0
quality_check,24.2,27569,0.15,0,0,-12.6,22,6,2,3.5,0
dbt_model,22.1,72767,0.44,0,0,-27.1,22,1,0,3.0,0
quality_check,22.3,3279,2.87,0,0,6.3,16,0,1,8.7,0
dbt_model,18.1,533,0.05,0,0,-2.9,9,2,1,19.0,0
extract,33.4,66441,3.81,0,0,-27.6,1,2,0,2.6,0
quality_check,27.9,72395,0.08,0,0,-11.1,10,4,0,0.5,0
dbt_model,28.7,77715,5.62,0,0,11.7,2,2,0,2.7,0
extract,30.7,15679,0.07,0,0,23.3,15,2,1,0.7,0
dbt_model,45.5,393783,0.35,0,0,-23.1,17,4,0,9.7,0
dbt_model,44.2,17399,1.37,0,0,38.9,1,5,1,8.9,0
extract,34.7,71211,0.75,0,0,-17.3,6,0,1,4.9,0
load,35.9,94034,0.54,0,0,-30.7,15,1,1,11.6,0
dbt_model,35.4,568061,7.85,0,0,31.6,5,5,0,1.1,0
dbt_model,35.7,21867,3.91,0,0,-18.7,20,6,0,5.0,0
dbt_model,33.9,12770,1.01,0,0,27.4,9,6,0,1.5,0
quality_check,40.0,3304,0.36,0,0,-12.0,16,2,0,4.4,0
quality_check,19.6,435298,1.18,0,0,-5.3,17,3,0,0.2,0
quality_check,31.3,71271,0.27,0,0,-23.5,14,1,0,5.0,0
dbt_model,36.6,74974,0.5,0,0,23.0,15,0,0,1.9,0
load,40.7,5318632,0.96,0,0,20.5,13,4,0,0.6,0
quality_check,24.7,61088,0.98,0,0,-11.9,4,0,0,1.1,0
dbt_model,16.9,4520,0.73,0,0,-1.3,7,1,1,0.1,0
dbt_model,39.0,26543,3.16,0,0,11.9,21,1,0,6.1,0
extract,22.7,7633,0.3,0,0,-8.5,8,0,1,2.8,0
quality_check,15.3,19275,1.08,0,0,24.6,23,0,0,0.2,0
load,38.8,19069,0.73,0,0,-1.9,13,0,0,1.1,0
dbt_model,34.7,14196,0.57,0,0,-9.4,19,3,2,0.9,0
dbt_model,27.3,3907,0.03,0,0,-28.5,5,4,0,2.5,0
dbt_model,28.4,464168,0.79,0,0,-23.3,4,2,1,0.7,0
extract,32.1,58580,0.82,0,0,10.6,9,2,1,0.8,0
dbt_model,42.6,25317,4.12,0,0,4.2,19,1,0,0.3,0
quality_check,19.8,122054,1.22,0,0,14.7,16,6,0,0.7,0
load,19.5,77165,0.5,0,0,-10.1,12,5,1,1.5,0
load,27.4,56449,1.22,1,0,-29.5,4,3,1,1.0,1
dbt_model,33.9,108661,0.07,0,0,-8.9,0,4,0,1.0,0
load,28.1,44994,0.47,0,0,36.7,3,6,2,0.6,0
dbt_model,39.9,106123,0.43,0,0,-17.4,16,4,0,0.0,0
dbt_model,44.1,121173,0.94,0,0,-0.7,22,3,0,2.1,0
dbt_model,35.2,47115,1.94,0,0,-43.4,23,4,1,1.4,0
load,36.7,25523,1.58,0,0,-9.4,18,5,1,0.4,0
quality_check,38.9,420263,0.72,1,0,-7.5,10,6,0,2.2,1
extract,31.0,16904,1.15,0,0,6.0,17,1,0,1.5,0
extract,21.7,67921,0.21,0,0,-5.7,1,4,1,1.1,0
dbt_model,24.1,70421,0.28,0,0,-27.3,8,6,0,12.9,0
dbt_model,18.4,13693,1.16,0,0,-12.0,5,0,0,3.6,0
quality_check,28.7,9971,0.16,0,0,-3.7,23,6,1,0.0,0
dbt_model,33.3,20616,0.33,0,0,-17.9,13,2,0,0.2,0
dbt_model,17.8,16522,0.89,0,0,-15.3,22,6,1,1.0,0
load,28.8,3522,0.47,0,1,18.1,18,3,0,0.9,0
dbt_model,22.6,12805,0.32,0,0,-11.2,17,3,2,3.2,1
dbt_model,23.4,55601,0.58,0,0,7.9,4,1,1,1.0,0
dbt_model,30.1,275270,0.53,0,0,-3.2,1,5,0,1.4,0
dbt_model,23.7,88170,0.22,0,0,-22.1,5,6,1,5.3,0
load,30.5,567,0.11,0,0,-6.0,19,6,0,1.3,0
load,32.5,101324,1.84,0,0,5.2,22,1,2,0.3,0
dbt_model,38.0,14867,3.19,0,0,31.3,16,4,2,0.2,0
dbt_model,29.5,74976,2.75,0,0,-13.9,21,5,0,4.0,0
dbt_model,28.5,35503,0.18,0,0,-1.5,1,6,0,1.6,0
dbt_model,48.6,26680,2.31,1,0,16.4,21,6,2,0.6,1
dbt_model,17.3,30835,0.09,0,0,22.7,2,4,0,1.9,1
dbt_model,43.7,35035,0.31,0,0,-11.7,4,1,0,3.2,0
extract,50.9,312090,0.73,0,0,-2.8,19,1,2,0.9,0
extract,39.1,35190,1.36,0,0,20.0,22,3,0,3.1,0
dbt_model,32.3,206252,0.15,0,0,9.2,3,4,0,3.9,0
extract,47.7,163382,1.18,0,1,18.6,8,1,0,2.3,1
dbt_model,31.2,105585,1.69,0,0,21.1,19,4,0,8.9,0
dbt_model,20.9,2082,0.02,0,0,10.0,12,5,0,4.1,0
dbt_model,31.8,216774,0.69,0,0,2.6,9,3,2,1.3,0
quality_check,25.8,17454,1.38,0,0,-12.1,10,5,0,0.7,0
dbt_model,25.7,114138,0.24,0,0,-4.4,7,2,2,1.1,0
quality_check,39.5,7661,5.01,0,0,-3.2,23,6,1,0.4,0
quality_check,22.0,5452,0.13,0,0,21.6,12,6,0,0.4,0
extract,37.5,857882,0.06,0,0,3.2,6,0,0,1.8,1
dbt_model,16.6,7854,3.84,0,1,3.3,21,1,0,4.8,0
dbt_model,35.7,227241,0.2,0,0,-17.9,22,5,2,1.4,1
load,22.2,43891,2.64,1,0,21.7,1,5,1,0.5,1
extract,20.4,18542,0.93,0,0,-13.8,23,4,2,0.6,0
extract,31.1,33801,0.61,0,0,-5.1,23,3,0,6.1,0
load,38.1,4528,4.13,0,0,23.6,22,2,2,0.9,0
load,36.2,35525,2.42,0,0,16.0,3,3,1,0.1,0
dbt_model,33.8,6422,1.41,0,0,-15.3,8,6,0,0.9,0
dbt_model,30.0,19288,0.51,0,0,-19.4,20,0,1,2.3,0
dbt_model,31.8,159608,3.01,0,0,-3.7,9,6,0,0.4,0
dbt_model,40.1,54540,0.01,0,0,-10.4,10,0,0,0.3,0
dbt_model,23.1,3389,0.7,0,0,-26.4,4,4,2,1.8,0
dbt_model,42.1,141829,0.54,0,0,-13.6,10,2,1,6.9,0
dbt_model,43.3,35905,0.01,0,0,-49.5,11,1,0,1.4,0
dbt_model,23.2,15252,2.22,0,0,16.3,9,0,0,0.7,0
dbt_model,28.1,119932,0.12,0,0,15.1,5,1,0,6.5,0
dbt_model,26.9,27791,0.55,0,0,25.4,2,0,0,3.0,0
quality_check,15.8,5624,0.49,0,0,6.4,15,1,1,5.6,1
extract,33.2,698363,1.49,0,0,-8.1,1,2,0,1.1,0
dbt_model,43.9,35324,0.58,0,0,18.4,20,1,1,6.9,0
dbt_model,22.6,31881,0.39,0,0,-12.6,1,3,2,1.0,1
load,43.0,18993,0.33,0,0,-23.9,22,5,0,0.9,0
load,31.6,239892,1.23,0,0,-2.7,13,0,0,0.3,0
dbt_model,49.8,15680,0.26,0,0,7.4,10,2,0,10.5,0
extract,21.8,3065,1.93,0,0,-14.6,20,2,0,3.5,0
quality_check,29.1,12260,0.05,0,0,-18.9,10,1,0,0.9,0
dbt_model,27.7,303409,0.62,1,0,-7.5,3,3,0,3.0,0
load,28.4,137504,1.28,0,0,7.4,12,1,0,4.6,0
dbt_model,43.6,24148,1.16,0,0,-2.6,11,1,1,2.0,0
load,40.3,326834,0.99,0,0,47.5,21,0,0,0.5,0
quality_check,43.6,120175,0.39,0,0,-2.4,12,4,0,0.4,0
dbt_model,19.7,23705,1.13,0,0,13.5,1,2,2,9.6,0
quality_check,37.7,27848,2.18,0,0,-26.1,8,5,1,0.1,0
dbt_model,24.4,61507,1.62,0,0,10.6,7,0,1,0.9,0
dbt_model,17.9,9594,0.68,0,0,-8.3,5,1,1,1.6,0
dbt_model,34.4,36578,0.98,0,0,-0.2,4,3,0,0.5,0
quality_check,35.2,59493,0.08,0,0,30.4,1,5,1,3.4,1
dbt_model,28.0,2442,0.89,0,0,-6.7,18,1,0,0.2,0
dbt_model,38.2,26824,0.05,0,0,-23.5,9,2,0,2.2,0
dbt_model,39.3,22361,0.44,0,0,-20.7,9,1,2,2.9,0
quality_check,48.3,188133,2.04,0,1,3.1,10,0,0,0.2,1
load,16.4,1898,0.54,0,0,2.1,23,3,1,3.1,0
extract,44.7,19723,1.05,0,0,1.4,16,4,0,2.1,0
load,47.8,16800,0.63,0,0,-23.1,23,2,0,0.2,0
extract,31.6,168739,0.53,1,0,36.5,14,4,0,7.7,0
dbt_model,17.1,33871,2.1,0,0,26.4,21,2,2,1.9,0
dbt_model,24.8,642904,2.9,0,0,2.3,22,3,0,10.6,0
dbt_model,29.9,104771,0.49,1,0,-27.4,12,6,2,0.3,1
quality_check,49.2,18838,0.35,0,0,28.5,11,1,2,3.3,0
load,33.1,53287,0.36,0,0,20.5,22,0,0,3.9,0
dbt_model,25.7,20609,0.83,0,0,1.9,17,0,0,3.0,0
load,28.5,143635,1.62,0,0,21.6,9,6,1,3.8,1
dbt_model,16.6,4309,1.66,1,0,-8.9,7,4,0,2.6,0
dbt_model,37.8,9721,0.41,0,0,-17.3,9,6,1,1.5,0
dbt_model,32.7,75290,0.04,0,0,2.8,6,2,0,0.5,0
dbt_model,54.5,258127,0.37,0,0,-27.9,11,6,2,0.4,0
quality_check,31.8,1071,1.54,1,0,-20.0,16,2,1,5.4,0
quality_check,43.5,327470,1.19,0,0,9.8,16,6,0,0.8,0
dbt_model,29.7,29021,2.03,0,0,4.3,1,3,1,0.9,0
dbt_model,17.2,1782,4.04,0,0,-24.9,1,5,1,0.0,0
load,16.0,298,0.24,1,0,-7.4,15,5,0,4.5,1
dbt_model,15.7,3143,0.56,0,0,-24.1,12,1,0,1.4,0
dbt_model,40.4,35188,1.28,0,0,-8.8,1,5,0,3.2,0
load,28.6,32681,1.7,0,0,-10.8,23,1,0,0.2,0
dbt_model,42.6,100019,1.1,0,0,17.9,23,3,0,3.5,0
load,31.9,15075,2.01,0,0,-2.8,1,4,0,2.7,0
load,26.5,6168,0.2,0,0,-4.4,0,0,1,0.5,0
load,20.6,18752,0.12,0,0,-7.1,2,3,0,0.8,0
dbt_model,35.0,38321,0.29,0,1,-31.0,15,1,0,6.6,1
quality_check,30.9,52535,2.11,0,0,-1.8,22,5,1,5.7,0
load,38.2,10273,0.33,0,0,8.7,9,3,1,5.3,0
dbt_model,28.3,153631,0.57,1,0,4.2,19,0,0,0.7,0
extract,36.1,13436,6.36,0,0,12.5,5,6,1,2.0,1
dbt_model,44.6,9031,1.92,0,0,13.3,0,2,1,1.1,0
dbt_model,33.2,15247,0.31,0,0,39.6,11,3,0,3.5,0
dbt_model,42.3,202753,0.11,0,0,-20.3,10,4,1,6.3,0
extract,37.0,29364,0.62,0,0,4.2,23,5,0,3.4,0
dbt_model,47.4,11953,2.81,0,1,6.2,7,4,0,2.3,0
dbt_model,38.2,159815,0.26,0,0,-5.8,10,4,0,11.6,0
dbt_model,44.5,1119505,0.44,1,0,-11.4,4,2,1,0.1,0
dbt_model,32.5,50791,0.68,0,0,9.0,9,2,0,1.8,0
dbt_model,28.7,261489,1.22,0,0,7.3,1,1,1,0.1,0
dbt_model,24.2,190560,1.21,0,1,-19.0,8,6,2,19.0,0
dbt_model,42.0,13780,3.51,0,0,-32.4,5,6,0,2.1,1
quality_check,23.2,37896,0.2,0,0,-8.8,9,1,0,1.3,0
quality_check,35.4,4665,3.86,0,0,-12.1,15,5,1,14.2,0
quality_check,35.4,26162,0.24,0,0,10.8,18,4,2,3.3,0
dbt_model,38.8,13334,0.55,0,0,-16.6,7,1,2,1.7,0
dbt_model,26.5,19060,0.31,0,0,-3.2,20,1,0,9.7,1
dbt_model,23.0,10939,1.17,0,0,-30.7,7,5,0,1.4,0
dbt_model,34.8,22940,0.22,0,0,-27.9,1,6,0,6.5,0
extract,31.1,85099,1.0,0,0,-13.9,6,0,0,1.0,0
dbt_model,20.8,29995,1.04,0,0,-4.5,5,6,0,4.5,0
dbt_model,44.5,1839,0.38,0,0,-14.8,2,3,0,0.4,0
dbt_model,23.0,11006,1.21,0,0,2.6,15,6,0,1.5,0
load,19.1,3193,0.32,0,0,-30.6,14,3,0,4.2,1
load,30.7,53663,0.36,0,0,-3.9,7,2,0,0.9,0
dbt_model,44.9,81251,1.41,0,0,-3.7,17,2,1,0.3,0
extract,13.5,54746,0.11,0,0,-26.1,5,3,2,15.0,1
dbt_model,40.6,10302,0.24,0,0,4.1,23,2,0,2.4,0
extract,24.7,53904,1.0,0,0,-39.0,8,1,1,1.1,0
quality_check,33.3,17116,0.19,0,0,-12.3,5,3,0,0.0,0
load,23.0,5877,1.15,0,0,14.2,17,2,0,2.1,0
dbt_model,52.2,119024,0.82,0,0,-40.1,3,4,0,1.2,0
dbt_model,35.6,134436,2.91,0,0,12.1,23,1,1,3.0,0
extract,28.5,165749,3.37,0,0,-21.0,16,2,1,4.9,0
load,27.8,13720,1.06,0,0,-10.6,4,5,1,3.2,0
dbt_model,36.3,239660,1.23,0,0,25.3,7,4,0,0.7,0
extract,32.5,16486,5.13,0,0,-11.3,23,5,0,26.2,0
dbt_model,38.0,103321,0.28,0,0,29.0,12,2,1,1.3,0
dbt_model,30.8,16035,0.18,0,0,-5.5,13,5,0,4.3,0
dbt_model,19.2,25377,1.26,0,0,-1.5,17,6,1,4.9,0
load,22.4,754,0.26,0,0,15.2,6,0,0,0.3,0
dbt_model,36.9,22402,0.42,0,0,9.8,10,4,0,1.2,0
quality_check,26.5,42013,2.61,1,0,2.8,10,6,1,1.0,0
extract,37.2,18843,1.99,0,0,-8.3,8,5,2,2.1,0
extract,37.4,603137,0.83,0,0,-27.9,7,2,0,0.7,0
extract,27.0,5653,0.83,0,0,-27.0,10,3,1,9.3,0
load,41.4,14739,1.87,0,0,23.6,18,2,0,1.9,0
dbt_model,14.1,8537,0.54,0,0,30.6,10,1,0,5.0,0
quality_check,24.6,14734,0.58,0,0,2.3,2,5,0,1.6,0
extract,46.2,189143,0.66,0,0,-31.9,0,0,1,3.8,0
extract,52.8,386485,2.48,0,0,-13.9,0,3,1,5.3,0
load,50.9,11833,0.36,0,0,-14.8,4,5,0,2.2,0
extract,30.7,11420,2.37,0,0,-10.0,18,4,2,0.3,0
extract,33.1,5702,1.87,0,0,-15.9,14,4,2,2.1,0
dbt_model,43.2,293624,0.74,0,0,9.4,8,3,2,0.4,0
dbt_model,46.8,218295,0.88,0,0,4.5,0,5,2,6.1,0
dbt_model,34.8,30651,3.69,0,0,28.4,7,2,0,0.8,0
dbt_model,36.7,3890,0.14,1,0,-7.0,6,4,0,5.3,1
quality_check,32.7,4488,0.68,0,0,3.6,11,0,0,2.7,0
dbt_model,37.4,47715,1.63,0,0,13.3,10,0,0,0.2,0
dbt_model,25.5,87460,1.57,0,0,18.4,4,1,0,4.6,0
extract,23.5,1331,0.58,0,0,-22.2,10,2,1,5.1,0
dbt_model,26.6,21718,0.01,0,0,7.3,2,2,0,0.7,0
quality_check,26.0,483725,3.28,0,0,2.6,1,2,0,8.7,0
dbt_model,16.8,25641,2.57,0,0,5.5,22,0,0,0.3,0
load,32.6,393730,0.53,0,0,1.1,21,3,0,2.0,1
extract,31.7,102587,0.31,0,0,30.8,23,0,1,0.5,0
extract,30.2,6407,0.41,0,0,-16.0,2,4,2,0.7,0
dbt_model,36.4,22736,0.8,0,0,-17.1,16,5,1,3.0,0
dbt_model,33.6,29557,0.31,0,0,-14.8,21,3,0,0.4,0
dbt_model,27.3,7910,0.73,0,0,-5.2,9,2,0,7.3,0
load,21.3,7694,0.18,0,0,5.3,23,4,0,10.1,0
dbt_model,44.3,404671,0.08,0,0,-8.2,23,6,1,1.1,0
dbt_model,28.6,7602,0.4,0,0,18.1,4,1,0,1.5,0
quality_check,31.3,203922,0.14,0,0,-0.1,20,1,0,0.5,0
extract,29.3,18063,0.43,0,0,-1.7,1,3,1,4.8,0
load,25.6,34855,2.42,1,0,-23.9,3,2,2,1.8,1
dbt_model,29.0,89228,0.58,0,0,32.8,2,1,2,8.3,0
quality_check,25.5,13937,1.91,0,0,-0.9,23,2,1,2.8,0
dbt_model,31.2,90097,0.23,0,0,29.5,20,3,2,0.1,0
extract,32.5,1374,2.56,0,0,-11.2,6,6,1,0.4,0
quality_check,37.1,73389,2.71,1,0,15.0,23,2,0,2.1,0
dbt_model,39.3,699,0.6,0,0,-10.1,3,1,0,1.7,0
dbt_model,42.5,25261,0.03,1,0,32.7,14,1,0,0.9,0
load,52.2,142456,1.37,0,0,20.2,20,4,0,3.4,1
load,39.0,98289,0.42,0,0,15.3,22,6,2,0.3,0
load,33.5,4548,0.43,0,0,-13.0,5,6,1,3.2,0
dbt_model,24.6,5588,3.73,1,0,34.3,18,1,2,1.8,0
dbt_model,37.8,12065,0.07,0,0,36.7,16,2,0,4.1,0
dbt_model,26.9,48920,1.07,1,0,-6.8,13,4,0,0.2,0
load,13.4,1406,1.04,0,0,2.9,19,1,0,1.0,0
dbt_model,45.9,35555,0.38,0,0,16.7,21,4,0,0.0,0
quality_check,21.9,59771,0.44,0,0,-35.5,3,6,2,2.1,0
dbt_model,35.4,23089,0.04,0,0,20.6,11,4,1,2.3,0
quality_check,25.8,84163,0.34,0,0,18.4,5,5,0,0.4,0
dbt_model,43.0,51945,0.2,0,0,-10.1,9,5,0,4.0,0
quality_check,42.1,15265,0.18,0,0,-39.5,9,1,0,2.4,0
extract,31.6,1639,0.17,0,0,6.0,17,4,1,0.4,0
extract,43.8,44956,0.18,0,1,-20.4,14,1,2,2.2,0
dbt_model,29.7,7903,0.27,0,0,-28.6,17,5,0,6.0,0
dbt_model,50.7,14395,0.44,0,0,6.7,16,5,1,1.1,0
quality_check,40.3,78166,0.42,0,0,23.7,8,0,1,3.3,0
dbt_model,28.1,350716,1.66,0,0,-3.9,15,1,1,0.2,0
extract,32.8,34170,0.52,0,0,21.3,11,0,0,4.3,0
dbt_model,32.4,88124,0.61,0,0,12.0,12,2,0,0.1,0
dbt_model,26.0,3600,2.16,0,0,-24.7,5,3,0,5.9,0
dbt_model,18.0,53789,0.19,0,0,-10.0,6,6,1,0.1,0
dbt_model,35.6,32996,0.39,0,0,19.4,2,2,0,9.4,0
dbt_model,23.2,259565,0.06,0,0,-10.1,3,3,0,1.7,0
dbt_model,8.0,15294,0.12,1,0,14.7,8,1,0,6.2,0
dbt_model,28.5,24670,0.18,0,0,-7.4,4,4,2,0.6,0
quality_check,28.4,197620,3.75,0,0,13.0,11,2,1,2.8,0
dbt_model,24.2,31342,1.13,0,0,7.7,17,5,0,4.5,0
quality_check,1.2,6160,0.31,0,0,-4.5,3,4,0,1.6,0
dbt_model,31.7,2153517,0.53,0,0,12.5,5,0,0,0.1,0
quality_check,27.7,6465,0.02,0,0,-38.9,3,5,0,1.2,0
extract,26.4,32744,2.88,0,0,-19.5,19,2,0,5.7,0
extract,36.7,63240,2.63,1,0,-8.3,2,1,1,0.6,0
load,45.5,55725,1.62,0,0,21.1,22,4,0,5.3,0
dbt_model,36.4,26806,0.02,0,0,-26.0,21,2,0,0.9,0
dbt_model,41.0,27021,0.44,0,0,-0.6,9,3,1,0.6,0
dbt_model,41.6,24937,1.39,0,0,5.7,16,0,1,2.7,0
quality_check,20.0,6090,1.18,0,0,4.5,4,5,0,0.3,1
dbt_model,42.2,1132967,0.09,0,0,-1.8,3,6,0,2.2,0
dbt_model,40.6,25540,0.28,0,0,-11.2,15,2,0,0.7,0
extract,30.0,94380,0.04,0,0,-4.4,15,0,2,10.0,1
load,24.2,21259,5.7,0,0,17.5,7,5,1,5.4,0
dbt_model,36.0,20586,1.98,0,0,-12.4,11,1,2,0.1,0
dbt_model,17.6,17523,3.21,0,0,-38.9,12,3,0,1.0,0
dbt_model,18.1,3041,0.11,0,0,8.4,13,2,0,7.4,0
extract,25.8,28085,2.5,0,0,26.9,6,0,0,1.3,0
dbt_model,35.2,18935,1.1,0,0,-18.9,19,1,1,1.6,0
extract,37.5,236674,3.83,0,0,24.5,14,6,0,1.3,0
dbt_model,38.2,5352,0.44,0,0,9.4,11,4,1,0.8,0
extract,22.3,14422,2.29,0,0,-20.8,12,2,0,0.6,0
quality_check,21.0,8625,1.68,0,0,-12.7,6,0,2,1.0,1
dbt_model,41.0,365144,2.56,0,0,-13.5,8,1,0,2.1,0
load,22.6,9035,1.39,0,1,3.0,18,3,2,0.3,0
dbt_model,28.4,89293,1.21,0,0,-3.3,3,5,2,2.5,0
dbt_model,18.2,171486,1.15,0,0,19.9,3,1,0,0.6,0
dbt_model,34.5,28744,0.73,0,0,15.3,4,4,2,0.0,0
load,42.3,4012,1.71,0,1,-27.8,22,4,0,2.1,1
dbt_model,19.2,4094,0.4,0,0,-25.5,19,0,1,12.5,0
extract,43.8,143720,1.73,1,0,11.1,22,0,2,14.9,0
dbt_model,28.2,4832,0.46,0,0,-9.3,7,1,0,2.2,0
load,17.4,67998,3.51,0,1,-3.1,8,1,0,0.7,1
dbt_model,24.5,43606,2.62,0,0,9.8,6,0,0,1.9,0
load,24.7,66397,0.27,0,0,15.5,18,5,0,0.6,0
dbt_model,30.7,77229,1.03,0,0,-22.2,18,6,0,8.7,0
extract,33.4,8152,0.21,0,0,-40.0,22,6,0,0.3,0
load,46.2,7624,1.02,0,0,-2.0,6,6,2,0.9,0
quality_check,21.3,113991,0.15,0,0,-15.4,22,2,0,0.8,0
quality_check,26.1,13267,0.16,1,0,1.2,22,2,1,12.5,0
load,16.5,445,3.05,0,0,-1.6,2,4,0,0.2,0
dbt_model,22.6,102540,0.39,0,0,-17.6,8,6,0,0.2,0
load,30.2,6918,0.44,0,0,37.6,4,4,0,10.0,0
dbt_model,33.6,76681,1.71,0,0,0.3,23,4,1,1.8,0
load,19.8,337228,0.13,0,0,-10.3,11,5,0,1.0,0
dbt_model,32.5,37302,0.9,0,0,1.8,0,6,2,4.3,0
dbt_model,24.2,178657,0.86,0,0,9.5,13,3,0,0.3,0
quality_check,32.8,46447,0.08,0,0,-11.4,4,5,0,0.2,0
extract,48.1,460416,1.69,0,0,41.8,8,4,1,2.3,0
extract,33.5,6638,1.99,0,0,-27.4,13,5,2,1.2,1
load,33.8,35841,0.71,0,0,-26.2,1,5,1,1.9,0
extract,29.4,106623,1.51,1,0,-28.8,21,5,1,0.8,0
dbt_model,32.3,26778,2.64,0,0,0.1,10,3,1,0.7,0
load,40.5,229475,1.65,0,0,8.5,15,6,0,7.3,0
dbt_model,35.2,18191,1.49,0,0,-5.9,6,3,0,6.3,0
dbt_model,37.1,995493,0.36,0,0,8.5,18,2,1,1.0,0
dbt_model,40.1,1083292,0.88,1,1,8.2,10,1,1,7.0,1
dbt_model,21.2,57029,0.75,0,0,-6.5,12,2,0,2.1,0
dbt_model,27.2,87918,0.24,0,0,7.7,6,5,0,2.8,0
dbt_model,41.9,244427,0.87,0,0,-3.5,4,6,0,0.7,0
extract,36.5,5434,0.64,0,0,-7.4,10,3,0,0.1,0
dbt_model,29.4,4450,0.8,1,0,-9.0,7,2,0,12.4,0
quality_check,49.0,271107,0.28,0,0,4.2,14,3,0,2.4,0
quality_check,37.6,56296,2.51,0,0,21.9,14,2,0,2.6,0
extract,29.5,25275,2.79,1,0,-21.7,8,4,2,3.1,1
quality_check,21.3,36967,2.16,0,0,-8.6,3,0,1,0.8,0
quality_check,38.6,798,0.14,0,0,2.9,5,3,0,3.3,0
dbt_model,38.6,26771,1.31,0,0,31.6,6,1,2,2.6,0
load,46.3,10884,0.24,0,0,7.8,9,3,0,1.6,0
dbt_model,54.3,157773,0.18,0,0,-14.6,18,4,0,2.9,0
dbt_model,23.4,178447,1.98,0,0,-16.6,6,3,0,13.5,0
quality_check,22.3,91371,0.14,0,1,17.7,17,6,0,2.7,0
dbt_model,7.6,68373,0.34,0,0,-5.6,1,0,0,0.2,0
dbt_model,36.3,3308,0.09,0,0,-22.2,15,2,2,1.9,0
dbt_model,39.8,93435,2.61,0,0,18.2,15,5,0,0.4,0
load,34.9,99412,0.53,0,0,5.5,19,2,1,0.2,0
load,24.7,266281,3.08,0,0,-21.5,15,0,0,1.2,0
extract,37.3,1076403,1.09,0,0,-24.1,7,4,1,2.7,0
quality_check,29.2,2420,1.13,0,0,-39.0,7,6,0,4.7,0
extract,38.2,19505,1.48,0,0,-11.2,19,6,1,0.8,0
dbt_model,32.6,11074,0.52,0,0,5.5,23,6,0,5.5,0
load,38.7,47858,3.5,1,0,17.3,12,2,1,1.8,0
dbt_model,31.2,37102,0.96,0,0,7.6,18,6,1,2.2,0
dbt_model,42.2,24970,1.04,0,0,-23.5,23,0,0,2.2,0
dbt_model,40.8,187994,0.14,0,0,-5.1,21,0,1,2.7,0
quality_check,18.5,6233,4.96,0,0,25.7,0,5,0,1.9,0
dbt_model,41.8,6865,0.51,0,0,-9.2,11,0,2,0.6,0
dbt_model,40.4,7053,0.24,0,1,13.8,14,4,1,0.4,1
load,35.4,20403,0.89,0,0,11.6,12,4,0,0.2,0
dbt_model,31.4,5086,1.59,0,0,13.7,14,1,0,4.2,0
quality_check,47.0,33600,0.22,0,1,7.8,16,1,0,2.4,1
extract,17.1,27867,2.39,0,0,13.6,5,1,0,3.0,0
dbt_model,41.2,10317,0.99,0,0,-26.7,14,6,2,7.0,0
load,30.4,146976,3.12,0,0,27.3,16,1,2,1.3,0
load,41.9,33017,0.11,0,0,-32.5,16,4,0,8.1,0
dbt_model,36.3,198836,1.59,0,0,5.6,14,5,0,2.9,0
dbt_model,20.5,26580,0.49,0,0,-0.9,10,6,0,0.9,0
dbt_model,27.7,34936,3.38,0,1,-11.3,8,1,1,1.3,0
load,39.9,14758,0.86,0,0,-17.6,3,6,0,14.9,0
quality_check,30.3,35908,0.92,0,0,9.9,18,2,0,2.3,0
dbt_model,28.6,113501,1.0,0,0,14.4,19,6,1,2.4,0
dbt_model,25.4,18804,1.52,0,0,-1.9,23,1,0,4.1,0
dbt_model,39.5,83237,1.43,1,0,-5.2,9,0,2,1.4,1
dbt_model,45.7,9893,1.06,0,0,23.1,5,4,2,2.7,0
load,15.1,122330,0.37,1,0,-7.6,14,6,0,0.2,1
extract,55.8,14359,1.63,0,0,-0.8,14,5,2,0.2,0
dbt_model,36.4,141873,0.35,0,0,-3.7,8,0,0,0.1,0
extract,37.6,40037,2.49,0,0,44.5,8,5,1,3.8,0
quality_check,32.5,413960,1.07,0,0,-15.1,11,5,1,8.3,0
dbt_model,29.0,5730,0.18,0,0,15.0,10,6,2,14.7,0
load,29.9,3422,2.31,0,0,-30.6,15,5,0,5.0,0
dbt_model,21.1,13548,2.12,0,0,-17.2,17,2,1,6.3,0
extract,21.1,3962,0.28,0,0,-5.6,13,1,1,2.4,0
dbt_model,39.1,3974,0.68,0,0,-2.4,16,6,0,3.5,0
extract,20.0,98172,1.29,0,1,-4.9,3,2,0,4.3,0
quality_check,36.2,36073,2.82,0,0,-1.8,7,3,0,1.1,0
quality_check,27.6,16856,1.97,0,0,-12.4,5,4,0,2.5,0
load,22.5,19552,8.18,0,0,23.2,19,6,0,1.0,0
dbt_model,48.3,13966,0.54,0,0,-18.0,4,3,1,3.1,0
dbt_model,28.2,509197,2.87,0,0,13.4,20,6,0,1.2,0
extract,20.0,11194,0.3,0,0,12.2,13,4,2,9.5,0
dbt_model,26.9,4379,0.6,0,0,-17.1,4,1,0,3.7,0
dbt_model,27.5,129791,0.48,0,0,-6.6,9,0,1,3.3,0
quality_check,31.7,25714,0.1,0,0,-0.0,1,4,0,2.1,0
quality_check,39.3,947931,0.71,0,0,30.2,5,2,0,3.7,0
extract,32.9,15647,1.86,0,0,-6.6,14,0,0,3.1,0
dbt_model,33.5,140586,1.1,0,0,65.2,1,5,1,4.9,0
dbt_model,28.9,205153,1.47,0,0,13.8,12,6,1,3.5,0
dbt_model,36.6,15769,2.0,0,0,6.2,18,0,1,3.4,0
extract,29.2,11062,0.45,0,0,15.9,5,6,0,1.4,0
load,29.8,118917,1.78,0,0,-30.9,1,4,0,2.2,0
quality_check,47.2,91110,2.41,0,0,21.1,14,6,0,1.5,0
dbt_model,27.2,3801,3.39,0,0,-23.8,9,3,1,3.3,0
dbt_model,38.9,5970,0.3,0,0,15.7,9,2,0,3.6,0
load,36.2,627,2.44,0,0,-10.7,10,6,1,2.2,0
extract,45.5,94147,3.28,0,0,-14.4,14,4,0,0.4,0
dbt_model,37.7,23886,1.16,0,0,31.9,10,6,2,9.4,0
quality_check,31.8,28016,1.03,0,0,-1.8,7,1,2,3.9,0
load,27.0,2425,0.27,0,0,-27.6,3,4,0,8.7,0
dbt_model,27.0,6266,1.53,0,1,17.5,23,4,2,1.1,1
dbt_model,11.4,16903,1.65,0,0,-22.0,17,3,2,4.5,0
dbt_model,36.8,12385,0.58,0,0,24.5,15,5,1,0.5,0
extract,34.8,43850,1.88,0,0,-0.3,5,3,1,1.0,0
dbt_model,41.3,92369,0.83,0,0,-22.9,0,5,0,3.0,1
load,37.5,1371451,0.87,0,0,14.8,15,3,0,3.8,0
quality_check,38.2,35170,1.06,0,0,9.4,21,1,0,0.9,0
dbt_model,22.9,216348,0.5,0,0,-38.2,9,5,2,7.5,0
dbt_model,19.4,9624,2.26,0,0,-1.1,2,4,1,2.1,0
extract,5.3,2490,0.16,0,1,5.4,12,2,0,3.4,0
dbt_model,30.1,20667,0.73,0,0,4.3,23,0,0,0.4,0
extract,20.8,2817,0.61,0,0,-3.3,10,1,2,4.6,0
dbt_model,24.2,37178,2.93,0,0,13.4,8,2,0,0.3,0
quality_check,33.1,10417,2.57,0,0,10.2,22,3,0,2.2,0
extract,23.0,1592,0.05,0,0,0.6,5,5,2,0.1,0
extract,24.2,583990,0.26,0,0,-4.3,8,2,1,3.6,0
dbt_model,53.6,15365,2.81,0,0,2.7,5,0,0,5.8,0
dbt_model,27.4,2643,0.35,0,0,-10.9,3,5,1,6.7,0
dbt_model,25.0,152828,0.14,0,0,-18.4,21,2,0,4.0,0
extract,24.2,11318,0.26,0,0,-20.2,8,1,2,3.7,0
dbt_model,33.7,207786,2.61,0,0,-1.8,19,5,0,0.9,0
dbt_model,28.6,11232,0.23,0,0,-15.4,11,2,2,2.9,0
quality_check,42.5,15284,0.92,0,0,-2.9,17,3,0,0.4,0
dbt_model,32.5,63052,0.2,0,0,23.9,1,1,0,2.8,0
dbt_model,50.6,93821,0.62,0,0,-3.7,13,6,0,4.7,0
dbt_model,30.5,124190,2.67,0,0,2.5,22,3,1,1.4,0
dbt_model,35.8,31458,2.78,0,0,-4.1,23,2,0,7.1,0
dbt_model,42.9,84608,0.22,0,0,23.5,4,2,1,4.4,0
dbt_model,45.1,119731,0.22,0,0,29.8,18,3,0,2.7,1
extract,44.6,50056,0.61,0,0,-8.5,22,4,0,5.1,0
quality_check,29.4,28904,0.65,0,0,13.1,17,1,1,0.5,0
dbt_model,28.2,3595,1.3,0,0,37.6,9,5,0,2.8,0
dbt_model,11.6,94719,0.96,0,0,-20.9,3,2,0,1.2,0
dbt_model,30.6,38850,0.0,0,0,17.6,13,5,1,3.9,0
dbt_model,40.9,18736,4.26,0,0,-31.3,0,6,2,3.1,0
dbt_model,43.9,280527,0.47,0,0,0.5,16,2,0,0.8,0
quality_check,27.5,3697,0.28,0,0,-2.5,9,3,2,0.7,0
extract,52.1,504063,0.21,1,0,-30.7,1,3,0,4.9,0
dbt_model,28.7,35044,0.86,0,0,19.6,16,5,0,14.1,0
extract,26.7,60356,0.52,0,0,2.7,9,2,2,5.0,0
dbt_model,26.9,19301,0.3,0,0,-16.7,12,5,1,7.1,0
dbt_model,17.5,2521,2.28,0,0,5.9,6,4,0,1.8,0
dbt_model,37.5,29045,0.52,0,0,16.3,10,2,1,0.0,0
dbt_model,35.8,62043,0.1,0,0,-31.8,4,6,2,4.3,0
dbt_model,39.6,107147,2.0,0,0,-56.7,4,0,0,10.0,0
dbt_model,28.0,26453,0.72,0,0,-0.8,16,5,0,0.5,0
quality_check,25.6,1087,0.59,0,0,-13.8,19,2,1,0.4,0
quality_check,8.3,3082,1.12,0,0,24.1,3,6,2,0.1,0
extract,41.3,968236,0.04,0,0,-6.7,3,1,1,4.8,0
dbt_model,30.1,6322,0.04,0,0,5.6,13,2,0,12.8,0
load,26.3,356211,0.93,0,0,-3.4,13,0,0,2.4,0
dbt_model,28.7,8147,1.65,0,0,-27.8,9,5,0,5.2,0
dbt_model,29.4,27121,0.04,0,0,0.5,23,4,1,3.5,0
dbt_model,49.9,98748,0.34,0,0,-23.9,23,2,0,4.8,0
extract,20.4,9776,2.61,0,0,-24.8,15,4,0,2.8,0
extract,39.6,463955,2.55,0,0,-19.8,21,0,1,2.6,0
dbt_model,22.6,40993,1.28,0,0,-21.3,10,4,0,1.6,0
dbt_model,28.5,75914,1.39,0,0,-3.8,0,4,0,0.9,0
quality_check,34.0,23666,4.54,0,0,-7.1,2,6,1,4.7,0
dbt_model,32.2,104188,0.21,0,0,5.1,19,4,1,0.3,0
load,36.6,454098,1.15,0,0,-28.3,3,2,1,11.2,0
dbt_model,34.9,29435,1.06,0,0,-4.5,4,5,0,0.6,0
quality_check,32.6,578122,0.31,0,0,-8.7,16,5,0,4.6,1
extract,38.5,13649,1.04,0,0,3.6,11,5,1,0.9,0
extract,31.6,123321,1.48,0,0,4.5,5,4,0,1.0,0
quality_check,32.7,79426,0.25,0,0,2.8,19,6,0,7.3,0
load,32.5,6569,0.22,0,0,-17.8,17,4,1,3.7,0
load,34.9,51128,3.07,0,0,0.4,6,4,0,27.0,0
dbt_model,38.1,36746,0.33,0,0,-9.2,4,6,2,0.7,0
extract,32.7,9273,0.91,0,0,23.7,17,4,1,5.4,0
load,37.5,64395,0.14,0,0,2.0,5,4,2,1.4,0
dbt_model,29.7,45892,0.74,0,0,1.4,5,0,0,0.7,0
dbt_model,22.4,32333,1.38,0,0,-23.1,21,1,0,0.2,0
quality_check,19.2,32541,0.22,0,0,-10.6,20,0,0,1.6,0
load,17.0,31444,0.13,0,0,4.7,23,2,2,0.2,0
dbt_model,47.1,20164,1.51,0,0,-1.4,10,0,1,1.8,0
quality_check,12.7,45421,1.9,0,0,-1.6,17,4,1,1.5,1
quality_check,41.2,12961,1.14,0,0,-31.6,4,1,0,8.6,1
dbt_model,32.2,2548193,3.06,0,0,-14.7,23,1,0,6.2,0
dbt_model,39.0,3808,0.87,0,0,-4.9,1,6,0,3.2,0
dbt_model,10.8,14248,1.32,0,0,21.6,20,3,0,7.9,0
load,28.7,16168,0.37,0,0,-34.0,14,5,1,2.4,0
load,51.0,950543,0.27,0,0,-18.8,22,0,0,0.3,0
load,35.0,4393,1.82,0,0,-34.2,16,4,0,2.7,0
quality_check,30.4,71788,0.59,0,0,5.9,4,6,0,4.9,0
extract,15.4,54037,0.16,0,0,21.4,16,0,0,0.7,0
dbt_model,21.3,61930,0.47,1,0,6.5,17,1,0,0.2,0
dbt_model,48.2,262537,0.56,0,0,10.4,11,4,0,0.9,0
load,32.5,254060,1.45,0,0,-18.6,14,4,0,6.8,0
dbt_model,30.3,17649,2.96,0,0,6.6,9,5,0,8.3,0
dbt_model,35.3,49534,0.13,0,0,-13.9,6,1,0,0.2,0
extract,15.3,1839,4.79,0,0,1.1,14,2,2,0.4,1
quality_check,36.2,42554,3.95,0,0,9.0,12,0,2,3.1,1
dbt_model,26.3,10194,0.55,0,0,-5.3,0,1,0,4.5,0
extract,34.4,26951,1.9,0,0,14.8,18,4,2,1.8,0
load,22.4,2448,0.98,0,0,-2.9,5,4,2,1.7,0
dbt_model,19.2,69410,0.27,0,0,4.9,1,3,0,3.7,0
extract,23.7,2405,0.64,0,0,34.0,6,0,0,2.7,0
extract,38.4,46039,0.19,0,0,9.0,21,6,0,2.9,0
dbt_model,32.4,5103,0.68,0,0,-13.5,18,4,0,0.2,1
extract,30.2,9326,0.89,0,0,-8.6,10,0,1,2.1,0
load,43.5,230399,0.05,0,0,15.7,10,6,0,0.3,0
dbt_model,32.0,93029,2.8,0,0,18.8,10,4,1,1.5,0
dbt_model,35.9,228370,0.74,0,0,-0.7,1,0,0,1.3,0
extract,32.3,440454,1.08,0,0,-27.5,8,2,1,1.9,0
dbt_model,38.7,10545,1.3,0,0,-17.1,21,1,0,0.3,0
extract,39.0,399654,2.29,0,0,3.3,15,0,0,4.7,0
load,23.2,3481,0.52,0,0,10.4,9,3,0,0.6,0
dbt_model,20.9,119821,2.23,0,0,18.1,23,0,0,9.1,0
dbt_model,40.8,16492,0.54,0,0,-36.6,1,0,0,3.7,0
extract,23.0,8196,1.61,0,1,15.7,20,3,2,5.5,0
extract,34.6,97066,0.09,0,0,25.7,10,4,0,1.0,0
dbt_model,56.0,164706,2.18,0,0,-43.1,12,2,1,3.3,1
extract,42.0,157067,0.84,0,0,-0.1,22,0,0,5.8,0
quality_check,47.3,51214,0.22,0,0,13.6,22,4,0,1.5,0
load,27.8,44852,4.5,0,0,-25.4,19,1,1,5.2,0
load,43.3,84371,1.15,0,0,-9.0,12,1,1,4.3,0
dbt_model,33.3,59043,0.66,0,0,10.1,14,3,1,7.4,0
quality_check,37.0,86350,0.67,0,0,-9.4,21,1,0,0.7,0
dbt_model,51.0,50332,0.36,0,0,-6.5,18,5,0,0.5,1
extract,32.1,139867,0.57,0,0,4.0,7,5,1,6.9,0
extract,27.9,2687,0.6,0,0,-21.1,12,2,1,1.2,0
dbt_model,23.7,29435,0.08,0,0,-19.2,19,5,2,1.8,0
dbt_model,36.4,3967,1.35,0,0,8.4,19,0,0,4.3,0
extract,28.0,56541,0.03,0,0,17.1,7,5,1,0.5,0
load,46.0,502368,0.43,0,0,7.2,20,2,0,2.6,0
quality_check,16.1,17008,1.04,0,0,24.5,13,6,0,1.2,0
dbt_model,37.5,44515,2.25,0,0,7.6,8,0,1,0.6,0
load,28.5,121829,0.27,0,0,33.2,11,1,1,10.6,0
load,33.1,1328,1.65,0,0,1.2,10,1,0,0.3,0
load,30.7,15750,2.44,0,0,4.5,1,4,1,2.3,0
dbt_model,28.4,65070,2.89,0,0,7.3,5,3,0,4.5,0
load,20.7,352,4.48,0,0,-11.3,3,0,0,0.9,0
dbt_model,21.9,7609,0.18,0,0,-14.0,16,6,0,2.0,0
quality_check,42.8,211371,0.01,0,0,-16.2,10,2,2,5.3,0
load,25.6,180736,3.35,0,0,-10.0,3,6,0,7.1,0
extract,30.9,66099,0.44,0,0,37.3,14,2,1,3.2,1
dbt_model,37.8,148972,5.83,0,0,32.8,11,4,1,3.6,1
extract,47.4,51234,1.47,0,0,-5.9,16,6,1,5.7,0
dbt_model,33.7,88312,3.84,0,0,-7.6,23,5,1,3.7,0
dbt_model,29.2,21915,1.07,0,0,-38.6,23,4,0,0.3,0
load,35.0,43708,2.55,0,0,-17.9,11,3,0,0.4,0
load,11.8,13203,0.52,0,0,-14.6,0,5,0,1.7,0
dbt_model,25.0,274189,1.37,0,0,-7.9,1,6,0,3.7,0
dbt_model,33.1,414361,1.62,0,0,-10.3,3,3,1,0.3,0
dbt_model,29.7,330334,0.03,0,0,3.9,0,5,0,0.8,0
load,16.7,18902,0.34,0,0,13.9,15,0,0,2.7,0
load,37.3,7894,4.71,0,0,-13.1,22,4,2,2.1,1
dbt_model,38.1,280171,2.21,0,1,25.9,18,6,0,4.1,1
dbt_model,35.0,86703,0.55,1,0,6.2,16,1,1,2.8,1
quality_check,26.9,61434,0.29,0,0,16.0,7,5,1,1.6,1
dbt_model,31.2,13176,0.08,0,0,-7.9,17,5,0,4.8,0
dbt_model,38.1,71758,1.11,0,0,9.8,12,1,0,3.2,0
extract,26.8,6396,0.02,0,0,8.2,8,6,0,1.1,0
dbt_model,38.0,100157,0.01,0,0,26.4,1,4,1,3.6,0
dbt_model,28.9,329792,1.82,0,0,11.7,12,3,0,2.0,0
dbt_model,37.7,493694,0.35,0,0,15.4,10,1,0,1.4,0
dbt_model,44.5,112830,0.19,0,0,-9.5,13,2,2,4.3,0
quality_check,39.5,3978,0.43,0,0,21.5,11,3,0,3.1,0
quality_check,44.7,49797,0.39,0,0,-23.0,18,2,2,1.0,0
dbt_model,40.8,1114025,0.4,0,0,-10.3,21,3,0,0.8,0
dbt_model,30.1,9047,0.08,0,0,5.1,12,5,0,1.3,0
dbt_model,28.0,33034,0.14,0,0,-20.7,8,1,0,4.4,0
quality_check,19.9,348585,0.69,0,0,-16.6,7,6,0,0.5,0
dbt_model,21.9,97481,0.69,0,0,-16.6,21,2,0,2.1,0
dbt_model,37.6,1920795,0.42,0,0,6.8,12,2,0,3.1,0
dbt_model,29.2,11241,3.81,0,0,-2.9,23,2,0,1.9,0
dbt_model,42.2,7453,3.55,0,0,17.3,16,0,0,0.2,0
dbt_model,47.5,257455,0.23,0,0,33.9,13,3,0,1.5,0
dbt_model,22.7,5359,2.52,0,0,4.9,1,0,0,2.2,0
dbt_model,39.1,26507,2.37,0,0,-9.2,17,5,0,4.9,0
quality_check,27.8,32694,1.66,0,0,6.6,11,5,1,0.6,0
dbt_model,41.3,190533,2.71,0,0,-16.1,2,2,1,0.3,0
dbt_model,41.2,97035,0.77,0,0,-1.1,8,2,1,0.8,0
dbt_model,44.7,75455,0.87,0,0,44.3,10,1,1,2.6,0
dbt_model,26.7,19074,2.29,0,0,-3.7,21,5,0,1.8,1
extract,44.7,253725,1.72,0,0,5.4,15,6,0,8.5,0
load,26.6,22778290,0.35,0,0,-2.9,9,0,1,0.8,0
extract,45.8,109759,0.09,0,0,-7.4,23,0,2,3.4,0
dbt_model,32.3,42594,0.34,0,0,8.7,15,0,0,0.6,0
dbt_model,28.6,4552,0.03,0,0,-22.9,23,3,1,0.5,0
dbt_model,12.1,13095,0.95,0,0,-3.0,10,2,1,2.4,0
extract,28.1,25798,1.12,0,0,-24.4,20,2,0,2.7,0
load,43.0,15438,1.59,0,0,27.8,19,2,0,4.6,0
dbt_model,28.4,35393,0.3,0,0,17.8,17,3,1,5.4,0
dbt_model,43.6,624574,2.77,0,0,-13.8,22,6,0,1.5,0
quality_check,36.0,267123,2.87,0,0,-33.4,13,6,0,3.7,0
extract,41.4,28165,0.58,0,0,8.8,2,1,0,3.9,0
dbt_model,30.6,5254,3.1,0,0,-0.8,9,5,0,5.2,0
dbt_model,27.6,308595,1.1,0,0,40.4,0,5,2,1.9,0
dbt_model,32.6,33574,2.58,1,0,25.2,6,6,2,2.2,1
extract,41.9,2292,2.13,0,0,11.4,16,6,0,5.6,0
load,38.7,113537,0.01,0,0,-9.5,3,0,0,9.1,0
dbt_model,34.0,187418,0.85,0,0,-4.7,15,5,1,5.9,0
quality_check,45.8,748,0.59,0,0,5.4,15,5,0,3.6,1
quality_check,40.4,9708,0.3,0,0,6.4,13,6,0,0.9,0
dbt_model,39.3,30432,0.13,0,0,-12.7,16,5,1,5.5,0
extract,37.1,117620,4.19,0,0,-24.6,10,1,1,1.6,0
dbt_model,37.4,15911,0.91,0,0,34.7,15,2,2,4.1,0
quality_check,36.8,9590,0.46,0,0,0.6,17,4,0,0.6,0
load,14.6,116246,2.46,0,0,7.6,14,2,0,7.5,0
load,34.5,17165,0.19,0,0,-15.4,16,3,1,0.0,0
dbt_model,32.3,86447,3.79,0,0,24.6,18,4,2,0.8,0
dbt_model,24.7,6133,0.52,0,0,18.7,9,6,0,4.4,0
extract,26.7,4172,0.05,0,1,1.1,21,0,0,0.2,1
quality_check,20.3,121592,0.26,0,0,3.8,7,5,0,4.8,0
dbt_model,16.7,54395,0.18,0,1,5.1,1,6,2,1.7,0
quality_check,46.0,158883,3.59,1,0,1.8,23,5,0,0.2,1
quality_check,34.9,15488,2.17,0,0,10.0,20,0,2,2.8,0
load,8.3,10176,0.31,0,0,6.8,9,2,0,3.4,0
dbt_model,30.8,320343,0.34,0,0,-3.2,5,3,0,4.0,0
dbt_model,35.9,3175,2.61,0,1,-21.0,5,4,0,2.1,0
dbt_model,33.2,268965,0.07,0,0,-0.5,13,5,0,1.1,0
extract,47.1,300381,0.98,0,0,13.5,23,6,2,0.6,0
extract,44.1,143794,1.11,0,0,12.1,7,5,1,0.1,0
dbt_model,18.1,12082,0.01,0,0,23.6,16,1,1,1.4,0
quality_check,28.7,9833,1.32,0,0,25.5,8,4,0,4.7,0
dbt_model,27.6,25949,0.04,0,0,12.6,13,0,0,1.9,0
quality_check,16.1,4573,1.68,0,0,3.4,15,0,2,7.9,0
dbt_model,16.5,7795,0.78,0,0,6.2,18,2,0,1.6,0
dbt_model,26.8,101882,0.59,0,0,-10.3,17,4,0,8.5,0
dbt_model,28.3,102637,0.68,0,0,14.4,5,6,0,9.2,0
dbt_model,31.9,6772,3.07,0,0,23.8,2,5,1,0.8,0
extract,43.5,107129,0.46,0,0,18.7,13,3,1,2.6,0
extract,38.1,75123,0.06,0,0,10.0,9,0,0,3.1,0
load,43.2,406694,6.65,0,0,-4.3,6,1,1,3.7,0
dbt_model,31.4,90275,0.11,0,0,-6.4,4,4,1,11.0,0
dbt_model,40.6,197546,0.27,1,0,-2.9,20,6,0,3.0,0
dbt_model,32.2,77911,0.23,0,0,-13.1,2,0,0,0.7,0
extract,31.0,174187,1.05,0,0,4.9,3,0,0,1.3,0
load,45.7,4631,0.33,0,0,-50.3,8,3,2,3.1,1
extract,10.9,29887,0.85,1,0,-9.7,5,5,0,0.2,1
quality_check,15.3,34119,1.57,0,0,1.2,1,1,1,9.7,0
dbt_model,35.0,24587,0.45,0,0,45.0,5,5,0,6.5,0
dbt_model,31.1,73881,1.29,0,0,0.1,8,6,2,2.5,1
dbt_model,21.1,100208,1.95,0,1,0.7,10,3,0,1.4,0
quality_check,23.8,68023,0.2,0,0,-15.0,12,4,0,2.1,0
extract,23.4,27361,1.81,0,0,31.0,3,1,1,5.1,0
dbt_model,38.2,11190,0.07,0,0,-14.6,23,4,1,3.7,0
dbt_model,46.2,210133,0.69,0,0,36.6,13,3,2,2.0,0
dbt_model,48.0,63549,0.26,0,0,-13.3,9,5,0,2.7,1
dbt_model,15.1,7116,0.14,0,0,16.9,17,2,1,2.4,0
load,19.4,26638,0.36,0,0,-1.0,22,4,0,0.7,0
dbt_model,14.5,2232,0.91,0,0,-10.1,0,0,0,1.0,0
dbt_model,43.9,38429,1.23,0,0,18.2,12,4,0,6.5,0
dbt_model,35.4,26438,1.59,0,0,23.9,21,4,2,1.8,0
load,31.4,14484,3.33,0,0,-3.3,5,2,2,1.3,0
dbt_model,38.7,458337,0.96,0,0,-0.4,20,1,0,2.1,0
dbt_model,28.5,5711,0.66,0,0,-7.4,14,6,2,9.2,0
dbt_model,24.1,112446,3.94,0,0,4.0,1,6,0,0.9,0
dbt_model,42.9,1201081,0.4,0,0,-19.7,20,3,0,6.1,0
extract,33.6,203542,0.32,0,0,-48.5,1,4,1,0.9,0
dbt_model,21.3,34528,0.94,0,0,-33.7,17,4,0,3.6,0
extract,34.3,5916,0.52,1,1,-4.0,13,0,0,1.6,1
dbt_model,24.6,4108,0.08,0,0,-19.3,19,1,0,17.2,0
dbt_model,33.1,18798,0.22,0,0,-2.1,7,4,0,0.4,0
dbt_model,29.2,12098,1.27,0,1,-9.2,2,4,0,1.7,0
quality_check,38.3,11484,1.66,0,0,-12.7,11,2,1,7.7,0
dbt_model,33.3,21544,0.89,0,0,-11.7,17,3,1,1.0,0
load,24.0,30834,0.02,0,0,17.4,13,1,0,0.1,0
dbt_model,36.5,78931,0.39,0,0,4.2,2,5,1,1.8,0
load,32.0,5011,0.96,0,1,28.2,15,2,0,2.2,0
extract,34.9,12190,0.42,0,0,1.9,9,6,0,1.8,0
dbt_model,41.1,28128,0.77,0,0,-34.4,17,1,0,0.4,0
quality_check,26.2,26561,0.34,1,0,-18.8,22,0,0,1.9,0
dbt_model,43.4,685756,1.37,0,1,2.1,20,4,2,1.3,0
load,17.4,52659,0.44,0,0,4.4,23,1,0,0.6,1
dbt_model,26.7,2746,0.84,0,0,-10.5,14,1,0,3.7,0
extract,30.9,70904,0.39,0,0,-14.3,17,3,1,8.3,1
quality_check,46.8,86947,0.18,0,0,-10.9,2,0,0,5.3,0
extract,30.5,29726,0.02,0,0,-2.6,4,1,1,7.0,0
quality_check,34.3,5211,1.94,0,0,-0.9,3,5,0,1.3,0
quality_check,21.3,604941,1.39,0,0,-19.8,17,1,2,5.2,0
load,26.1,6556,0.55,0,0,4.4,14,1,0,1.0,0
dbt_model,26.5,104530,3.77,0,0,4.3,22,3,1,5.5,1
load,55.1,50015,1.99,0,0,-2.0,17,2,0,4.2,0
dbt_model,27.9,94968,1.12,0,0,-12.4,20,6,2,6.4,1
dbt_model,37.6,557363,0.66,1,0,12.1,18,3,2,1.0,0
extract,34.9,89198,0.86,0,0,23.8,15,1,0,1.3,0
quality_check,16.4,14855,1.18,0,0,-8.1,12,5,1,0.4,0
quality_check,30.6,213115,0.47,0,0,-11.3,3,0,0,1.6,0
quality_check,34.1,13229,1.13,0,0,8.4,14,4,2,2.6,1
quality_check,33.5,47178,0.17,0,0,-21.1,12,3,1,3.3,0
dbt_model,7.9,4587,2.82,0,0,-23.0,23,0,0,0.2,0
extract,24.3,6951,0.89,0,0,-11.7,21,1,2,0.3,0
load,41.6,39427,0.12,0,0,5.6,8,3,1,7.5,0
dbt_model,38.6,65443,3.12,0,0,-15.8,4,0,0,3.0,0
extract,38.5,2383,0.58,0,0,-0.3,5,5,2,0.3,1
load,24.8,80471,0.12,0,0,-36.2,11,5,0,6.4,0
load,41.5,9788,0.05,0,0,11.1,23,0,0,2.8,0
dbt_model,35.4,281391,3.08,0,0,25.9,20,2,0,8.0,0
quality_check,45.6,20678,0.28,0,0,-16.4,22,0,0,5.3,0
extract,29.1,6016,0.69,0,0,8.0,5,1,0,6.8,0
extract,14.0,40998,0.42,0,0,-3.7,0,4,1,5.8,0
dbt_model,37.3,8383,0.28,0,0,1.9,16,2,0,0.1,1
dbt_model,31.8,276595,1.17,0,0,-4.4,9,3,1,0.4,0
extract,28.9,36346,0.37,0,1,-5.5,11,1,0,13.5,1
extract,18.7,28490,0.88,0,1,-15.0,17,1,0,1.1,0
quality_check,48.5,93608,1.14,0,0,-19.7,23,5,0,2.9,0
quality_check,24.8,7274,2.46,0,0,19.8,4,4,1,1.2,0
quality_check,42.8,4616,0.06,0,0,-30.2,14,6,1,1.0,0
quality_check,29.5,69798,0.71,0,0,-0.3,0,0,0,0.8,0
quality_check,20.8,6251,0.18,0,0,-1.2,12,1,0,0.6,0
dbt_model,41.1,6247,1.15,0,0,-0.8,0,3,2,0.4,0
dbt_model,33.9,138525,1.57,0,0,12.0,19,6,0,11.6,0
load,33.1,84128,0.27,0,0,-6.7,13,5,1,1.5,0
dbt_model,17.2,4884,0.78,0,0,11.8,6,3,0,1.7,0
extract,26.4,13485,1.49,0,0,35.7,5,1,0,0.2,0
quality_check,33.6,8552,0.39,0,0,-2.7,15,6,0,8.4,0
dbt_model,25.5,622881,1.1,0,0,-36.6,6,4,0,2.1,0
load,29.9,154757,0.91,0,0,-2.6,9,5,0,5.1,0
dbt_model,27.3,18520,2.21,0,0,-4.3,0,2,1,1.1,0
load,34.4,91300,0.98,0,0,7.2,8,5,0,4.8,0
extract,41.8,4146,0.41,0,0,-35.9,17,6,0,6.7,0
dbt_model,27.7,12379,0.41,0,0,5.8,1,2,0,1.6,0
dbt_model,26.3,42949,1.84,0,0,-7.6,20,4,0,7.7,0
dbt_model,58.2,74874,2.73,0,0,14.4,6,5,0,2.8,0
dbt_model,28.1,31072,0.28,1,0,-9.3,17,2,1,0.0,0
load,31.2,54004,3.75,0,0,15.6,3,4,1,2.6,0
dbt_model,29.2,41164,0.5,0,0,-27.2,3,3,2,3.5,0
load,29.3,27952,0.42,0,0,0.3,20,3,2,1.6,0
dbt_model,32.1,22610,0.3,0,0,-17.5,22,3,0,1.8,0
extract,39.3,18360,0.61,1,0,-8.8,6,1,0,0.8,0
load,36.5,52633,0.92,0,0,49.0,23,6,1,2.6,0
dbt_model,43.1,70073,4.22,0,0,-17.1,19,2,0,0.9,0
dbt_model,42.2,49879,1.2,0,0,-6.7,6,5,2,0.3,0
load,30.8,5509,0.17,0,0,-20.6,19,5,0,1.8,0
load,32.9,7344,1.67,0,0,-5.5,23,4,0,5.8,0
load,43.3,68748,0.2,0,1,-2.7,7,1,1,1.5,0
dbt_model,26.3,382573,1.45,0,0,-13.2,10,6,0,1.7,0
quality_check,55.1,46344,0.41,0,0,28.4,6,4,2,2.8,1
dbt_model,26.5,18794,0.5,0,0,20.8,1,1,0,1.5,0
quality_check,29.7,51997,0.61,0,0,-17.0,22,4,0,0.4,0
dbt_model,18.2,5890,1.69,0,0,14.7,13,3,0,0.3,0
extract,25.2,294875,0.66,0,0,-8.6,4,4,1,5.2,0
dbt_model,41.5,48949,4.14,0,0,-22.1,12,6,0,5.6,1
dbt_model,50.8,12442,0.5,0,0,-12.9,18,1,0,5.6,0
dbt_model,26.7,27809,0.13,0,0,-22.6,20,5,0,5.2,0
dbt_model,33.9,15626,3.17,0,0,16.9,18,5,0,2.2,0
dbt_model,37.9,296164,2.77,0,0,-15.8,8,1,0,5.8,0
extract,40.7,26276,0.53,0,0,23.2,22,2,0,5.6,0
extract,52.6,46564,0.09,0,0,2.5,18,2,0,0.2,0
quality_check,47.5,90940,0.27,0,0,-7.3,10,2,0,2.6,0
dbt_model,28.0,11100,1.02,0,0,-9.0,18,1,0,2.9,1
dbt_model,37.5,49510,0.56,0,0,31.5,23,5,0,2.6,0
dbt_model,38.7,56336,3.55,0,0,0.2,0,4,0,1.5,0
dbt_model,27.7,3021,1.42,0,0,-9.1,14,5,0,3.0,0
dbt_model,23.1,54410,0.57,1,0,15.4,16,4,1,4.7,0
dbt_model,24.9,33751,0.04,0,0,10.5,20,1,0,2.8,0
quality_check,42.9,44709,6.36,0,0,-17.8,11,4,0,1.1,0
load,43.6,38445,0.69,0,0,0.1,8,3,0,5.8,0
dbt_model,31.1,54977,2.13,0,0,-32.6,4,6,1,0.4,0
quality_check,38.3,308583,0.33,0,0,-0.6,9,6,1,6.2,0
load,39.7,5501,0.09,0,0,5.7,10,0,0,1.5,0
extract,16.0,21005,0.22,0,0,8.1,19,3,0,2.4,0
quality_check,30.1,105513,2.11,0,0,-18.0,20,6,0,0.9,1
dbt_model,51.7,78392,0.16,0,0,-13.3,12,4,0,5.0,0
load,36.2,75739,3.22,0,0,4.5,16,3,0,0.1,0
dbt_model,29.7,2974907,2.06,0,0,22.5,17,4,0,8.6,0
load,35.0,97014,1.08,0,0,1.7,15,0,2,3.7,0
extract,44.6,221793,0.27,0,0,-10.0,18,3,1,1.7,0
extract,8.5,22218,0.18,0,0,17.5,1,6,1,1.2,1
load,31.1,7415,0.38,0,0,2.3,11,3,1,0.8,1
dbt_model,28.0,21962,1.22,0,0,3.2,16,6,0,0.5,0
dbt_model,19.4,113452,0.71,0,0,14.4,12,5,0,4.1,0
dbt_model,34.1,69628,0.8,0,0,-1.7,18,6,0,1.3,0
dbt_model,32.1,69230,1.82,0,0,-16.8,7,1,0,0.8,0
quality_check,31.4,25772,0.51,0,0,-2.8,22,5,0,1.9,0
dbt_model,28.1,19968,1.03,0,0,20.0,2,1,0,0.4,0
dbt_model,22.5,27234,0.32,0,0,34.1,19,1,2,3.5,0
dbt_model,21.2,115746,0.61,0,1,-21.9,17,0,1,11.3,0
dbt_model,28.4,139408,0.03,0,0,29.5,1,2,1,5.3,1
extract,37.2,7259,0.03,0,0,-6.6,5,4,2,0.9,0
load,36.5,122976,0.14,0,0,0.4,22,2,0,1.4,0
load,29.8,12821,0.26,0,0,30.6,16,0,2,3.3,0
extract,24.2,76901,0.07,0,0,-7.4,19,1,0,5.8,0
dbt_model,28.3,26711,1.3,0,0,-4.9,20,0,1,1.2,0
dbt_model,43.2,444747,2.36,1,0,-11.6,0,6,0,1.1,0
dbt_model,35.6,18603,0.02,0,0,0.7,20,5,0,1.6,0
quality_check,28.4,48328,2.4,0,0,5.6,17,3,1,4.1,0
dbt_model,10.4,95850,0.01,0,0,-12.4,5,5,1,0.8,0
extract,23.7,8970,0.24,0,0,26.1,7,1,0,4.1,0
dbt_model,27.7,32319,3.02,0,0,-13.5,9,6,0,2.2,0
dbt_model,23.3,23705,0.72,0,0,9.0,14,5,0,6.4,0
dbt_model,27.1,15960,0.01,0,0,0.5,6,1,0,1.5,0
quality_check,38.4,17969,1.86,0,0,22.4,6,4,0,0.7,0
extract,35.0,215178,0.57,0,1,-14.5,12,6,2,1.0,1
extract,39.5,13937,1.26,0,0,10.3,17,2,2,12.3,0
dbt_model,20.2,89881,1.6,0,0,43.6,10,1,0,2.8,0
dbt_model,30.4,60075,0.45,0,0,-25.9,4,6,0,2.0,0
dbt_model,10.9,3884,5.42,0,0,-16.2,2,2,0,4.8,0
dbt_model,29.8,83338,0.22,1,0,37.5,20,3,0,3.9,0
extract,18.9,3783,4.14,1,0,-2.4,11,0,0,0.5,0
dbt_model,45.5,99205,1.91,0,0,2.0,1,4,0,1.7,0
dbt_model,34.5,16130,0.17,0,0,-6.0,8,6,2,2.9,0
extract,41.4,36804,0.01,0,0,29.8,0,0,1,3.5,0
dbt_model,24.8,4578,0.31,0,0,-29.0,4,1,0,3.3,0
load,23.4,44170,0.16,0,0,22.3,3,4,0,7.6,0
dbt_model,25.4,160030,0.06,0,0,-26.6,22,4,0,3.6,0
load,32.4,9985,1.62,0,0,-28.2,9,2,1,1.6,0
dbt_model,46.8,13746,1.85,0,0,-19.6,4,2,0,0.3,0
dbt_model,37.2,75161,0.09,0,0,-2.3,15,5,1,1.1,0
dbt_model,30.2,78228,0.17,0,0,-12.9,23,3,0,6.1,0
dbt_model,23.8,739,2.38,0,0,-13.9,11,0,0,1.9,0
extract,37.6,913145,0.79,0,0,-16.7,4,0,0,2.7,0
dbt_model,51.9,84599,2.64,1,0,-16.4,11,2,2,0.5,1
dbt_model,45.3,110754,0.11,1,0,-16.8,14,4,1,0.1,1
quality_check,34.2,28863,2.96,0,0,4.2,20,0,0,0.0,0
dbt_model,28.1,1865,0.52,0,0,-11.4,3,6,0,0.9,0
dbt_model,36.8,106889,0.71,0,0,-48.0,13,6,1,4.6,0
dbt_model,35.1,14701,0.54,0,0,-0.7,1,0,0,7.4,0
extract,30.0,86707,0.01,0,0,13.5,12,2,0,0.1,0
quality_check,24.0,25589,0.17,0,0,-5.0,0,2,0,2.9,0
extract,42.2,53149,0.5,0,0,-22.7,10,0,0,4.4,0
quality_check,30.3,10509,0.37,0,0,13.4,11,3,0,0.6,0
load,43.2,144787,1.58,0,0,-24.7,23,5,0,0.4,0
quality_check,43.8,5424,0.25,0,0,-5.8,4,3,1,18.4,0
dbt_model,43.2,1319694,2.46,0,0,-0.4,5,6,1,1.7,0
dbt_model,41.7,1303701,0.08,0,0,19.4,13,4,0,4.1,0
load,65.6,495003,0.51,0,0,10.4,3,5,0,6.1,0
dbt_model,37.6,279502,1.93,0,0,4.3,1,5,1,9.9,0
dbt_model,22.2,31720,0.17,0,0,16.8,11,5,1,0.4,0
quality_check,33.0,234796,2.94,0,0,-20.8,5,3,2,2.5,0
load,45.9,31135,0.9,0,0,28.4,16,5,0,4.9,0
load,16.3,3024,2.37,0,0,-55.2,2,2,2,0.9,0
extract,29.6,402367,0.66,0,0,25.7,0,6,1,3.2,0
load,45.3,221044,0.95,0,0,-15.1,5,4,2,0.5,0
extract,29.7,34539,1.02,0,0,6.8,20,2,0,5.2,0
dbt_model,27.8,5113,0.9,1,0,26.1,13,0,0,1.9,1
load,40.3,14215,0.64,0,0,10.1,6,2,0,1.7,0
dbt_model,20.7,1970,1.65,0,0,6.7,14,3,0,0.5,0
load,21.6,164740,2.37,0,0,15.6,15,0,0,1.3,0
dbt_model,15.3,2792,0.95,0,0,-26.6,10,3,0,2.8,0
dbt_model,38.3,57464,2.31,0,0,-23.9,4,6,1,4.7,1
dbt_model,32.2,9415,0.88,0,0,4.9,8,2,0,1.2,0
dbt_model,22.0,3704,2.4,0,0,-3.6,20,6,0,1.3,0
quality_check,22.5,53176,0.47,0,0,-5.6,16,2,0,0.5,1
dbt_model,28.9,21288,0.51,0,0,22.3,8,1,0,6.5,0
quality_check,44.6,138843,0.81,0,0,20.7,21,5,0,2.2,0
dbt_model,21.2,4778,0.06,0,0,-16.6,4,4,2,1.1,0
dbt_model,24.2,10810,2.8,0,0,8.0,4,4,0,7.1,0
dbt_model,14.9,796,1.29,0,1,-28.2,0,1,0,2.5,0
dbt_model,22.9,1102,0.81,0,0,-28.6,2,4,0,0.6,0
load,40.3,645065,0.03,0,0,-16.1,7,6,1,1.0,0
load,57.1,1018414,1.23,1,0,-1.0,1,1,1,0.5,0
dbt_model,34.5,42123,0.01,0,0,-11.8,9,0,1,5.0,0
dbt_model,29.5,9719,0.14,0,0,8.1,1,5,1,3.3,0
quality_check,39.2,22527,0.99,0,0,-0.3,0,4,0,2.2,0
dbt_model,40.9,146931,0.16,0,0,20.1,13,1,1,3.7,1
extract,25.6,15946,0.35,0,0,9.8,13,3,0,1.5,0
dbt_model,53.6,53114,1.7,0,0,-18.7,19,0,1,4.0,0
extract,32.0,35581,11.39,0,0,16.2,10,2,0,3.1,0
extract,32.8,14616,1.19,0,1,-15.5,20,1,2,2.7,0
dbt_model,35.7,15647,1.97,0,0,7.4,11,6,1,0.6,0
extract,36.2,58064,0.39,0,0,-8.9,6,2,2,2.5,0
dbt_model,43.3,7608,0.46,0,0,23.8,3,3,2,6.8,0
dbt_model,28.2,74814,2.28,0,0,13.2,11,1,0,1.6,0
dbt_model,38.0,17076,1.31,0,0,-12.5,9,3,0,0.6,0
dbt_model,34.1,44524,3.17,0,0,-6.9,12,3,0,1.2,0
extract,44.9,332481,0.55,0,0,58.8,23,0,0,2.0,1
quality_check,29.8,27747,0.64,0,0,-22.7,1,5,0,2.6,0
load,31.6,158211,1.5,0,0,-13.0,8,2,0,1.1,0
load,33.8,2064,0.67,0,0,-12.1,3,3,2,0.7,0
quality_check,34.2,17110,0.13,0,0,-20.9,19,1,0,2.9,0
dbt_model,24.9,37960,2.91,0,0,-19.0,12,0,2,1.9,0
load,49.7,788059,1.85,0,0,-2.0,2,3,0,1.2,1
dbt_model,33.4,1578,0.07,0,0,8.6,19,0,0,1.8,0
extract,31.3,31134,1.18,0,0,-28.7,2,4,2,0.7,0
load,32.1,373510,0.96,0,0,-9.0,18,5,0,4.8,0
dbt_model,33.3,10341,2.65,0,0,-14.5,23,1,0,0.1,0
load,37.6,25834,0.57,0,0,-21.1,12,2,0,2.8,0
dbt_model,18.8,61745,0.16,0,0,17.9,15,6,0,2.1,0
load,36.1,48786,1.3,0,0,-13.8,0,3,0,5.7,0
dbt_model,42.5,444734,0.87,0,0,-24.7,15,2,0,5.0,0
dbt_model,12.3,74425,0.51,0,0,15.8,3,6,1,4.7,0
dbt_model,37.7,303894,8.8,0,0,22.5,10,4,2,0.2,0
load,37.5,20414,1.18,0,0,4.3,12,4,0,5.0,0
extract,35.4,11105,0.53,0,0,-16.9,18,6,0,1.3,0
dbt_model,38.8,25307,0.32,0,0,-5.0,18,4,2,1.7,1
dbt_model,26.1,5684,2.88,0,0,-11.8,22,5,1,0.1,1
dbt_model,24.2,78717,0.08,0,0,-0.9,18,4,0,2.1,0
dbt_model,15.0,19586,2.34,0,0,12.9,1,5,1,0.7,0
dbt_model,40.2,12396,0.16,0,0,-0.5,16,4,1,4.5,0
dbt_model,40.0,80648,0.1,0,0,-0.1,4,0,1,6.3,0
dbt_model,39.6,5825,0.66,0,0,-9.2,22,1,0,1.0,1
dbt_model,27.9,124592,1.19,0,0,12.0,20,3,0,1.7,0
quality_check,38.1,16893,3.49,0,0,6.6,7,4,0,2.2,0
dbt_model,21.9,232014,0.26,0,0,-33.1,1,5,1,5.3,0
dbt_model,23.3,19372,0.01,0,0,-32.1,21,5,0,0.6,0
dbt_model,35.1,99813,0.05,0,0,-6.0,8,4,0,2.3,0
dbt_model,38.7,48402,0.51,0,0,17.5,20,0,0,11.2,1
dbt_model,49.4,119401,0.5,0,0,21.0,1,3,0,1.7,0
dbt_model,30.4,43300,0.71,0,0,13.7,6,4,0,1.7,0
dbt_model,19.8,2536,0.16,0,0,-2.7,9,6,1,4.6,0
quality_check,26.8,182420,2.17,0,0,26.4,3,4,1,2.2,0
dbt_model,25.8,31561,0.66,0,0,-13.0,10,3,1,2.7,0
load,54.4,128441,0.1,0,0,-6.1,22,1,1,3.0,0
quality_check,41.0,109578,2.24,0,0,-25.6,4,5,0,0.3,0
extract,40.1,10537,0.51,0,0,-6.2,10,2,1,1.5,0
dbt_model,27.5,8402,1.07,0,0,-15.5,1,6,1,1.4,0
dbt_model,34.0,103628,3.01,0,0,27.7,15,1,1,2.6,1
dbt_model,37.7,22354,0.85,0,0,24.1,10,5,1,0.8,0
dbt_model,30.3,162476,0.01,0,0,1.1,12,2,0,0.7,0
load,29.1,27306,0.01,0,0,8.4,12,1,2,2.7,0
dbt_model,29.0,186736,7.32,0,0,-10.9,15,6,0,3.2,1
dbt_model,29.4,71488,0.65,1,0,-45.7,17,5,1,2.0,0
extract,33.5,57570,0.5,0,0,-13.7,23,6,0,1.5,0
load,23.8,19961,0.05,0,0,13.5,17,5,0,1.0,0
load,35.5,52674,0.73,0,0,7.9,20,4,0,2.7,0
quality_check,38.1,244889,1.32,0,0,-7.1,1,4,0,2.6,0
dbt_model,30.5,33298,4.62,0,0,13.3,2,0,2,3.5,0
extract,26.3,84955,0.02,0,0,-8.5,10,2,0,0.0,0
quality_check,33.3,39111,1.1,1,0,-20.5,3,2,2,1.3,1
dbt_model,28.0,44327,0.72,0,0,13.3,20,2,0,1.2,0
load,37.4,572322,0.27,0,0,-11.0,20,2,1,1.3,0
quality_check,45.5,248393,0.4,0,0,18.5,14,4,1,0.8,0
dbt_model,21.2,41235,1.74,0,0,-36.0,11,4,1,6.4,0
load,52.4,51181,1.22,0,0,-10.3,20,5,1,0.2,0
quality_check,29.6,11813,0.28,0,0,10.7,13,3,1,0.2,0
dbt_model,35.5,27535,0.74,0,0,8.9,22,6,0,0.9,0
extract,26.3,59577,0.2,0,0,-4.0,19,3,1,0.0,0
extract,44.9,141631,1.38,0,0,5.2,8,2,1,0.5,0
dbt_model,33.2,120421,0.19,0,0,2.5,15,6,1,0.2,0
dbt_model,25.6,6156,1.17,0,0,-26.8,3,2,0,3.0,0
extract,29.8,173368,0.64,0,0,-6.5,1,5,0,0.1,0
extract,29.6,31506,0.91,0,0,4.1,2,5,1,4.9,0
quality_check,33.3,7486,1.88,1,0,9.1,23,6,0,2.4,0
quality_check,37.5,308111,1.39,0,0,-1.2,3,6,0,4.4,0
extract,35.9,377470,0.74,0,0,-9.9,4,0,1,3.2,0
dbt_model,26.6,55381,0.01,0,0,-24.0,16,2,1,2.8,0
extract,27.3,112878,1.3,0,0,13.6,4,3,0,4.9,0
quality_check,30.2,123985,2.0,0,0,11.6,2,1,0,0.8,0
load,40.3,338823,2.59,0,0,17.8,16,1,0,2.6,0
load,40.2,116414,0.94,0,0,-19.4,22,6,0,2.0,0
dbt_model,35.7,4340,0.06,0,0,2.2,3,0,1,0.2,0
dbt_model,37.8,905001,0.59,0,0,-12.5,15,1,0,1.2,0
load,38.7,199795,0.23,0,0,0.8,12,6,0,3.0,0
dbt_model,29.3,16070,0.19,0,0,52.3,22,2,2,0.3,1
dbt_model,13.7,6992,2.02,0,0,16.3,22,1,1,2.4,0
quality_check,31.7,81446,0.02,1,0,-13.6,13,6,0,1.5,0
dbt_model,28.1,23266,0.33,0,0,-4.5,21,4,0,4.7,0
load,23.8,61573,0.15,0,0,-6.5,4,5,0,5.9,0
dbt_model,29.2,119306,1.69,0,0,2.2,14,2,2,0.0,0
load,31.9,14671,3.61,0,0,-27.4,4,1,1,1.2,0
extract,18.9,6088,0.41,0,0,5.8,0,3,1,6.1,0
extract,26.9,67326,0.55,0,0,-38.1,18,6,1,1.2,1
extract,44.7,15468,0.23,0,0,-30.1,13,4,1,2.3,0
dbt_model,18.2,45878,1.71,0,0,36.0,0,5,1,1.0,0
quality_check,26.9,4233,1.98,0,0,-6.5,19,6,2,0.5,0
dbt_model,21.0,24258,1.1,0,0,25.7,21,6,2,6.0,0
extract,27.5,113996,0.31,1,0,-14.6,9,6,0,4.6,0
load,32.1,95749,0.24,0,0,-37.8,0,2,0,2.0,0
quality_check,21.2,10286,1.16,0,0,-18.9,7,6,0,1.7,0
dbt_model,34.2,5601,2.51,0,0,48.4,14,4,1,0.1,0
dbt_model,44.4,37243,8.82,0,0,-25.4,1,6,0,2.7,0
dbt_model,41.4,89112,2.02,0,0,32.0,9,2,0,1.6,0
extract,42.6,69444,1.41,1,0,6.2,5,0,1,1.3,1
dbt_model,18.4,16003,0.48,0,0,2.2,14,3,2,5.3,0
load,30.9,58484,0.78,0,0,-13.5,4,2,1,0.9,0
dbt_model,40.6,401823,1.76,0,1,-16.2,18,4,1,0.6,1
quality_check,40.7,50424,6.25,0,0,10.2,7,4,2,0.4,0
quality_check,43.5,2662,1.02,0,0,23.7,2,2,2,5.1,0
dbt_model,42.4,50267,0.68,0,0,3.5,6,4,0,0.3,0
dbt_model,46.0,955825,0.86,0,0,13.3,22,2,0,1.1,0
quality_check,52.4,4629,0.65,0,0,-7.7,19,5,0,8.6,0
extract,33.2,38084,0.66,0,0,39.1,14,3,1,9.4,0
dbt_model,29.0,25282,0.36,0,0,4.3,4,1,2,2.6,0
load,34.1,42336,0.63,1,0,36.6,9,0,2,1.9,0
quality_check,24.5,49553,1.03,0,0,-17.4,11,0,1,7.1,0
quality_check,36.0,225022,0.98,0,0,-0.8,23,6,0,0.9,0
extract,16.9,41591,0.61,0,0,19.3,7,5,1,1.2,0
dbt_model,31.0,280299,1.18,0,0,2.6,19,5,0,0.6,0
dbt_model,30.9,30084,0.4,0,1,9.3,6,4,0,2.4,0
dbt_model,39.8,20739,0.18,0,0,-17.6,3,3,1,11.5,0
dbt_model,40.4,12447,0.35,0,0,-7.3,18,5,0,1.9,0
load,18.5,1983,0.77,0,0,-15.8,2,5,2,6.2,0
extract,51.7,56457,1.0,0,0,-1.5,18,1,0,3.0,0
quality_check,39.3,971309,0.47,0,0,-3.4,22,6,1,0.7,0
dbt_model,35.7,75597,2.01,0,0,-9.5,3,0,1,3.1,0
dbt_model,19.6,108966,0.87,0,0,11.4,14,3,0,4.1,0
dbt_model,25.5,18753,2.13,0,0,-19.2,3,0,2,1.6,0
dbt_model,41.0,24564,2.1,0,0,-38.7,11,5,0,0.4,1
dbt_model,36.5,175505,2.32,0,1,-10.3,11,2,0,6.5,0
dbt_model,38.8,903390,1.16,0,0,38.7,1,0,1,0.3,0
quality_check,38.4,392666,2.0,0,0,9.2,4,5,2,3.8,0
extract,21.5,131714,5.37,0,0,-15.2,13,6,1,2.2,1
extract,31.5,38416,1.55,0,0,8.0,20,2,1,1.0,0
quality_check,45.5,50794,0.09,0,0,-2.4,6,1,0,4.0,0
dbt_model,39.9,10876,0.26,1,0,7.0,20,2,0,3.2,0
extract,27.1,3579,2.51,0,0,15.9,4,5,0,3.3,0
load,43.2,5985,0.3,0,0,3.5,0,5,1,1.6,0
extract,21.0,39327,0.19,0,0,2.2,9,3,0,0.8,0
load,22.7,22761,0.92,0,0,26.8,0,3,0,3.8,1
quality_check,44.9,3459,1.84,0,0,9.7,0,4,0,0.4,0
load,37.3,34210,0.58,0,0,3.5,7,2,0,0.9,0
load,28.8,21818,0.78,0,1,0.8,14,4,1,0.1,0
dbt_model,28.5,5560,0.42,0,0,-10.2,23,0,0,2.6,0
quality_check,24.0,20084,1.44,0,0,-22.4,14,2,0,1.0,0
dbt_model,33.8,21730,0.69,0,1,12.1,16,5,0,0.9,1
dbt_model,32.3,13539,0.5,0,1,23.0,16,6,0,0.5,1
dbt_model,35.0,159958,0.09,0,0,7.7,12,6,0,1.2,0
dbt_model,16.5,1729,1.5,0,0,10.2,0,2,0,0.9,1
load,29.1,1514,0.12,0,0,-16.0,8,1,0,3.7,0
dbt_model,27.5,36506,0.07,0,0,-10.7,4,1,1,0.8,0
extract,23.6,42353,3.41,0,0,-23.1,13,1,1,4.3,0
dbt_model,44.8,69337,0.55,0,0,-4.5,18,6,1,6.1,0
quality_check,50.3,15331,0.25,0,0,17.7,10,0,0,2.3,0
dbt_model,47.2,8360,2.29,0,0,-12.6,13,2,1,2.9,0
dbt_model,38.1,35892,0.15,0,0,-1.3,15,4,2,8.5,0
dbt_model,28.6,17916,1.2,0,0,12.6,0,0,1,1.6,0
dbt_model,35.9,434397,0.97,0,0,21.7,17,2,1,0.7,0
dbt_model,35.0,21617,2.76,0,0,-29.6,17,1,0,4.9,0
dbt_model,28.3,33353,0.34,0,0,-8.6,23,2,0,1.0,0
load,51.0,1906289,0.27,0,0,-13.3,9,2,2,6.4,1
dbt_model,13.4,26592,0.12,0,0,-15.8,23,4,1,1.2,0
load,31.1,88419,0.12,0,0,-6.9,6,6,0,4.1,0
quality_check,41.2,102139,0.48,0,0,-35.1,9,6,2,2.0,0
extract,26.7,117036,1.83,0,0,-6.6,18,4,0,1.0,0
dbt_model,30.9,57709,2.66,1,0,0.6,11,5,0,0.2,0
dbt_model,38.1,49520,0.06,0,0,-18.8,8,0,0,4.3,0
extract,46.2,42639,1.4,0,0,-8.7,13,4,0,4.5,0
dbt_model,19.0,14449,0.59,1,0,0.4,10,3,2,1.3,1
quality_check,20.8,61134,0.06,0,0,2.2,2,6,1,0.9,0
dbt_model,29.4,932694,0.81,0,0,-29.4,20,4,0,0.1,0
extract,21.8,251976,0.03,0,0,12.6,18,5,0,0.6,0
dbt_model,19.9,59057,1.49,0,0,13.0,3,5,0,1.5,0
dbt_model,25.9,142818,0.08,1,0,-13.4,5,0,0,1.2,0
dbt_model,40.9,9039,0.65,1,0,30.2,13,3,0,1.0,1
extract,28.7,23936,0.85,0,0,8.2,10,6,0,4.5,0
quality_check,35.2,165472,0.84,0,0,5.6,2,2,2,0.1,0
quality_check,27.8,392176,0.4,0,0,12.3,8,5,0,0.2,0
dbt_model,35.8,10578,1.9,0,1,-18.6,23,6,0,1.2,0
dbt_model,47.8,16751,3.91,0,0,-6.4,6,6,0,1.2,0
load,30.3,1190877,0.03,0,1,11.1,7,1,0,1.3,0
load,48.0,42362,0.07,1,0,-14.4,19,2,1,1.8,0
extract,40.6,671573,0.06,0,0,-6.3,21,6,0,0.7,0
load,33.0,50562,0.03,0,0,10.8,4,2,2,2.1,0
extract,36.5,53846,1.1,0,0,5.6,8,1,0,3.3,0
extract,34.9,22274,1.0,1,0,0.4,20,4,1,7.5,1
dbt_model,51.6,164076,0.47,0,0,1.1,20,3,2,4.4,1
quality_check,40.7,318839,1.29,0,0,-3.1,9,0,0,3.3,0
extract,34.2,6932,2.93,0,0,15.3,18,0,0,0.6,0
dbt_model,27.5,20662,0.4,0,0,37.6,7,4,1,1.2,0
dbt_model,42.3,157019,0.16,0,0,5.3,5,6,0,1.6,0
dbt_model,23.3,29517,0.01,0,0,23.1,22,4,1,2.8,0
load,31.9,16491,2.62,1,0,-7.9,15,3,1,1.2,1
dbt_model,61.0,182639,1.43,0,0,-12.3,18,6,0,3.5,0
dbt_model,12.8,212251,0.86,0,0,-14.2,5,6,1,2.8,0
extract,33.1,17686,1.04,0,0,-16.5,0,2,0,5.8,1
dbt_model,35.3,51010,0.06,0,0,-5.3,0,5,2,4.9,0
extract,26.8,5252,1.31,0,0,15.9,16,6,0,9.9,0
dbt_model,27.9,8666,0.68,0,0,18.1,7,1,0,7.0,0
dbt_model,33.4,44296,0.39,0,0,-9.2,12,4,1,2.4,0
dbt_model,30.1,38187,0.51,0,0,-5.8,17,0,0,0.9,0
quality_check,31.6,7731,0.27,1,0,-0.0,18,3,1,1.7,0
dbt_model,25.9,11550,4.61,0,0,4.2,4,6,2,2.5,0
extract,47.5,6607,1.25,0,0,10.6,13,6,2,1.6,1
dbt_model,31.2,75214,0.85,1,0,-7.2,15,3,0,0.0,0
dbt_model,31.9,1558,0.07,0,0,-3.6,13,4,0,0.2,0
quality_check,23.4,7197,0.07,0,0,24.4,18,5,0,0.4,0
dbt_model,35.5,1843,2.67,0,0,-5.0,8,0,0,2.1,0
extract,40.0,70999,1.9,0,0,-10.3,7,4,2,0.5,0
quality_check,31.0,2029,0.19,0,0,-1.5,7,2,0,0.6,0
dbt_model,23.1,38206,0.38,0,0,1.4,2,5,0,5.1,0
extract,30.0,500437,1.29,0,0,-27.7,1,0,0,1.1,0
quality_check,52.1,528339,1.21,0,0,-8.0,14,3,1,12.2,0
dbt_model,20.3,2019,0.53,0,0,7.6,23,5,1,0.6,0
load,38.8,58539,0.91,0,0,36.1,3,5,2,0.2,0
quality_check,21.0,7462,1.32,0,0,-9.5,6,5,1,1.6,0
dbt_model,38.0,5382,2.16,0,0,13.8,0,6,1,3.2,0
dbt_model,25.7,30286,0.19,0,0,3.2,5,2,0,1.1,0
dbt_model,27.0,259176,0.49,0,0,20.9,3,4,2,10.2,0
dbt_model,27.5,94793,1.3,0,0,-11.1,23,5,1,3.4,0
extract,25.3,11565,0.14,1,0,19.9,6,6,1,11.4,0
dbt_model,37.8,112201,8.39,1,0,25.2,22,1,2,6.8,1
dbt_model,26.6,1002,3.66,1,0,26.0,16,1,1,0.1,0
quality_check,20.3,10886,1.07,0,0,25.7,7,3,0,5.1,0
extract,29.7,9718,0.4,0,0,3.4,7,5,1,0.4,0
dbt_model,22.2,41163,1.23,0,0,10.5,2,6,2,7.9,0
quality_check,37.5,26251,5.17,0,0,-7.6,22,3,0,2.9,0
load,39.3,28959,0.1,0,0,-40.0,19,5,0,0.4,0
dbt_model,31.5,27458,0.95,0,0,4.6,17,0,0,5.2,0
extract,34.7,37641,0.96,0,0,-2.9,0,5,1,5.1,1
quality_check,49.5,86181,0.27,0,0,17.3,23,4,1,3.3,1
extract,31.2,46116,1.3,0,0,15.5,5,2,0,1.3,0
extract,23.0,23041,0.24,0,0,-19.1,15,4,0,5.2,0
load,38.6,69064,1.13,0,0,42.1,13,6,0,1.2,0
load,24.3,136188,0.12,0,0,7.0,0,6,0,0.4,0
quality_check,28.8,14918,3.12,0,0,-23.1,9,4,0,1.1,0
load,26.7,33022,3.07,0,0,-20.6,3,4,0,2.2,0
extract,29.2,233059,4.34,0,0,-39.2,4,4,2,10.0,0
extract,26.9,6220,0.2,0,0,13.7,6,0,0,1.9,0
dbt_model,45.4,651819,3.16,0,0,-9.5,0,2,0,6.1,1
extract,38.5,4261,1.75,0,0,-15.1,16,6,1,3.0,0
load,39.6,20898,0.15,0,0,-11.6,17,0,0,1.8,0
extract,32.6,7940,0.38,0,0,-5.4,15,2,2,0.0,0
dbt_model,36.0,1203426,1.38,0,0,10.4,10,6,0,4.4,0
load,9.6,16230,0.02,0,0,-29.6,4,4,0,0.9,0
quality_check,34.2,16295,0.06,0,1,-19.3,14,2,1,3.9,1
dbt_model,10.7,20066,0.05,0,0,8.4,16,4,0,1.7,0
dbt_model,15.2,42317,3.39,0,0,-10.7,5,5,0,2.5,0
dbt_model,29.9,21471,0.07,0,0,10.5,6,2,1,3.6,0
quality_check,34.3,29359,0.3,0,0,-9.0,20,6,1,6.4,0
dbt_model,18.4,128,0.09,0,0,28.3,16,2,0,3.2,0
dbt_model,46.2,39793,2.65,0,1,3.8,11,6,1,2.0,0
quality_check,36.4,37365,1.32,1,0,22.1,7,4,0,1.3,0
load,32.9,191321,0.61,0,0,9.3,5,0,0,2.2,0
dbt_model,48.4,294931,2.04,0,0,10.4,5,6,0,0.5,0
extract,45.8,26894,1.06,0,0,-13.5,21,0,0,2.9,0
dbt_model,39.1,134049,1.72,0,0,21.0,11,6,0,0.3,0
load,22.2,6232,0.79,0,0,3.9,13,0,0,5.5,0
load,29.4,123964,1.25,0,1,-17.2,23,6,1,1.0,1
dbt_model,17.6,14530,1.48,0,0,-38.0,16,3,0,4.4,0
extract,28.6,5456,0.34,0,0,2.5,15,0,0,0.9,1
dbt_model,22.3,26985,0.97,0,0,27.1,5,1,0,1.1,0
quality_check,33.2,341381,0.52,0,0,-16.3,8,1,1,2.0,0
load,35.1,48514,0.32,0,0,-16.9,1,3,0,5.0,0
extract,18.5,398069,0.5,0,1,-5.7,12,1,1,0.3,0
dbt_model,18.8,10960,0.73,0,0,19.8,6,5,1,0.1,1
dbt_model,30.6,194184,4.07,0,0,-33.1,10,6,0,8.3,0
extract,30.0,12791,2.41,0,0,-11.7,10,2,1,3.7,0
load,28.4,52079,1.04,0,0,-18.1,0,0,0,1.0,0
extract,30.4,51363,4.1,0,0,10.1,12,0,0,5.8,0
dbt_model,27.7,104651,0.19,0,0,-2.6,16,4,0,4.6,0
load,19.9,54240,0.03,0,0,-6.2,19,5,0,1.6,0
quality_check,25.4,11128,0.27,0,0,-3.2,4,6,1,1.5,0
quality_check,32.8,148522,1.4,0,0,14.1,9,0,0,0.6,0
dbt_model,34.3,579922,2.23,0,0,20.2,12,4,0,0.0,0
quality_check,31.6,14269,1.31,0,0,18.4,19,1,0,0.6,0
dbt_model,30.9,1926,0.0,0,0,10.4,1,0,2,0.3,0
extract,39.8,80733,3.59,0,0,24.9,11,2,0,0.1,0
dbt_model,25.6,21377,0.42,0,0,-16.8,18,0,1,4.8,0
dbt_model,17.7,29443,2.49,0,0,7.0,0,1,0,3.2,0
dbt_model,45.2,88422,0.4,0,0,42.3,0,4,0,2.3,0
dbt_model,34.4,17496,3.38,0,0,-33.1,2,1,0,3.1,0
dbt_model,22.9,23619,0.2,0,0,-9.6,7,2,2,1.3,0
dbt_model,34.5,30940,0.55,0,0,-18.6,2,6,0,1.4,0
dbt_model,45.9,381400,0.24,0,0,5.2,9,3,0,0.6,0
quality_check,47.9,38105,0.12,0,0,25.9,7,0,0,0.1,0
dbt_model,31.1,5028,0.25,0,0,9.7,18,0,0,1.0,0
quality_check,38.5,5359,0.65,0,0,-3.9,9,2,0,0.9,0
dbt_model,21.7,45377,2.8,1,0,9.8,23,6,0,0.0,1
load,28.8,5960,3.18,0,0,-5.2,3,0,1,2.8,0
dbt_model,24.9,2981,3.45,0,1,3.5,4,6,1,0.3,0
extract,37.1,100393,0.05,0,0,11.1,19,3,0,0.1,0
extract,48.6,108575,0.19,0,0,31.6,3,4,0,1.7,0
quality_check,33.5,20150,3.22,0,0,8.1,9,3,1,3.2,0
load,24.6,58096,2.39,0,0,3.9,14,3,2,1.0,1
dbt_model,21.4,49069,1.72,0,0,36.6,21,2,0,6.3,1
dbt_model,48.7,95212,3.94,0,0,-35.2,5,2,2,0.1,0
dbt_model,38.5,95568,2.51,0,0,-1.7,6,5,0,3.9,0
extract,29.0,561,1.75,0,0,-13.3,0,1,0,1.9,0
dbt_model,28.5,24715,1.78,0,0,-4.3,9,5,0,3.7,0
quality_check,36.1,83170,0.2,0,0,10.9,5,6,0,1.3,0
load,22.2,18831,0.02,1,0,17.7,6,3,0,6.2,0
load,35.8,38481,2.47,0,0,-9.4,5,3,0,0.5,0
extract,23.8,120706,0.18,0,0,12.0,23,5,2,0.2,0
dbt_model,29.2,41335,0.89,0,0,-16.2,13,0,0,0.6,0
dbt_model,30.6,405416,0.25,0,0,-23.0,12,5,0,2.0,0
extract,6.1,220395,1.08,1,0,1.3,10,5,0,0.3,0
dbt_model,28.8,30040,0.2,0,0,-3.9,14,2,1,1.2,0
extract,23.6,26453,4.23,0,0,26.8,8,6,0,0.8,0
extract,22.4,379,1.23,0,0,38.3,3,3,0,0.4,0
extract,31.3,21538,1.04,0,0,-11.0,6,1,0,0.4,0
dbt_model,44.4,4166,0.09,0,0,-32.6,7,1,0,0.2,0
quality_check,35.6,51739,2.11,0,0,-24.6,6,4,2,1.0,0
dbt_model,35.7,46378,0.4,0,0,-15.0,3,6,0,1.5,0
load,38.6,110566,0.51,0,0,3.7,20,6,2,0.2,0
dbt_model,44.0,339311,3.58,0,0,-4.7,10,6,0,5.4,0
extract,36.3,34820,0.12,0,0,-22.7,11,0,0,1.7,0
dbt_model,41.1,1395364,3.1,0,0,32.2,21,5,0,1.1,0
quality_check,39.3,52676,2.08,0,0,11.9,20,5,1,0.6,0
extract,6.8,4463,2.16,0,0,31.7,5,1,0,10.2,0
extract,49.5,14774,2.84,0,0,-32.4,23,3,0,1.1,0
load,45.5,20002,1.06,0,0,22.9,10,0,0,1.4,0
dbt_model,35.8,93657,1.63,0,0,-2.7,11,4,0,16.0,0
dbt_model,16.9,7977,3.74,0,0,-7.1,22,4,0,2.5,0
quality_check,42.3,22544,0.04,0,0,0.4,22,1,1,3.5,0
load,25.5,28066,3.6,0,1,-12.6,22,1,0,0.8,1
dbt_model,35.8,17729,0.78,0,1,-2.6,4,1,1,2.6,0
dbt_model,22.9,133021,0.23,0,0,17.0,1,4,0,2.7,0
extract,54.1,101327,0.69,0,0,-35.3,7,3,1,3.2,1
dbt_model,22.5,234804,0.24,0,0,27.0,6,3,0,2.1,0
dbt_model,31.9,21383,0.04,0,0,7.1,15,1,0,3.2,0
dbt_model,16.5,248710,0.41,0,0,-2.0,3,5,1,0.7,0
load,28.1,4095,0.38,0,0,16.8,5,4,0,2.2,0
load,24.6,3938,0.13,0,0,6.5,19,2,1,5.7,0
dbt_model,39.1,5207,0.46,0,0,-8.6,14,0,2,2.2,0
dbt_model,28.4,36854,3.19,0,0,-13.9,19,5,0,3.5,0
dbt_model,45.8,248650,1.35,0,0,27.0,21,5,2,2.3,1
dbt_model,21.3,13857,2.99,0,0,-26.6,22,2,1,7.5,0
extract,28.4,16937,0.65,0,0,-3.5,23,1,0,7.8,0
dbt_model,29.3,25703,0.34,0,0,-25.4,16,6,0,10.0,0
dbt_model,38.3,90810,4.73,0,0,8.8,12,5,0,11.2,1
dbt_model,34.2,16912,0.82,0,0,-1.7,15,1,0,0.1,0
dbt_model,37.3,15468,0.78,0,0,-22.5,17,1,0,1.3,0
dbt_model,30.9,4219,0.51,0,0,-15.6,20,3,0,0.9,0
quality_check,36.6,14548,2.06,0,0,0.8,14,5,0,8.2,1
quality_check,27.4,238933,0.05,0,0,5.1,13,0,0,1.7,0
quality_check,36.0,42002,0.2,1,0,-34.9,10,0,1,3.8,1
dbt_model,44.7,11117,0.25,0,0,-12.7,19,4,0,6.0,0
load,20.6,262453,0.42,1,0,2.9,8,1,0,0.5,0
dbt_model,35.0,14237,2.55,0,0,21.8,8,3,0,1.4,0
quality_check,42.3,352191,0.98,0,0,15.1,14,2,2,1.8,1
dbt_model,49.3,343097,2.12,0,0,-8.2,15,5,1,0.2,0
dbt_model,38.9,39720,2.63,0,0,18.0,8,5,2,4.6,1
dbt_model,29.0,3302,0.34,0,0,-5.7,0,0,2,0.2,0
dbt_model,42.5,1415793,0.62,0,0,-56.2,17,0,2,0.0,0
quality_check,26.7,67483,1.37,0,0,25.9,2,2,0,9.0,0
dbt_model,27.8,21628,1.4,0,0,8.2,3,5,2,1.2,0
load,22.9,167678,0.03,0,1,3.4,2,3,0,2.4,0
dbt_model,47.6,111712,0.52,0,0,0.1,17,1,0,2.1,0
dbt_model,39.9,295818,0.33,0,0,5.4,18,0,0,4.6,0
load,22.2,12584,0.14,0,0,0.1,12,6,0,9.0,0
dbt_model,35.6,60449,1.08,0,0,-5.2,2,6,1,4.9,0
quality_check,39.4,5445,0.3,0,0,-11.8,1,2,1,0.8,0
load,43.0,105465,1.13,0,0,1.4,13,3,0,1.3,0
load,23.8,35006,0.95,0,0,-15.9,20,1,0,0.0,0
dbt_model,4.8,56932,0.49,0,0,-20.6,16,2,0,0.7,0
dbt_model,35.4,28734,0.4,0,0,4.9,13,4,2,0.6,0
dbt_model,23.6,24304,0.12,0,0,17.6,12,4,1,2.5,0
dbt_model,35.4,9052,0.05,0,0,-14.3,17,1,0,0.1,0
load,43.0,128629,0.63,0,0,-11.2,5,2,1,7.3,0
dbt_model,46.4,393771,0.53,0,0,-30.5,2,3,0,8.4,1
dbt_model,46.4,14903,0.62,0,0,-23.7,8,3,0,1.8,0
extract,44.9,88050,0.88,0,0,-23.0,3,5,1,1.5,0
dbt_model,49.2,72511,0.88,0,0,17.5,6,3,0,5.6,0
dbt_model,44.7,36789,2.12,0,0,-31.3,21,5,0,2.4,0
load,41.2,3157,2.27,0,0,8.3,11,1,2,4.0,0
dbt_model,28.3,4525,1.26,0,0,-4.8,11,1,0,0.3,0
extract,18.5,10409,0.17,0,0,10.9,17,6,0,2.0,0
extract,48.6,1185,0.67,0,0,21.0,7,1,0,12.4,0
load,36.7,345534,0.42,0,0,-0.5,16,5,0,6.1,0
load,44.3,65403,0.29,0,0,20.4,12,1,1,1.1,0
quality_check,27.2,34615,2.37,0,0,27.9,13,0,1,0.8,0
extract,34.8,1091,0.43,0,0,24.2,8,2,0,2.8,0
extract,5.2,1962,0.11,0,0,-12.1,22,0,0,5.5,0
dbt_model,28.5,36179,0.09,0,0,-35.4,23,5,0,1.0,0
quality_check,36.8,849823,0.8,0,0,-2.2,2,6,1,3.6,0
quality_check,34.5,11874,5.47,0,1,3.2,4,3,1,0.4,1
load,44.3,144650,0.09,0,0,-35.2,17,6,2,3.8,0
extract,21.1,16850,2.02,0,0,1.1,12,6,1,2.0,0
extract,38.3,39671,1.89,0,0,-46.3,18,6,0,2.2,0
load,46.7,253595,0.38,0,0,27.8,7,4,0,3.5,0
load,52.4,20878,0.43,0,0,8.6,15,2,0,6.4,1
quality_check,36.7,12038,2.59,0,0,-14.7,3,4,1,4.2,0
extract,32.0,351130,1.12,0,0,2.3,23,1,2,5.5,0
extract,20.9,39061,6.06,0,0,4.5,16,3,0,4.2,0
extract,51.7,208132,1.76,0,0,8.7,15,5,1,13.6,0
quality_check,37.0,12131,3.68,0,0,1.2,3,2,0,6.1,0
load,36.0,344785,1.26,0,0,17.0,21,3,1,0.7,0
dbt_model,18.4,56263,1.06,0,0,-22.8,6,2,1,4.4,0
dbt_model,25.1,72813,1.58,0,0,-2.3,2,0,1,0.1,0
quality_check,38.3,44828,0.69,0,0,32.2,11,1,0,3.4,0
extract,34.0,16175,1.4,0,0,-6.3,23,1,1,3.4,0
quality_check,14.7,36217,0.19,0,0,4.3,10,1,2,4.5,0
load,36.7,17887,1.57,1,1,-17.9,0,0,0,2.1,1
quality_check,20.8,168598,0.56,0,1,38.8,21,6,2,1.8,1
load,43.9,26241,0.41,1,0,5.1,15,5,0,2.5,1
dbt_model,30.0,3312,0.34,0,0,-22.7,15,5,0,2.9,1
dbt_model,23.4,2472,0.96,0,0,19.6,13,3,0,0.9,0
dbt_model,36.4,2292,3.69,0,0,-19.3,1,0,0,0.7,0
load,37.1,97611,0.4,0,0,12.3,16,1,0,6.8,0
quality_check,41.0,5753,0.81,0,1,18.5,3,1,1,1.1,0
dbt_model,33.8,58696,1.41,0,0,36.5,4,5,1,6.7,0
load,33.9,45184,0.52,0,0,4.0,14,5,1,2.0,0
extract,29.5,32743,0.02,0,0,0.9,12,4,1,17.4,0
dbt_model,35.8,73236,0.42,1,0,-36.5,5,4,0,1.7,1
dbt_model,48.0,46783,0.94,0,0,-8.2,1,2,0,1.8,0
dbt_model,20.2,475,0.62,0,0,-12.9,4,0,0,2.3,0
dbt_model,37.2,21637,0.11,0,0,-3.3,1,1,0,2.2,0
dbt_model,25.5,71694,1.0,0,0,-9.4,23,5,0,5.5,0
quality_check,18.2,501045,2.86,0,0,14.2,1,4,0,0.5,0
quality_check,38.8,539464,1.91,0,0,-10.1,17,5,0,3.2,0
dbt_model,31.8,4100,0.18,0,0,8.6,9,6,0,2.4,0
load,30.3,20752,0.06,0,0,-2.1,7,1,0,1.1,0
dbt_model,14.4,2963,0.1,0,0,-11.2,0,4,0,3.7,0
extract,39.2,413253,3.72,0,0,-12.8,0,5,0,2.9,1
extract,37.5,183610,0.02,0,0,4.2,23,5,2,0.7,0
dbt_model,25.2,63636,0.08,0,0,24.7,19,6,0,2.1,0
quality_check,20.5,47370,0.56,0,0,-13.2,6,6,1,3.4,0
dbt_model,33.8,330714,0.4,0,0,0.9,13,4,0,1.7,0
dbt_model,41.5,252235,0.12,0,0,8.7,21,5,0,0.7,0
dbt_model,39.2,231624,1.62,0,0,-0.4,7,5,0,0.9,0
load,25.6,75409,1.22,0,0,-31.7,23,2,1,2.7,1
dbt_model,32.5,20769,1.06,0,0,8.6,12,0,0,4.7,0
extract,42.4,123921,0.2,0,0,-27.1,10,6,0,0.4,0
extract,24.0,134009,0.34,0,0,-26.9,21,3,1,2.7,0
dbt_model,32.3,26768,0.27,0,0,-23.5,10,3,1,6.7,1
dbt_model,43.3,20702,0.08,0,0,-2.9,1,5,1,4.9,0
load,23.9,222637,0.6,0,0,-17.3,3,0,0,2.5,0
dbt_model,47.3,520521,0.56,0,0,-25.8,17,3,0,2.1,1
quality_check,44.7,10948,0.01,0,0,6.8,15,5,1,4.2,0
dbt_model,29.5,23827,2.51,1,0,-0.5,20,2,1,8.9,0
dbt_model,30.1,63671,3.04,0,0,13.6,4,4,0,0.4,0
dbt_model,42.9,79107,0.08,0,0,-13.1,12,3,0,2.1,0
dbt_model,29.1,15743,3.71,0,0,-1.1,8,2,2,1.7,0
quality_check,16.3,739428,6.47,0,0,14.4,23,4,2,1.4,0
dbt_model,32.5,71349,1.55,0,0,-23.6,19,3,0,3.0,1
dbt_model,38.0,84983,0.22,0,0,-11.9,5,5,0,1.3,0
dbt_model,43.8,605745,3.03,0,0,17.9,17,0,2,3.6,0
quality_check,23.1,17703,0.0,0,0,0.4,17,5,0,5.2,0
quality_check,29.6,31524,0.98,0,0,-2.7,9,5,0,2.6,0
dbt_model,37.5,4888,2.66,0,0,-0.7,10,4,0,0.4,1
load,31.2,27563,1.62,0,0,22.0,5,1,1,4.4,0
dbt_model,14.3,3353,0.07,0,0,-0.4,9,6,0,2.3,0
extract,45.5,120157,3.73,0,0,0.8,2,4,0,0.9,0
dbt_model,31.5,71110,2.19,0,0,-0.3,15,3,1,5.9,0
quality_check,41.3,23311,0.49,0,0,-29.1,12,1,0,3.9,0
extract,19.4,30925,0.51,0,0,9.0,14,3,2,1.8,1
extract,33.3,122804,0.26,0,0,-14.8,23,3,1,3.6,0
dbt_model,33.7,5900,1.4,0,0,-22.7,8,2,1,1.7,0
load,32.0,50345,0.71,0,0,-31.4,3,2,0,2.7,0
dbt_model,23.5,111214,0.43,0,0,-27.7,9,0,0,1.0,0
load,5.8,2097,1.03,0,0,-40.8,8,5,1,6.7,0
load,47.9,108651,0.34,0,0,-18.5,11,1,1,2.9,0
dbt_model,29.8,2493,0.89,0,0,-7.8,20,3,0,14.9,0
quality_check,42.4,30087,0.49,0,0,19.1,23,2,0,9.4,0
dbt_model,37.4,5645,0.09,0,0,1.1,15,6,0,10.4,0
extract,41.6,358611,0.18,0,0,4.6,19,3,1,2.3,0
dbt_model,26.1,5702,0.04,0,0,23.0,6,2,2,0.5,0
dbt_model,32.1,2590,0.14,0,0,-51.3,8,6,0,5.5,0
dbt_model,45.5,44952,0.2,0,1,7.0,21,5,1,4.8,1
dbt_model,31.8,18733,2.27,0,0,5.7,8,5,0,6.3,0
extract,45.2,3270,0.04,0,0,14.8,8,0,0,2.4,0
quality_check,20.2,84229,0.3,0,0,-32.3,21,6,0,2.5,0
load,12.2,1500,1.35,0,0,-10.3,19,1,0,5.9,0
quality_check,38.3,6918,1.44,0,0,-16.8,18,1,2,0.2,0
dbt_model,23.3,14467,2.22,0,0,-23.2,17,2,2,0.8,0
dbt_model,52.9,131079,1.47,0,0,41.6,15,0,0,3.5,1
load,47.9,288586,0.72,0,1,-10.2,13,0,1,1.1,1
dbt_model,49.6,212023,0.0,1,0,16.7,17,0,1,0.2,1
dbt_model,39.8,28417,0.02,0,0,12.7,0,2,2,0.4,0
dbt_model,17.2,747,0.11,0,0,-25.9,1,3,0,3.6,0
quality_check,18.4,67871,4.27,0,0,-9.5,20,0,0,3.5,0
dbt_model,49.8,381901,0.56,0,0,1.1,2,0,0,0.8,1
load,22.2,261467,3.01,0,0,7.1,15,3,0,3.3,0
load,47.8,76169,1.87,0,0,6.0,7,1,1,6.6,0
extract,35.0,5414,2.91,0,0,31.6,17,3,0,0.6,0
quality_check,30.1,15670,0.72,0,0,16.4,11,1,1,6.3,0
dbt_model,41.6,801390,1.0,0,0,11.8,7,5,1,0.1,0
dbt_model,32.5,3763,0.72,0,0,17.4,17,4,0,0.1,0
dbt_model,27.2,5787,0.05,0,0,24.4,23,6,0,0.7,0
dbt_model,47.7,164075,0.64,0,0,-11.2,18,6,1,2.5,0
dbt_model,43.6,18217,2.42,0,0,-28.4,5,5,1,3.7,0
extract,30.4,5481,3.9,0,0,-10.9,21,0,1,2.7,0
quality_check,31.1,418634,1.03,0,0,-24.7,23,3,0,2.3,0
extract,45.3,75939,1.31,0,0,-17.7,6,0,0,4.0,0
dbt_model,13.0,19714,1.37,0,0,1.8,15,4,0,0.5,0
dbt_model,33.1,5806,0.43,0,0,-10.0,17,2,0,0.6,0
extract,44.6,961116,1.11,0,0,11.7,14,3,0,4.9,0
dbt_model,24.7,34922,0.13,0,0,5.5,23,4,0,1.1,0
load,44.9,339668,0.11,0,0,6.6,6,2,0,10.2,1
load,34.5,151723,3.67,0,0,-22.8,4,2,0,0.5,0
dbt_model,25.9,15780,2.11,0,0,-15.8,21,3,1,7.2,0
dbt_model,39.5,15983,0.38,0,0,-34.4,1,1,0,2.9,0
load,26.5,367362,0.11,0,0,10.2,0,1,0,2.2,0
dbt_model,44.1,377010,0.17,0,0,34.6,21,0,1,1.9,0
load,9.2,1802,1.16,0,0,3.2,20,0,0,4.5,0
extract,36.3,87522,0.98,0,0,4.8,3,3,1,1.1,0
dbt_model,32.3,29913,2.89,0,0,-9.6,19,4,1,2.3,0
dbt_model,24.5,6951,0.1,0,0,-3.9,17,0,0,4.6,0
extract,36.5,55204,0.22,0,0,22.9,21,3,0,0.1,0
quality_check,27.8,4190,2.46,0,0,1.6,9,4,0,3.6,0
load,40.4,17217,1.02,0,0,11.5,7,5,1,6.5,1
dbt_model,35.1,10121,0.03,0,0,23.4,8,5,0,0.1,0
load,34.9,16323,0.34,0,0,19.8,15,3,2,1.9,0
quality_check,34.7,32390,0.67,0,0,0.6,22,6,0,4.8,0
quality_check,25.2,7151,0.12,0,0,1.9,22,6,0,6.5,0
quality_check,33.9,450037,0.26,1,0,-7.0,8,2,2,0.9,0
dbt_model,35.8,79957,3.19,0,0,9.0,1,3,1,1.5,0
extract,35.7,641330,0.64,0,0,-7.4,9,5,0,4.2,0
load,41.8,28109,1.17,0,0,6.3,10,4,0,8.9,0
dbt_model,31.6,15092,1.16,0,0,18.7,0,3,0,0.7,0
load,40.5,605291,0.38,0,0,-30.4,23,3,2,1.7,0
load,18.0,14401,1.6,0,0,-33.4,4,1,1,2.7,0
dbt_model,40.2,27302,1.63,0,0,-0.8,13,3,0,4.6,0
dbt_model,29.0,114929,0.66,0,0,12.0,8,0,0,0.7,0
dbt_model,19.4,5012,1.81,0,0,5.2,17,5,0,1.1,0
extract,49.0,113331,0.15,0,0,-21.8,15,3,1,1.1,1
load,40.1,92351,0.27,0,0,16.2,21,2,0,4.5,0
load,44.6,276764,0.23,0,0,34.3,1,6,0,8.9,0
load,38.8,150854,1.12,0,0,-15.6,6,6,1,0.8,0
load,35.0,290676,0.33,0,0,-13.1,8,6,2,4.2,0
dbt_model,29.4,30434,0.2,0,0,0.5,21,5,0,6.8,0
dbt_model,36.9,9133,0.43,0,0,-2.3,8,3,0,1.3,0
load,48.3,1062331,1.22,0,1,21.7,12,5,1,1.0,1
dbt_model,27.4,3156,0.06,0,0,5.1,18,5,1,5.3,0
dbt_model,46.9,3705,0.11,0,0,-5.2,22,4,2,1.9,0
dbt_model,32.0,89698,0.87,0,0,-10.6,6,1,0,5.4,0
quality_check,24.2,488931,0.11,0,0,-27.5,15,1,0,10.1,0
quality_check,17.3,49181,0.94,0,0,24.7,21,5,0,0.9,0
quality_check,19.8,179671,2.09,0,0,11.3,6,0,0,1.1,0
dbt_model,23.0,1490,0.85,0,0,-1.6,22,0,0,9.9,0
dbt_model,28.8,16329,3.13,0,0,2.0,9,4,0,3.3,0
extract,33.2,1811,0.19,0,0,-1.9,5,2,0,9.9,0
dbt_model,34.2,126583,0.24,0,0,-31.8,19,6,0,1.5,0
quality_check,35.5,3054,0.37,0,0,-25.6,9,5,0,1.4,0
quality_check,29.1,4700,1.29,0,0,-3.7,9,1,0,0.6,0
load,33.8,82655,1.05,0,0,-4.0,17,2,0,0.5,0
dbt_model,30.0,198574,0.97,0,0,-0.2,5,1,0,8.5,0
quality_check,44.6,28159,0.48,0,0,30.6,6,0,0,2.0,0
quality_check,20.0,90424,0.32,0,0,-5.2,17,2,1,3.6,0
dbt_model,36.4,85858,0.03,0,0,-13.7,19,6,0,4.8,0
load,30.0,25727,0.54,0,0,1.0,4,6,0,3.0,0
extract,36.2,6301,0.78,0,0,-25.1,23,2,1,1.2,0
dbt_model,33.6,89664,0.31,0,0,2.8,1,3,0,0.4,0
load,34.0,96853,1.37,0,0,-13.0,15,0,1,3.3,0
dbt_model,32.3,151818,0.6,0,0,4.1,10,1,2,0.7,0
load,45.6,59832,0.17,0,0,-3.2,3,2,1,3.5,1
extract,29.0,5599,1.08,0,0,-2.5,18,3,0,0.6,1
dbt_model,51.9,109594,0.13,0,0,11.3,0,4,0,0.1,0
quality_check,34.7,36235,1.01,0,0,13.2,6,2,0,3.8,0
dbt_model,31.1,16774,0.89,0,1,36.6,9,2,0,3.0,1
load,30.1,22665,1.73,0,0,12.5,16,5,2,5.7,0
dbt_model,35.4,12035,1.42,0,0,-4.4,5,6,1,1.3,0
quality_check,29.4,150564,5.46,0,0,-11.4,1,4,0,11.0,0
dbt_model,29.6,3755,5.12,0,0,6.2,18,1,0,1.3,1
load,29.6,7408,0.22,0,0,26.3,1,3,0,11.8,0
extract,34.3,21460,1.92,1,0,15.4,11,4,1,0.6,1
dbt_model,39.9,480220,0.15,0,0,-12.8,16,1,1,1.4,0
extract,38.8,196191,0.61,0,0,8.1,15,0,0,0.2,0
quality_check,28.5,2629,0.69,0,0,4.0,2,5,2,4.2,1
dbt_model,50.1,315576,0.02,0,0,18.9,14,0,0,5.4,0
dbt_model,39.8,314604,1.69,0,0,5.4,0,0,0,4.2,0
load,52.4,5550,0.19,0,1,4.8,0,1,1,0.1,1
dbt_model,25.7,642,0.14,0,0,-21.3,5,0,0,5.3,0
extract,40.7,32352,1.41,0,0,14.3,16,1,0,2.0,0
extract,28.8,218792,1.35,0,0,-25.0,5,0,2,3.2,0
dbt_model,49.3,463248,0.83,0,0,1.6,19,4,2,0.3,1
load,23.5,9015,2.24,0,0,-9.9,3,6,2,0.4,0
dbt_model,41.2,599089,0.38,0,0,-11.0,11,5,0,3.4,1
load,23.7,1027,0.31,0,0,10.5,11,3,2,2.0,0
dbt_model,35.3,20153,0.39,0,0,-0.1,13,6,0,7.3,0
dbt_model,29.0,18628,2.17,0,0,-43.1,9,2,0,4.0,0
extract,28.3,229518,0.33,0,0,-3.6,3,4,1,2.3,0
dbt_model,33.4,289897,1.39,0,0,-7.0,17,2,0,2.2,0
dbt_model,48.8,167168,2.45,0,0,22.6,15,2,1,2.2,0
quality_check,32.7,4184,0.06,0,0,-22.4,15,0,1,1.1,0
dbt_model,23.0,144378,0.63,0,0,34.5,22,1,0,0.4,0
quality_check,43.5,81999,1.65,0,0,15.4,21,0,0,1.9,0
dbt_model,19.6,2504,0.37,0,0,-5.0,17,2,0,4.9,1
dbt_model,33.2,1329,0.21,0,0,-7.5,10,4,0,3.4,0
load,40.1,191144,1.96,0,0,-11.5,0,3,0,2.8,1
dbt_model,37.3,27223,2.54,0,0,5.7,5,6,2,5.3,0
extract,45.3,4645,0.2,0,0,-14.2,7,4,0,3.2,0
load,24.2,26027,0.53,0,1,-2.1,7,6,0,2.2,0
load,38.7,65021,3.93,0,0,-19.6,22,3,0,2.4,0
extract,43.3,31806,1.24,0,0,12.8,1,4,0,2.0,0
load,22.1,3031,1.41,0,1,3.1,16,5,1,5.0,1
load,30.8,741841,3.98,0,0,-8.4,11,1,0,2.0,0
quality_check,32.4,181089,1.18,0,0,-4.4,7,0,0,1.0,0
dbt_model,34.2,21234,0.43,0,0,-12.5,17,3,1,9.5,1
dbt_model,18.7,22648,0.01,0,0,5.6,14,0,0,0.1,1
dbt_model,38.2,64548,0.95,0,1,-22.6,20,6,0,0.0,1
dbt_model,16.4,5958,1.57,0,1,16.2,3,6,1,5.1,0
dbt_model,44.8,60857,0.38,0,1,3.1,6,1,0,5.9,1
dbt_model,33.2,4319,0.57,0,0,-8.1,22,2,0,3.6,0
dbt_model,49.3,32439,0.01,0,0,10.6,20,1,2,1.8,0
quality_check,35.0,5598,1.37,0,0,7.0,9,6,0,2.2,0
dbt_model,26.4,6069,4.97,0,0,-18.8,9,5,0,8.6,0
extract,29.6,505425,0.06,1,0,23.5,4,2,1,2.6,0
extract,34.6,39925,1.69,0,0,-44.9,1,5,0,10.3,0
load,32.5,50607,0.15,0,0,19.6,1,0,1,4.9,0
load,37.3,1453,1.49,0,0,-2.9,0,1,2,0.9,0
dbt_model,22.2,13971,0.65,0,0,17.8,0,3,0,2.9,0
dbt_model,51.7,75958,4.44,0,0,25.9,8,2,0,0.3,1
quality_check,44.3,49544,1.49,0,1,-7.7,15,1,1,1.3,1
extract,24.4,1156,4.24,0,0,-6.8,15,3,1,0.6,1
dbt_model,49.0,50585,1.5,0,0,5.7,16,6,0,0.5,1
dbt_model,26.2,65283,1.92,0,0,-20.4,15,3,1,3.1,0
extract,37.7,283231,0.05,0,0,-6.0,15,3,2,5.5,0
quality_check,18.9,12728,2.69,0,0,-7.5,9,0,1,4.3,0
dbt_model,42.6,1004,4.82,0,0,-21.4,7,3,0,0.3,0
dbt_model,14.6,7369,3.11,0,0,-8.4,10,5,0,1.1,0
dbt_model,16.2,6277,0.36,0,0,13.6,19,2,2,0.7,0
extract,28.6,118034,1.81,0,0,12.3,12,5,1,3.5,0
dbt_model,36.6,470,4.19,0,0,-3.2,20,0,1,5.0,0
dbt_model,39.6,17723,1.75,0,0,1.1,7,4,1,1.9,0
dbt_model,37.3,355497,1.21,0,0,-5.5,14,4,0,3.5,0
quality_check,41.4,36737,1.77,0,0,-31.7,15,2,1,1.3,0
dbt_model,33.7,152376,0.2,0,0,-18.3,14,1,1,0.7,0
extract,31.5,2625,0.84,0,0,17.3,2,4,0,3.0,0
dbt_model,42.7,2798,2.03,0,0,21.6,4,4,0,0.9,0
load,34.0,362068,1.06,0,0,-15.4,14,2,2,0.5,0
dbt_model,25.6,42699,0.85,0,0,20.1,20,2,0,2.1,0
extract,36.8,42840,1.14,0,0,-21.6,11,6,1,1.8,0
load,35.8,6069,0.73,0,0,-9.3,2,5,0,0.9,0
dbt_model,33.5,42669,2.83,0,0,-2.1,20,2,0,1.0,0
dbt_model,38.1,5805,0.02,1,0,-4.9,19,3,0,0.7,0
dbt_model,33.7,242557,0.84,1,0,-12.5,19,2,0,4.2,1
dbt_model,41.0,2854847,0.22,0,0,2.3,10,6,0,1.8,0
load,37.0,78771,0.55,0,0,14.0,15,3,0,4.0,0
dbt_model,33.1,13148,0.2,0,0,-26.2,2,0,0,1.1,0
dbt_model,39.7,630,1.72,0,0,2.3,0,0,0,1.3,0
dbt_model,30.9,2452,0.72,0,0,17.4,1,5,0,3.6,0
dbt_model,33.8,437039,2.86,0,0,-7.4,10,0,0,0.9,0
dbt_model,34.1,6997,3.22,0,0,-9.8,23,3,0,3.2,0
extract,40.3,20063,2.16,0,0,-15.3,1,3,1,4.9,0
dbt_model,41.0,103623,2.09,0,0,36.0,13,1,0,1.7,1
quality_check,42.8,389128,1.15,0,0,26.9,18,4,0,0.9,0
load,18.2,26387,0.85,0,0,-5.3,10,0,1,14.7,0
dbt_model,8.7,19006,1.88,0,0,21.2,1,6,1,1.4,1
dbt_model,43.9,40724,0.39,0,0,-9.5,22,5,1,0.7,0
dbt_model,34.4,13303,1.36,0,0,-2.8,21,1,0,2.9,0
quality_check,30.5,14499,0.06,0,0,-19.1,11,2,2,9.3,0
load,39.6,70193,1.2,0,0,-33.2,20,6,0,6.6,0
extract,50.1,48847,0.37,0,0,-10.4,20,0,2,0.7,0
dbt_model,50.9,1099722,1.55,0,0,-7.7,15,1,0,3.3,0
dbt_model,42.1,73288,1.49,0,0,7.7,20,4,1,1.7,0
dbt_model,27.5,229081,1.12,1,0,11.8,16,3,0,4.7,0
dbt_model,22.5,6541,0.82,0,0,-2.2,18,2,1,0.4,0
load,12.2,84141,0.3,0,0,-17.8,2,1,0,1.9,0
extract,35.9,11421,1.1,0,0,-11.8,2,2,0,0.1,0
quality_check,43.3,68372,0.02,0,0,28.6,3,3,1,3.4,0
dbt_model,44.9,109275,0.61,1,0,11.3,22,0,1,12.2,1
dbt_model,38.5,39331,0.73,0,0,25.6,9,4,0,1.4,0
quality_check,37.5,1709516,0.13,0,0,32.0,15,2,0,6.7,0
extract,31.1,356741,0.41,0,0,-11.8,13,1,0,0.1,0
quality_check,28.1,238850,2.17,0,0,14.8,9,6,2,6.2,0
dbt_model,32.9,123359,2.9,0,0,-16.2,17,5,0,0.2,0
dbt_model,28.3,610099,0.7,0,0,18.6,18,6,1,0.6,0
quality_check,44.0,3644,5.18,0,0,14.9,22,6,0,3.0,1
dbt_model,24.3,325283,0.44,0,0,-38.1,1,2,1,0.0,1
dbt_model,27.7,7435,1.35,0,0,7.2,8,2,1,1.3,0
dbt_model,13.2,14721,0.17,0,0,-15.4,4,2,1,5.1,0
dbt_model,36.5,89163,4.97,0,0,-6.1,13,1,1,0.2,0
extract,35.6,261228,0.97,0,0,-11.9,16,6,1,3.5,0
quality_check,25.8,5734,0.76,0,0,16.3,4,2,0,0.4,0
extract,22.4,15993,1.06,0,0,-12.3,15,5,1,1.2,0
dbt_model,32.5,42448,3.37,1,0,-23.0,1,6,0,0.9,0
dbt_model,26.8,26952,2.52,0,0,-14.5,12,1,0,0.0,0
extract,33.4,142407,0.51,1,0,-3.9,23,2,2,1.2,0
load,59.4,8863782,0.36,0,0,7.4,16,6,0,5.5,0
dbt_model,35.0,71033,0.07,0,0,21.5,18,2,0,4.0,0
extract,35.0,11200,2.53,0,0,9.2,22,6,2,1.5,0
dbt_model,24.5,4562,0.3,0,0,10.5,12,4,1,2.1,0
dbt_model,24.3,21581,0.41,0,0,13.3,3,2,1,2.7,0
dbt_model,29.4,8067,0.49,0,0,14.7,14,3,2,3.0,0
quality_check,56.1,76732,0.14,0,0,18.6,8,6,0,5.7,0
dbt_model,30.9,74849,0.56,0,0,45.1,22,0,0,0.2,0
quality_check,34.2,17308,1.74,0,0,14.4,7,4,0,10.0,0
dbt_model,30.3,869721,1.24,0,0,5.2,12,5,0,0.8,0
dbt_model,5.4,11195,0.76,0,0,-8.4,22,6,0,2.1,0
extract,24.8,29998,1.24,0,0,5.6,17,3,0,3.0,0
dbt_model,55.4,100978,2.05,0,0,20.8,4,2,2,1.4,0
dbt_model,40.1,151340,0.15,0,0,-21.9,20,6,0,2.9,0
quality_check,50.6,280442,0.66,0,1,22.7,8,2,2,0.5,0
quality_check,30.3,72084,0.62,1,0,-7.7,17,2,0,1.2,1
load,13.9,195137,1.33,0,0,-4.2,21,3,0,0.2,0
load,20.4,12529,0.06,0,0,9.4,23,3,1,0.1,0
extract,38.4,157775,1.99,0,0,-9.5,16,1,0,8.5,0
extract,36.9,154440,0.4,0,0,8.3,17,2,0,0.6,0
load,36.4,408651,0.38,0,0,-20.7,0,3,0,5.1,0
dbt_model,22.8,2516,0.53,0,0,15.8,22,0,0,1.2,0
extract,38.2,8505,0.7,0,0,3.5,23,3,0,3.0,0
dbt_model,30.0,135540,2.44,0,0,-0.1,5,5,1,0.8,0
load,27.6,522,0.17,0,0,4.9,1,1,0,7.7,0
dbt_model,35.4,79794,0.2,1,0,-0.4,22,1,0,0.8,1
extract,31.9,197933,2.91,0,0,7.9,12,6,1,1.9,0
quality_check,22.7,14440,2.98,0,0,-3.7,4,6,0,8.0,0
dbt_model,27.2,18245,2.07,0,0,-5.2,5,0,1,2.3,0
dbt_model,46.1,6511,0.14,0,0,-31.8,15,0,1,2.0,0
extract,40.8,15764,0.6,0,1,24.6,15,6,0,0.6,0
dbt_model,40.1,16512,0.33,0,0,-20.9,14,6,2,2.6,1
dbt_model,23.3,12178,0.05,0,0,29.1,6,3,0,4.3,0
load,17.3,11155,0.53,0,0,-4.4,18,5,2,2.1,0
dbt_model,41.4,23538,6.14,0,0,21.9,19,3,1,0.4,0
dbt_model,39.6,23087,0.99,1,0,18.8,0,2,2,2.5,1
extract,38.7,728403,0.51,0,0,17.3,13,6,0,0.0,0
dbt_model,27.8,19327,0.19,0,0,0.8,16,3,1,1.6,0
dbt_model,20.0,62984,0.02,0,0,-21.5,7,3,0,6.9,0
extract,38.4,14428,0.22,0,0,-3.3,16,4,1,0.4,1
dbt_model,41.3,14138,0.13,0,0,-5.7,20,2,0,4.1,0
load,21.4,2375,1.27,0,0,-1.8,21,1,0,3.4,0
quality_check,21.0,2938,0.36,0,0,-22.1,18,1,1,1.5,0
dbt_model,40.1,5264,1.44,0,0,-5.2,16,0,0,4.8,0
load,27.0,48723,3.52,0,0,-52.6,11,4,0,2.5,0
quality_check,51.2,203186,0.88,0,0,-5.4,2,3,0,2.7,0
dbt_model,26.3,2082,0.32,0,0,2.3,11,5,1,2.3,0
load,27.2,15085,0.4,0,0,-14.1,18,4,1,7.6,1
extract,28.8,4076,1.54,1,0,-4.9,11,3,2,0.7,0
quality_check,28.0,23793,0.08,0,0,2.9,22,6,1,1.1,0
dbt_model,45.4,203054,0.16,0,0,18.2,12,1,0,0.8,0
quality_check,39.0,17765,1.05,0,0,19.0,0,5,1,0.6,0
load,41.9,33656,1.26,0,0,5.5,20,6,1,0.1,0
dbt_model,37.9,372639,2.46,0,0,-0.5,10,4,1,0.8,0
extract,29.4,75556,2.34,0,0,6.4,1,4,1,0.3,0
dbt_model,30.0,10762,0.18,0,0,32.4,16,5,1,11.0,0
dbt_model,28.9,46829,0.59,0,0,9.0,9,3,1,6.4,0
load,43.1,9661,0.06,0,0,4.7,18,3,0,15.1,0
load,42.4,71166,0.27,0,0,19.3,18,5,0,6.8,0
dbt_model,32.8,82829,0.71,0,0,0.9,22,6,2,4.9,0
load,20.1,4074,0.7,0,0,-15.4,23,2,0,2.4,0
dbt_model,46.6,48061,0.49,0,0,8.3,18,3,1,2.0,0
dbt_model,33.1,30088,0.73,0,0,3.1,3,5,1,3.9,0
load,32.6,86810,0.76,0,0,-3.9,19,4,1,2.2,0
quality_check,48.5,137331,0.7,0,0,9.8,1,2,0,5.5,0
dbt_model,29.0,77957,2.93,0,1,-32.6,11,5,1,3.1,0
dbt_model,28.5,22356,0.28,0,0,-9.7,19,1,1,2.8,0
quality_check,32.8,161672,0.74,0,0,-15.8,21,0,1,3.0,0
quality_check,18.0,8983,0.84,0,0,-13.9,23,1,1,1.0,0
dbt_model,31.4,4390,0.91,0,0,-2.8,3,6,0,1.5,0
extract,16.5,218,0.08,1,1,-16.4,17,6,2,1.5,1
extract,26.9,32460,3.43,0,0,30.2,1,0,0,1.9,0
extract,23.6,9754,2.37,0,0,8.1,13,5,1,1.7,0
dbt_model,28.1,68624,0.63,0,0,-14.3,8,2,0,0.7,0
dbt_model,19.2,1550,0.32,0,0,-31.3,5,1,2,1.5,0
quality_check,32.7,12893,1.15,0,0,-10.5,17,1,1,13.2,0
dbt_model,32.1,77067,2.17,0,0,-5.9,23,0,2,1.0,0
quality_check,29.8,6990,4.84,0,0,-11.4,8,1,2,5.4,0
dbt_model,54.6,69899,0.05,0,0,45.8,17,1,0,3.9,0
extract,29.3,14894,0.18,0,0,-29.8,18,1,1,1.7,0
dbt_model,37.6,34458,2.27,0,0,0.9,16,2,0,0.5,0
dbt_model,40.4,94113,2.08,0,0,-2.3,7,6,2,2.0,0
load,34.3,166787,0.14,0,0,-4.5,21,4,0,7.2,0
load,35.0,42107,4.07,0,0,-34.9,16,1,0,7.4,0
quality_check,30.2,9873,5.09,1,0,-0.8,21,4,0,0.5,1
dbt_model,32.8,17450,2.85,0,1,3.2,5,6,0,6.7,1
dbt_model,28.7,100622,1.0,0,0,12.8,1,0,0,12.2,0
dbt_model,25.0,7086,0.94,0,1,8.7,16,1,2,10.6,1
quality_check,31.9,27312,0.06,0,0,21.9,0,3,1,4.8,0
extract,13.4,19586,2.65,0,0,-36.8,4,1,0,5.0,0
dbt_model,45.4,30780,2.26,0,0,-4.2,5,3,1,3.8,0
extract,48.9,7223,0.47,0,1,45.1,4,4,0,1.5,1
dbt_model,28.6,1875,3.17,0,0,19.1,21,1,0,0.5,0
dbt_model,39.7,83548,0.3,0,0,-26.2,20,1,2,2.6,0
dbt_model,44.6,169839,0.26,0,0,1.6,12,5,1,0.7,0
dbt_model,15.3,2064,1.94,0,0,-18.9,16,3,0,0.2,0
load,41.6,65531,1.38,0,0,-7.8,15,4,1,4.0,0
dbt_model,31.4,205477,0.52,0,0,36.0,20,0,1,3.6,0
quality_check,54.5,94226,2.61,0,1,17.3,8,5,1,11.5,1
load,29.4,18644,2.08,0,0,-27.4,16,3,0,1.4,0
load,37.8,8025,0.33,0,0,-13.8,10,4,1,1.3,0
dbt_model,30.9,41339,2.15,0,0,0.0,12,2,0,2.5,0
load,52.7,53984,1.18,0,0,-4.8,7,6,1,4.3,0
load,27.9,42331,0.69,0,0,5.6,18,0,0,14.6,0
load,42.2,27222,1.95,0,0,-13.9,22,4,1,1.2,0
dbt_model,34.9,6423,0.02,0,0,-6.6,23,0,1,10.6,0
dbt_model,37.1,71417,0.25,0,0,-14.1,9,5,0,4.5,0
dbt_model,35.6,77139,0.95,0,0,-6.6,2,5,0,6.1,0
load,26.8,50076,0.97,0,0,12.7,20,3,0,6.1,0
load,9.3,43372,0.98,0,0,5.3,0,3,0,1.6,0
dbt_model,46.6,533278,0.5,0,0,-12.6,3,1,0,6.3,0
extract,26.1,13373,0.83,0,0,20.4,21,0,0,0.9,0
dbt_model,46.3,282178,2.69,0,0,19.1,7,0,1,4.1,1
quality_check,33.4,11221,0.33,0,0,-0.0,13,1,1,3.2,0
dbt_model,46.1,214126,0.52,0,0,-4.6,4,3,2,0.0,0
dbt_model,42.9,261290,0.59,0,0,31.7,6,1,0,4.1,0
dbt_model,9.2,22722,1.23,0,0,28.9,7,5,1,2.7,0
extract,42.4,517901,0.53,0,0,-27.3,5,4,0,0.3,0
dbt_model,30.5,76915,0.11,0,0,21.5,16,4,1,5.1,0
quality_check,40.3,8922,0.18,0,0,31.0,16,4,1,1.2,1
dbt_model,36.5,19957,0.45,0,0,11.8,3,0,0,4.8,0
load,40.8,222441,0.63,0,0,-8.4,23,1,2,0.1,0
extract,32.4,159038,5.34,0,0,-6.2,12,1,0,3.9,0
dbt_model,21.1,6681,5.75,0,1,30.8,17,0,1,2.3,1
dbt_model,28.0,29062,3.15,1,0,15.0,0,3,1,8.8,1
quality_check,16.6,50293,2.82,0,1,9.9,9,2,1,5.0,1
load,25.5,16120,0.85,0,0,42.0,23,2,2,1.1,0
dbt_model,25.6,1579279,0.35,0,0,-18.1,20,4,0,2.0,0
dbt_model,20.0,52778,1.83,0,0,-1.6,0,4,0,5.0,0
quality_check,33.1,32895,3.63,0,0,3.4,16,2,1,2.0,0
dbt_model,40.4,244106,1.1,1,0,-3.8,18,1,0,0.4,1
dbt_model,30.9,20244,1.05,0,0,-33.1,3,2,0,0.8,0
dbt_model,30.6,182022,0.45,0,0,18.1,20,2,2,8.4,0
dbt_model,19.1,2519,0.66,0,0,-13.5,4,0,0,5.4,0
dbt_model,28.1,17573,1.31,0,0,-13.8,23,3,0,1.6,0
dbt_model,27.8,194563,0.21,0,0,-6.5,0,2,0,0.4,0
dbt_model,36.0,447896,2.93,0,0,-4.1,15,6,0,1.7,0
dbt_model,16.4,10537,0.22,0,0,-2.2,5,0,0,8.3,0
quality_check,36.1,8745,2.22,0,0,17.3,14,6,0,1.2,1
dbt_model,28.7,90031,0.18,0,0,21.0,18,2,1,0.7,0
dbt_model,33.9,13401,0.59,0,1,-4.7,13,2,2,5.1,1
quality_check,39.5,23630,2.98,0,0,-10.8,17,1,1,5.8,0
quality_check,37.6,147598,3.9,0,0,-2.3,18,2,0,0.6,0
quality_check,37.9,15205,3.19,0,0,-16.1,7,0,2,0.1,0
quality_check,8.2,1564,0.43,0,0,-0.5,20,6,1,0.9,0
load,24.2,4529,0.86,0,0,-17.0,1,2,1,0.4,0
dbt_model,42.2,36898,2.2,0,0,38.3,12,6,0,4.4,0
dbt_model,31.6,1841,5.15,0,0,2.3,18,5,0,14.5,0
load,48.1,22573,0.13,0,0,-9.7,17,4,0,0.9,0
dbt_model,43.7,3915,0.01,0,0,12.7,7,2,0,1.5,0
dbt_model,39.5,500770,1.17,0,0,-22.2,23,4,0,0.2,0
quality_check,36.0,1160345,0.09,0,0,-12.8,23,2,2,0.6,0
load,20.7,6680,1.75,0,0,7.6,2,5,0,7.1,0
dbt_model,28.7,54765,2.34,0,0,2.4,2,5,0,4.4,0
quality_check,25.9,7811,0.86,0,0,18.9,14,4,2,1.1,0
load,26.0,22138,0.68,0,0,-49.1,4,2,2,7.2,0
quality_check,29.0,650535,3.86,0,0,14.7,1,5,1,7.0,0
extract,34.6,17210,2.17,0,0,-9.8,19,0,0,0.0,0
dbt_model,46.7,22979,0.64,0,0,-21.1,10,5,2,4.8,0
dbt_model,38.0,8038,1.79,0,0,-31.0,20,5,0,0.9,0
load,32.5,227272,2.57,0,0,-10.0,17,4,1,1.7,0
extract,32.3,196,0.77,0,0,28.6,15,3,1,0.4,0
load,34.1,17881,1.27,0,0,17.4,9,6,0,2.1,0
dbt_model,31.7,33744,2.52,0,0,29.4,17,0,0,4.3,0
dbt_model,29.5,12610,1.79,0,0,-2.0,2,6,0,0.6,0
dbt_model,32.8,144592,0.43,0,0,1.9,7,1,0,6.9,0
quality_check,41.4,248511,0.47,0,1,-28.4,19,2,0,1.9,0
dbt_model,29.6,3792,1.72,0,0,-28.4,16,1,0,0.7,0
quality_check,31.5,1034655,0.95,0,0,-2.6,5,6,0,1.1,0
extract,21.3,3724,2.11,0,0,-24.8,20,2,1,0.8,0
dbt_model,38.6,285446,1.6,0,0,-15.4,12,2,0,1.8,0
load,36.5,46153,1.91,0,0,0.8,17,4,1,0.3,0
load,28.0,16221,1.26,0,0,22.9,3,1,0,1.1,0
dbt_model,20.9,18864,2.58,0,0,0.2,3,2,0,2.1,0
dbt_model,43.4,34419,1.1,0,0,-24.5,23,1,0,0.5,0
dbt_model,42.2,50689,0.07,0,0,-32.8,21,5,2,7.9,0
dbt_model,11.8,8331,0.59,0,0,2.2,9,0,0,5.6,0
dbt_model,43.6,24976,3.08,0,0,-11.3,22,4,0,4.3,0
extract,28.2,10582,0.26,0,0,2.1,19,2,0,3.6,0
quality_check,30.6,5197,2.12,0,0,-3.7,6,0,0,2.9,0
dbt_model,40.2,9821,0.76,0,0,-1.3,9,6,0,0.5,0
dbt_model,43.9,5767,0.31,0,0,21.6,12,2,0,3.3,0
load,40.1,18541,0.21,0,0,19.0,8,2,0,4.7,0
quality_check,35.6,72544,2.5,0,0,6.6,6,0,0,0.4,0
dbt_model,20.2,44052,2.4,0,0,-16.1,5,6,0,1.1,0
load,19.5,855081,1.01,0,0,-9.9,15,6,0,0.5,0
dbt_model,34.0,1057,1.16,0,0,13.7,9,0,0,0.0,0
dbt_model,45.6,76952,1.42,0,0,23.4,23,1,1,0.4,0
dbt_model,24.9,36690,2.14,0,0,-22.9,21,1,1,0.2,0
dbt_model,32.1,133929,0.75,0,0,27.5,2,4,1,0.8,0
dbt_model,29.2,114272,1.5,0,0,-14.0,15,1,2,0.4,1
dbt_model,26.5,27889,0.18,0,1,12.0,15,2,0,2.5,0
quality_check,42.4,47869,0.97,0,0,50.4,1,3,0,2.8,0
dbt_model,32.1,11042,0.46,0,0,-28.6,18,6,0,0.6,0
load,31.9,96943,0.35,0,0,9.1,12,6,0,1.8,0
dbt_model,50.9,1796,1.78,0,0,-5.7,19,2,0,2.1,0
extract,21.5,125859,0.39,0,1,8.1,11,1,0,3.8,1
quality_check,37.1,34993,0.88,0,0,-11.1,10,4,0,0.9,0
dbt_model,21.4,16658,1.88,0,0,-44.6,16,2,0,4.4,0
dbt_model,30.2,25032,0.61,0,1,-13.6,18,3,0,2.9,1
dbt_model,33.1,28149,0.3,0,0,6.2,18,5,0,2.5,0
dbt_model,43.4,289434,0.14,1,0,24.3,11,2,0,5.3,1
dbt_model,38.9,6411410,2.43,0,0,7.3,13,3,0,0.4,0
dbt_model,32.3,255708,1.8,0,0,26.5,23,3,0,0.0,0
dbt_model,28.2,14698,1.09,0,0,-8.9,21,2,0,1.3,0
dbt_model,24.3,99473,0.13,0,0,-10.3,9,6,0,1.7,1
dbt_model,39.8,106652,0.25,0,0,6.2,15,2,0,2.7,0
dbt_model,32.2,8264,0.13,0,0,-6.8,3,4,2,1.0,0
dbt_model,32.7,4830,0.06,0,0,20.2,8,5,2,2.3,0
dbt_model,31.4,32818,2.17,0,0,-25.3,12,5,1,1.3,0
dbt_model,32.7,132234,0.3,0,0,15.5,9,2,0,1.0,0
dbt_model,38.3,2754,0.14,0,0,21.7,22,0,1,2.2,0
dbt_model,39.4,11459,2.35,0,0,6.6,20,4,0,1.3,1
extract,46.6,90784,0.42,0,0,16.4,0,0,0,3.7,0
dbt_model,35.7,38822,3.11,0,0,-11.7,6,5,1,0.9,0
quality_check,48.4,350122,1.59,0,0,-15.0,3,6,2,1.2,1
quality_check,24.6,3796,0.45,0,0,6.3,3,0,0,0.2,0
quality_check,37.0,1565105,0.06,0,0,-13.0,13,0,0,6.9,0
quality_check,38.7,3100,0.3,0,0,5.4,18,5,0,0.8,0
extract,34.2,1412,0.52,0,0,5.4,17,4,2,2.1,0
dbt_model,29.5,33048,0.35,1,0,-1.2,10,6,0,2.1,0
dbt_model,19.7,5912,0.13,0,0,5.1,9,0,1,0.3,1
quality_check,30.3,34132,0.43,0,0,11.4,5,0,1,4.4,0
dbt_model,25.9,32274,0.38,0,0,-1.8,20,2,0,2.5,0
load,47.2,26549,0.42,0,0,-8.6,19,0,2,2.1,0
dbt_model,36.7,9434,1.18,0,0,14.8,8,6,2,0.5,0
extract,26.5,72565,3.35,0,0,4.9,4,4,1,0.0,0
extract,22.0,21856,0.67,0,0,8.1,11,4,2,1.9,1
dbt_model,28.3,212322,0.1,0,0,10.5,17,4,2,1.6,0
dbt_model,26.7,27211,1.94,0,0,2.7,6,3,0,1.6,0
dbt_model,28.1,7758,1.16,0,0,-6.2,8,3,0,3.1,0
quality_check,37.6,2439,0.23,0,0,-11.1,3,1,2,2.6,0
quality_check,23.1,27573,1.27,0,0,-1.6,17,6,0,0.4,0
dbt_model,49.3,4766,1.46,0,0,8.7,21,3,0,1.2,0
dbt_model,20.0,4188,0.18,0,0,9.5,18,0,0,1.0,0
quality_check,21.0,84451,0.49,0,0,2.6,19,1,0,0.8,0
quality_check,42.5,2112,0.83,0,1,6.3,3,0,1,4.7,0
dbt_model,48.1,347844,0.56,0,1,-19.9,20,6,1,0.0,1
dbt_model,31.0,46889,0.15,0,0,-8.4,19,0,0,2.1,0
dbt_model,35.6,33855,2.56,0,0,12.1,7,6,1,2.5,0
dbt_model,33.0,6935,0.21,0,0,-15.0,14,5,0,4.6,0
extract,35.6,123376,0.1,0,0,2.5,1,0,0,4.9,0
load,20.6,36147,0.99,0,0,0.9,20,0,0,5.4,0
dbt_model,8.0,12115,4.19,0,0,-2.0,0,6,0,4.7,0
dbt_model,25.2,49997,1.64,0,0,12.2,0,4,0,4.4,0
extract,43.9,2459,0.7,0,0,4.1,14,6,0,1.9,0
load,44.4,2653,0.7,0,0,-21.6,18,6,0,0.5,0
dbt_model,26.8,6049,1.18,1,0,9.3,19,0,1,4.2,0
load,24.6,63528,2.39,0,0,-9.1,23,0,1,6.5,0
dbt_model,34.7,36126,3.9,0,0,-24.5,0,5,0,1.1,0
load,39.1,194534,0.16,0,0,13.4,16,0,0,0.9,0
dbt_model,35.1,8333,0.21,0,0,-21.3,7,5,1,0.2,0
extract,11.1,91077,0.72,0,0,-6.4,22,6,0,1.7,0
quality_check,60.3,30266,1.01,0,0,5.3,7,3,2,3.9,0
quality_check,39.8,8031,1.76,0,0,-1.3,9,1,0,5.1,0
dbt_model,31.5,67271,0.83,0,0,-11.2,7,6,1,0.7,0
extract,25.6,32675,1.29,0,0,-17.9,16,2,0,8.1,0
load,39.4,13271,2.44,0,0,-13.7,21,1,0,14.0,0
dbt_model,36.8,38839,2.18,0,0,-19.4,13,4,0,1.6,0
load,32.7,29517,1.83,0,0,-2.3,8,2,0,12.8,0
load,35.9,28398,0.11,0,0,-9.8,8,5,1,4.9,0
load,30.1,18766,2.39,0,0,-24.8,16,6,2,1.0,0
quality_check,32.2,4501,0.72,0,0,-5.2,14,1,1,3.1,0
quality_check,39.0,40930,0.11,0,0,-11.6,5,1,0,4.5,0
dbt_model,33.1,10053,0.19,0,0,4.8,8,6,0,0.7,0
extract,32.0,7097,0.47,0,0,6.5,22,5,0,7.9,0
dbt_model,44.1,24707,0.55,0,0,24.2,22,5,0,5.7,0
quality_check,19.9,117529,1.13,0,0,11.7,9,1,2,2.0,0
quality_check,25.6,48873,6.21,0,0,-19.6,19,0,2,3.0,0
dbt_model,31.0,15524,0.31,0,0,-39.1,1,2,1,2.4,0
quality_check,24.1,14557,1.58,0,0,-27.3,20,0,2,1.5,0
extract,30.4,100438,1.71,0,0,-9.0,7,3,1,10.7,0
dbt_model,37.2,784,2.78,0,1,-28.9,15,4,1,3.3,1
dbt_model,33.1,130064,0.6,0,0,-11.1,14,5,0,2.1,0
load,10.6,1810,1.23,0,1,0.6,20,3,0,0.6,0
dbt_model,24.5,3771,0.31,0,0,-10.1,22,2,2,2.4,0
dbt_model,31.3,15949,0.46,0,0,5.0,8,3,0,3.5,0
dbt_model,38.6,1169630,0.34,0,0,-11.0,12,4,0,10.8,0
dbt_model,41.9,531719,1.61,0,0,-13.7,15,1,0,0.2,0
dbt_model,38.5,112463,2.82,0,0,30.7,14,0,0,1.2,0
dbt_model,32.0,64245,1.0,0,0,-0.6,8,4,0,3.1,0
quality_check,16.3,1845,0.22,0,1,2.0,9,4,2,1.0,1
load,28.7,46667,1.84,0,0,15.2,14,0,0,6.8,0
extract,25.1,15081,1.77,0,0,15.8,22,4,1,0.3,0
dbt_model,27.4,9831,0.12,0,0,-6.6,1,2,1,1.9,0
dbt_model,38.9,46522,3.34,0,0,18.8,5,6,0,0.3,0
dbt_model,34.6,17089,0.72,0,0,-8.1,19,5,2,0.2,0
quality_check,42.1,145929,0.04,0,0,18.3,14,3,0,25.9,0
extract,23.4,1640,1.8,0,0,-22.2,10,6,1,4.8,0
extract,46.0,40946,0.25,0,0,-5.5,8,4,1,14.8,0
load,35.9,8896,3.4,0,0,4.0,23,1,0,1.9,0
load,32.1,18855,0.23,0,0,6.5,21,4,2,0.2,0
dbt_model,38.5,59124,1.06,0,0,-15.2,20,4,0,0.4,0
dbt_model,23.1,6077,1.88,0,0,-29.7,6,5,0,4.7,0
dbt_model,13.7,47229,0.09,0,0,8.3,14,0,0,0.4,0
dbt_model,26.2,25854,3.32,0,0,-3.7,23,6,0,3.4,0
load,37.1,12620,2.16,0,0,-7.0,6,1,0,4.3,0
dbt_model,31.7,17104,0.08,0,0,29.8,4,3,0,0.5,1
extract,30.6,28359,3.52,0,0,-5.3,15,0,0,1.3,0
dbt_model,22.5,10630,0.39,0,0,-9.3,4,1,1,0.5,0
dbt_model,14.7,36730,2.21,0,0,-32.4,18,5,0,3.8,0
dbt_model,44.3,23269,3.21,0,0,-19.5,20,5,0,5.7,0
dbt_model,28.7,13656,1.1,0,0,15.8,11,2,0,1.0,0
load,32.8,462197,0.07,0,0,-13.1,23,0,0,2.9,0
quality_check,27.3,70571,2.67,0,0,11.3,14,6,0,4.6,0
dbt_model,42.5,19685,4.93,0,0,-23.3,9,1,1,0.2,0
dbt_model,40.6,45861,0.66,0,0,-15.6,21,0,2,0.8,0
quality_check,20.7,7023,0.57,0,1,-16.1,14,1,1,0.5,1
dbt_model,41.5,18054,0.24,0,0,8.6,3,4,0,3.3,0
dbt_model,30.0,21761,1.9,0,0,-3.8,20,2,0,1.5,0
dbt_model,23.3,4940,1.12,0,0,-20.0,11,3,2,2.1,1
dbt_model,30.7,67492,0.16,0,0,12.9,8,0,0,1.0,0
quality_check,23.8,16171,0.34,0,0,8.9,20,4,1,0.9,0
load,19.4,20563,0.44,0,0,6.1,18,6,1,6.8,0
quality_check,37.6,14618,0.0,0,0,5.3,9,6,0,2.0,0
dbt_model,38.5,4133127,0.94,0,0,-15.4,23,6,0,2.3,0
extract,36.0,12579,0.12,0,0,22.7,21,6,0,1.5,0
extract,29.1,1326,1.28,0,0,-1.8,4,5,2,3.1,1
dbt_model,32.7,2807,0.49,0,0,4.8,13,5,1,7.3,0
dbt_model,15.9,122379,0.32,0,0,6.9,15,5,1,1.4,0
load,28.2,308144,0.78,0,0,-17.0,9,1,0,0.9,0
load,35.5,12199,0.07,0,0,34.1,12,1,0,1.3,0
extract,24.3,281058,0.3,0,0,-0.5,23,5,0,0.2,0
quality_check,37.7,118960,0.17,0,0,0.6,13,1,0,1.2,0
dbt_model,19.2,26818,2.5,0,0,-7.4,3,6,0,4.7,0
dbt_model,31.7,23939,2.27,0,0,20.7,20,4,0,8.9,0
dbt_model,47.2,48503,0.51,0,0,21.5,8,2,1,5.6,0
extract,41.7,147846,0.08,0,0,2.8,4,3,0,2.0,0
dbt_model,16.7,68574,1.55,0,0,-26.4,5,2,0,0.2,0
dbt_model,38.0,12296,0.72,0,1,-3.0,19,1,1,0.2,0
dbt_model,48.2,27481,0.43,0,0,-1.2,23,3,0,2.4,1
dbt_model,62.9,864599,0.24,0,0,-8.1,4,4,0,5.6,0
dbt_model,37.2,54281,0.37,0,0,-17.7,3,4,1,1.1,0
quality_check,22.4,145935,3.35,0,0,-28.0,23,2,0,2.9,1
dbt_model,37.7,86147,1.16,0,0,26.5,2,1,0,1.9,0
extract,47.4,56239,0.88,0,0,13.3,13,1,1,3.6,0
dbt_model,30.9,43213,1.01,0,0,0.6,6,1,2,1.0,0
dbt_model,44.1,152638,0.09,1,0,-11.7,4,4,0,5.9,0
quality_check,26.7,114671,2.32,0,0,6.5,14,2,1,1.0,0
extract,36.3,55394,0.66,0,0,3.7,4,4,1,0.8,0
dbt_model,7.9,11967,1.95,0,0,-7.2,6,4,1,1.1,0
load,24.8,67298,0.57,0,0,7.0,15,5,0,0.2,0
extract,32.0,32623,0.77,0,0,9.2,7,0,0,2.0,0
dbt_model,28.1,22176,0.78,0,1,12.4,23,6,0,1.6,0
load,28.0,2639345,0.03,0,0,-16.0,12,6,0,0.1,0
dbt_model,23.5,3094,0.49,0,0,7.8,2,3,0,0.4,0
dbt_model,37.9,168319,0.1,0,0,21.2,15,3,0,0.4,0
dbt_model,29.1,9133,4.3,0,0,5.3,14,6,0,2.2,0
quality_check,33.2,44797,0.7,0,0,39.7,13,0,0,2.1,1
load,46.0,2212735,1.72,1,0,-3.2,23,6,1,4.0,0
dbt_model,26.5,7786,1.49,0,0,-30.9,14,5,1,1.1,0
dbt_model,42.5,11404,0.86,0,0,-15.3,18,4,2,10.6,1
quality_check,23.3,35311,1.9,0,0,-12.0,16,2,0,4.5,0
dbt_model,47.2,9362,2.08,0,0,10.1,6,6,2,2.0,0
dbt_model,44.7,149416,1.21,0,0,15.0,21,5,1,0.6,0
quality_check,27.6,15440,0.18,0,0,2.4,16,6,0,0.5,0
dbt_model,31.5,103405,0.62,0,0,5.3,16,6,0,3.6,0
quality_check,30.4,4329,0.41,0,0,34.5,1,4,0,2.2,0
dbt_model,32.6,2016,3.98,0,0,-15.0,17,3,2,0.4,0
load,41.5,25175,0.17,0,0,-1.3,2,2,0,0.1,0
extract,15.8,2952,1.23,0,0,-8.1,9,1,0,1.1,0
load,40.4,412186,2.03,0,0,-21.1,13,0,2,2.5,1
dbt_model,8.9,3141,0.44,0,0,-36.4,22,3,0,0.8,0
extract,27.8,6902,0.04,0,1,23.3,4,4,1,4.2,0
quality_check,46.5,70388,0.43,0,0,-13.8,19,3,2,1.7,0
dbt_model,17.9,14211,0.65,0,0,-4.5,12,3,0,6.3,0
load,13.6,3198,0.28,0,0,7.8,13,2,0,0.0,0
extract,39.9,949739,0.69,1,0,-21.4,21,2,0,2.7,0
extract,41.9,7312,1.36,0,0,-15.0,10,5,0,5.1,0
dbt_model,34.6,26528,1.94,0,0,-0.4,3,6,1,0.7,0
load,14.5,25985,0.06,0,0,-7.9,0,1,0,4.1,0
dbt_model,19.1,113152,1.32,0,0,-23.0,8,4,0,0.6,0
quality_check,34.4,76096,0.85,0,0,10.9,23,5,0,2.9,0
load,19.3,9673,1.07,0,0,-8.4,5,2,0,0.9,0
load,32.6,21561,0.54,0,0,2.5,3,3,0,10.6,0
dbt_model,33.4,25258,3.99,0,0,1.0,0,3,2,4.5,0
quality_check,29.9,120371,0.09,0,0,17.5,12,4,1,8.5,0
dbt_model,45.3,5600,0.32,0,0,6.4,8,6,2,1.6,0
quality_check,43.2,917104,0.48,0,0,-15.5,8,0,1,0.4,0
dbt_model,41.0,10778,0.95,0,0,20.9,14,5,0,3.2,0
dbt_model,40.5,35810,3.85,1,0,-8.5,7,1,0,3.8,0
dbt_model,27.7,5676,0.28,0,0,-14.6,1,2,0,1.6,0
dbt_model,26.9,4550,0.74,0,0,-17.3,10,3,0,11.8,0
quality_check,27.1,8963,1.59,0,0,-42.2,17,3,0,0.8,0
load,35.7,7686,0.1,0,0,-11.0,13,5,0,0.7,0
dbt_model,25.2,18717,0.88,0,0,7.1,22,1,2,0.8,0
extract,45.0,7582,2.18,0,0,-24.5,0,6,0,0.6,0
dbt_model,27.5,110512,2.01,0,0,30.8,1,5,2,6.1,0
dbt_model,32.0,10375,0.67,0,0,-40.3,3,0,0,1.5,0
extract,27.7,8689,2.25,0,0,-14.1,0,3,0,2.1,0
extract,27.1,19365,0.21,0,0,-26.8,14,6,0,0.1,0
dbt_model,54.6,177822,0.02,0,0,16.5,14,0,0,0.3,0
load,28.9,51215,0.57,0,0,11.7,17,2,0,0.5,0
dbt_model,29.2,30961,0.11,0,0,-4.8,4,3,0,0.6,0
dbt_model,22.3,3666,0.69,0,0,-25.6,16,6,1,0.2,0
extract,29.4,5835,0.41,0,0,-21.6,4,3,0,0.3,0
quality_check,27.8,4696,3.98,0,0,4.5,23,0,0,0.4,0
extract,25.8,293890,0.2,0,0,-12.2,6,4,2,1.2,0
load,29.9,84872,0.6,0,0,-10.1,1,3,1,1.6,0
quality_check,35.3,9149,1.35,0,0,-1.3,4,4,0,2.3,0
load,39.9,14720,0.51,0,0,-7.4,12,5,0,2.0,0
dbt_model,30.2,9696,2.72,0,0,-31.5,17,0,0,0.4,0
extract,30.3,8801,2.85,0,1,-24.0,10,2,0,13.4,0
dbt_model,30.3,75847,0.71,0,0,-23.5,7,0,1,0.7,0
quality_check,26.9,22924,0.19,0,1,-13.1,4,6,1,11.6,1
dbt_model,29.7,1014461,2.97,1,0,1.6,2,6,0,3.1,1
load,21.7,268491,0.65,0,0,0.9,21,6,0,0.3,0
extract,29.6,295129,1.22,0,0,21.4,17,1,0,1.4,0
extract,42.2,106316,0.32,0,0,-25.3,3,2,1,2.0,0
dbt_model,27.2,18467,3.52,0,0,5.5,3,3,0,1.7,0
quality_check,30.8,94510,0.99,0,0,-14.2,12,0,1,1.9,1
dbt_model,28.0,20782,7.78,0,0,35.6,8,6,0,3.1,1
dbt_model,48.0,493087,0.14,0,0,-1.9,4,1,2,1.7,1
dbt_model,25.0,69344,0.51,0,0,-10.1,10,4,0,5.0,0
dbt_model,35.5,55258,2.05,0,0,4.9,10,0,0,1.9,0
dbt_model,32.0,44503,0.13,0,0,3.5,13,0,0,0.3,0
dbt_model,37.7,587967,0.03,0,0,-6.8,18,4,2,0.2,0
extract,30.5,3662,1.22,0,0,10.7,6,0,0,1.8,0
dbt_model,37.9,687804,0.12,0,0,27.2,16,0,0,1.4,0
dbt_model,38.9,26961,1.94,0,0,16.5,17,1,0,9.4,0
extract,28.1,3828,2.98,0,0,-2.7,16,3,0,1.8,0
dbt_model,45.8,10899,0.89,0,0,32.0,22,1,2,4.1,0
extract,28.1,2588,0.15,0,0,8.7,5,1,1,6.5,1
quality_check,18.7,103347,0.76,0,0,-19.8,17,1,2,2.0,0
extract,35.1,6896,1.22,0,0,1.0,0,6,2,5.6,0
extract,36.2,47565,3.72,0,0,-3.9,8,5,0,0.8,0
dbt_model,35.7,222959,0.18,0,0,-9.7,17,2,2,9.6,1
dbt_model,28.0,12391,0.0,0,0,5.7,22,4,0,1.2,0
dbt_model,12.5,23648,0.22,0,0,-33.8,2,4,0,2.8,0
dbt_model,11.1,4512,0.63,0,0,28.9,17,1,0,2.7,0
dbt_model,46.0,19508,0.06,0,0,11.0,9,4,0,1.0,1
quality_check,34.1,2232065,0.39,0,0,-33.1,12,0,0,0.3,0
quality_check,43.1,126082,0.46,0,0,10.8,20,2,0,1.1,1
dbt_model,17.1,23775,0.15,0,0,8.0,20,4,0,0.8,0
quality_check,21.1,13647,0.61,0,0,26.4,9,5,2,8.9,0
quality_check,38.2,33920,0.39,0,0,31.0,21,2,0,0.9,0
dbt_model,31.7,44715,0.25,0,0,34.1,11,0,2,0.3,1
dbt_model,35.9,18573,0.65,0,0,-5.0,5,4,1,0.3,0
load,33.6,84803,1.46,0,0,9.7,22,4,0,4.9,1
dbt_model,27.7,7898,1.21,0,0,-8.6,8,0,1,0.7,0
dbt_model,23.5,7836,1.1,0,0,17.6,21,1,0,2.2,0
dbt_model,22.5,65664,3.29,0,0,-38.9,22,1,0,6.1,0
load,41.6,5598,0.1,0,0,-23.0,2,0,1,1.8,0
quality_check,48.4,116591,0.57,0,0,-7.8,17,5,0,0.2,0
extract,22.9,35495,0.16,0,1,-1.1,20,6,0,0.9,0
dbt_model,17.2,1949,2.62,0,0,2.9,4,5,2,1.4,0
quality_check,29.4,43269,1.96,1,0,22.9,11,1,0,11.2,0
dbt_model,30.6,2449,2.45,0,0,-11.7,23,1,0,0.8,0
load,32.5,110125,0.71,0,0,-23.3,19,1,1,2.2,0
quality_check,36.0,24393,0.56,0,0,-7.0,8,3,0,4.2,0
load,36.9,702032,0.52,0,0,-10.9,8,0,0,1.1,0
extract,34.2,201612,1.1,0,0,10.0,2,1,0,1.0,0
dbt_model,51.0,6653,1.15,0,0,27.5,22,4,1,5.5,0
dbt_model,21.9,1431,1.55,0,0,25.8,21,4,0,0.7,0
dbt_model,44.9,10849,0.44,0,0,19.6,19,5,2,5.0,0
load,41.9,5146,2.28,0,0,-10.3,9,2,0,11.6,0
dbt_model,41.9,674131,2.55,0,0,-2.9,10,0,0,3.3,0
dbt_model,14.9,35721,0.32,1,0,7.6,9,6,2,0.5,1
quality_check,35.1,161695,0.87,0,0,-13.9,8,3,0,1.1,0
quality_check,26.8,23016,1.34,0,0,-12.2,1,6,1,0.5,0
quality_check,31.9,27242,0.9,0,0,6.7,5,5,1,0.9,0
dbt_model,22.6,34468,5.64,0,0,-24.6,14,0,0,5.2,0
load,42.1,213301,2.37,0,0,19.7,6,5,0,1.2,0
extract,42.0,59790,0.46,0,0,-7.2,3,4,0,5.2,0
dbt_model,39.8,6689,0.37,0,0,9.7,10,5,2,6.0,0
dbt_model,33.3,487001,0.31,0,0,3.7,19,4,1,8.9,1
extract,21.9,22731,0.34,0,0,22.6,8,0,0,3.1,0
dbt_model,34.1,17521,0.08,0,0,-38.3,18,0,1,0.3,0
dbt_model,40.2,392,1.82,0,0,22.7,15,1,2,3.4,0
dbt_model,34.6,100211,0.05,0,0,22.3,7,1,0,2.2,0
extract,36.6,42685,0.25,0,0,5.1,15,3,0,0.8,0
dbt_model,30.4,42611,2.43,0,0,9.4,12,6,1,4.2,0
dbt_model,26.6,19062,0.61,0,0,10.7,4,3,0,0.6,0
dbt_model,36.6,14467,1.95,0,0,-16.2,10,2,0,2.3,0
dbt_model,30.3,20103,1.04,0,0,1.0,6,5,1,0.5,1
dbt_model,37.2,76195,0.23,0,1,16.0,13,3,2,0.2,0
quality_check,38.6,100970,0.52,0,0,-32.2,1,6,1,5.5,0
quality_check,34.7,25093,0.71,0,0,8.5,1,3,1,0.7,0
dbt_model,39.9,165760,1.71,0,0,1.6,9,5,0,2.5,0
load,24.3,32004,0.24,0,0,11.3,12,0,0,0.5,0
extract,22.6,16207,3.18,0,0,-22.9,11,3,1,4.0,0
extract,32.4,49884,0.39,0,0,-13.4,1,3,1,2.2,0
extract,28.3,4125,1.38,1,0,-25.1,2,4,0,4.4,1
dbt_model,28.2,52698,1.11,0,0,-25.3,2,5,0,3.1,0
load,30.1,3079,2.57,0,0,15.0,2,0,0,2.1,0
dbt_model,37.6,7013,0.42,0,0,-10.6,19,2,1,1.6,0
quality_check,37.3,1436,1.02,1,1,-11.9,6,3,1,6.2,1
dbt_model,44.5,27441,1.74,1,0,19.6,19,4,0,4.2,0
extract,24.9,477067,0.96,0,0,-6.2,11,0,1,6.7,0
dbt_model,21.4,30111,1.2,0,0,17.3,23,4,0,6.9,0
extract,31.4,101695,0.97,0,0,-18.9,23,5,1,2.8,0
dbt_model,39.5,1565478,3.45,0,0,-6.2,14,3,1,1.8,0
dbt_model,31.2,69320,3.91,0,0,-16.3,21,5,1,6.3,0
dbt_model,25.1,10675,0.38,0,0,9.9,9,3,2,1.5,0
dbt_model,27.8,13304,0.83,0,0,-3.7,9,6,0,10.8,0
quality_check,36.6,36353,0.87,0,0,13.2,2,0,0,5.5,0
dbt_model,18.5,13192,1.61,0,0,2.8,13,3,0,0.4,0
dbt_model,51.8,14869,0.62,0,0,-35.0,15,5,1,2.7,0
dbt_model,35.2,175677,1.0,0,0,-4.8,13,0,0,0.4,0
extract,44.6,187559,0.49,0,0,-27.6,5,4,0,5.6,0
load,22.4,2604,1.21,0,0,6.2,8,0,0,0.0,0
quality_check,35.1,9807,0.81,1,0,10.0,6,4,0,5.6,0
dbt_model,31.9,17284,1.18,0,0,11.9,20,6,0,0.9,0
quality_check,41.6,94706,0.13,0,0,-2.2,3,1,2,2.0,0
quality_check,33.6,226142,1.01,0,0,-29.4,6,1,2,4.6,1
dbt_model,53.7,2739123,0.55,0,0,3.8,7,4,1,1.1,0
extract,17.5,17238,2.55,0,0,7.3,10,2,0,4.3,0
load,39.6,18673,0.24,0,0,-3.3,7,5,0,1.8,0
load,34.9,93126,2.19,0,0,1.5,21,0,1,1.5,0
load,21.2,12190,0.11,0,0,-34.0,12,5,2,3.2,0
load,49.4,28982,0.07,0,0,1.2,8,5,1,1.4,0
load,47.7,18693,1.58,0,0,-2.0,8,5,0,3.6,1
quality_check,6.3,547,0.25,0,0,-21.8,12,2,0,0.4,0
extract,34.2,44230,0.0,0,0,9.5,8,5,0,13.3,0
dbt_model,38.1,27125,0.52,0,0,-8.9,20,2,0,0.7,0
dbt_model,39.7,277609,0.77,0,0,4.1,2,2,1,3.8,0
dbt_model,45.9,36635,0.3,1,0,8.8,7,5,0,6.6,1
quality_check,40.5,4877,0.9,0,0,5.9,10,6,0,6.8,0
quality_check,33.9,24029,0.85,0,0,-24.1,23,4,0,2.0,1
dbt_model,46.9,1279,1.69,0,0,-6.9,7,6,1,6.4,0
quality_check,37.3,5231,2.22,0,0,38.3,4,4,0,7.0,0
extract,30.8,100389,1.69,0,1,25.1,9,5,1,2.1,0
dbt_model,26.6,24446,1.54,0,0,15.0,16,0,0,0.1,0
load,46.0,158897,1.31,0,0,4.9,23,1,0,0.9,1
dbt_model,19.6,1560,0.92,0,0,-17.8,1,1,1,4.3,0
dbt_model,27.9,24638,0.04,0,0,-2.9,15,2,0,5.7,0
dbt_model,28.8,16969,1.54,0,0,-7.6,12,1,0,4.3,0
dbt_model,38.1,167603,0.37,0,0,-1.5,8,4,2,6.3,0
quality_check,32.4,106555,0.13,0,0,-26.0,3,6,0,5.0,0
quality_check,22.2,101478,0.04,0,0,17.2,15,1,0,5.8,0
quality_check,47.0,427733,0.17,0,0,-48.4,15,1,0,7.0,0
dbt_model,27.6,20152,0.23,0,0,15.4,3,6,0,1.2,0
dbt_model,54.1,307468,0.08,0,0,15.8,14,2,0,1.1,0
load,32.1,6831,1.61,0,0,41.9,12,4,0,3.0,0
dbt_model,40.6,6442,0.9,0,0,-4.5,9,1,0,0.8,0
dbt_model,40.0,121102,0.19,0,0,-9.4,12,6,0,1.6,0
dbt_model,39.9,3269,0.86,0,0,2.2,22,3,0,0.8,0
dbt_model,39.0,90800,0.03,0,0,10.1,10,6,0,0.2,0
dbt_model,34.6,42706,2.06,0,0,-1.6,21,0,2,6.3,0
dbt_model,45.1,201786,0.81,1,0,-21.3,0,3,1,4.1,1
extract,54.4,33020,0.85,0,0,10.1,17,5,0,0.4,0
dbt_model,30.0,39722,0.27,0,0,-0.0,17,0,2,1.7,0
quality_check,40.8,82028,0.86,1,0,-18.1,17,6,1,2.2,0
dbt_model,30.4,12578,0.74,0,0,-29.2,8,5,0,1.5,0
dbt_model,34.8,11731,2.14,0,0,44.4,1,3,1,2.0,0
dbt_model,33.9,77581,0.37,0,0,15.0,1,6,1,0.9,0
dbt_model,12.7,34652,2.46,0,0,10.1,7,5,0,1.0,0
quality_check,29.3,18926,3.75,0,0,-2.1,2,1,0,1.6,1
dbt_model,41.0,31810,0.71,0,0,12.4,4,0,1,3.5,0
quality_check,29.8,465699,4.07,0,0,-18.9,0,1,1,9.4,0
dbt_model,39.3,17875,2.56,0,0,3.6,9,3,0,1.7,1
dbt_model,32.6,17064,0.93,0,0,4.4,21,4,0,4.8,0
dbt_model,25.8,2363,1.24,0,0,-18.5,2,1,0,2.2,0
load,40.3,33936,0.81,0,0,-1.9,8,2,0,1.0,0
dbt_model,40.2,103882,1.52,0,0,-7.4,7,2,0,15.5,0
dbt_model,38.3,138401,0.05,0,0,-13.8,10,3,1,3.3,0
extract,41.7,43180,0.8,0,0,-9.7,13,2,1,0.2,0
extract,36.7,167599,0.05,0,0,-30.7,22,3,1,1.2,0
quality_check,19.5,117004,4.48,1,0,19.1,3,4,0,2.7,1
quality_check,31.9,215500,2.78,0,0,28.1,7,4,1,8.7,0
dbt_model,18.7,175410,0.23,0,0,-16.7,2,5,1,11.3,0
dbt_model,42.5,447738,0.28,0,0,20.0,1,6,1,3.8,0
dbt_model,39.8,27680,0.62,0,0,-0.6,16,6,1,1.9,1
dbt_model,37.0,4344,1.28,0,0,-0.2,6,6,2,1.6,0
dbt_model,38.5,105024,1.17,0,0,-23.3,5,2,0,9.3,0
dbt_model,43.1,126612,0.38,0,0,-10.0,10,4,0,1.6,0
quality_check,22.4,447751,0.55,0,0,9.6,11,4,1,3.0,0
dbt_model,34.8,282113,0.18,0,0,-17.6,10,4,1,0.6,0
dbt_model,24.9,816478,0.25,0,0,-13.4,20,5,0,3.8,1
dbt_model,30.7,97906,0.31,0,0,-9.1,16,5,0,0.9,0
quality_check,47.4,52370,3.12,0,0,-61.3,9,2,0,7.3,1
dbt_model,38.2,3960,2.6,0,0,5.9,4,1,0,1.1,0
load,39.1,59453,1.4,0,1,11.5,2,3,0,3.2,0
dbt_model,29.1,15002,1.35,0,0,6.6,16,4,0,2.7,0
dbt_model,23.9,50940,0.59,0,0,17.0,18,4,0,0.1,0
load,34.1,39625,0.08,0,0,-8.0,16,0,1,0.9,0
dbt_model,43.5,77247,0.89,0,0,32.6,17,0,1,2.2,0
dbt_model,35.7,31078,0.1,0,0,-15.2,15,5,0,1.3,0
quality_check,20.6,162110,0.0,0,0,-4.0,14,4,1,2.0,0
extract,25.6,465,0.28,0,0,-5.8,23,5,0,1.1,0
dbt_model,15.5,49216,0.9,1,0,3.4,12,3,1,11.1,0
load,42.8,248695,1.9,0,0,-4.3,21,5,0,0.4,0
dbt_model,31.2,723660,0.62,0,0,-1.9,18,2,2,3.0,0
quality_check,23.3,117141,1.59,0,0,-12.2,10,3,1,2.7,0
dbt_model,44.3,538107,0.11,0,0,-7.9,8,6,0,3.0,0
dbt_model,37.7,47586,0.5,0,0,-40.2,3,6,0,3.5,0
dbt_model,34.3,36482,1.5,0,0,14.4,7,0,0,1.5,0
dbt_model,53.4,84716,0.35,0,0,-18.4,12,0,0,10.2,1
extract,37.9,36130,2.04,0,0,-8.8,15,6,0,5.0,0
dbt_model,24.3,10386,0.04,0,0,-19.1,20,4,0,4.5,0
dbt_model,35.5,15924,4.83,0,0,10.3,3,4,0,4.8,0
load,26.6,6127,2.98,0,1,-9.8,3,0,0,0.1,0
extract,45.1,84575,1.97,0,0,-44.0,15,0,1,2.8,0
load,34.8,36983,0.44,0,0,5.1,0,4,1,3.0,0
dbt_model,34.7,20405,0.05,0,0,-13.5,20,1,1,0.6,0
dbt_model,17.7,14666,0.32,0,0,-0.4,5,5,1,1.1,0
dbt_model,34.2,81478,1.31,0,0,15.0,12,5,1,5.4,0
dbt_model,33.9,126591,0.88,0,0,-17.8,1,6,1,0.9,0
load,19.9,5950,0.13,0,0,-0.9,1,1,0,0.1,0
dbt_model,26.7,4627,0.12,1,0,-13.9,21,2,0,1.7,1
extract,38.8,167245,2.14,0,0,17.8,15,0,1,0.5,0
quality_check,28.4,4023,0.55,0,1,1.4,22,3,0,1.3,0
dbt_model,21.1,87201,0.53,0,0,-0.4,20,3,0,4.1,0
load,34.3,482653,0.73,0,0,-22.3,23,0,0,4.1,0
dbt_model,32.5,484452,3.71,0,0,13.5,4,6,0,0.1,0
extract,36.0,118254,2.42,0,0,15.8,17,4,1,12.2,0
extract,35.0,112881,4.29,0,0,-13.8,14,2,0,2.2,0
dbt_model,34.8,1333145,2.85,0,0,2.8,5,5,0,2.0,0
dbt_model,21.7,866,0.81,0,0,10.6,4,3,0,1.7,0
load,31.6,17275,0.98,0,0,39.9,9,5,0,4.1,0
extract,43.3,141151,1.08,0,0,7.0,19,5,0,2.4,0
load,33.8,21170,0.89,0,0,-0.0,11,5,0,8.5,0
dbt_model,48.5,263984,1.18,0,0,-2.8,6,4,0,3.0,0
extract,42.3,34099,1.26,0,0,-1.7,13,2,0,5.0,0
dbt_model,46.1,44837,1.89,0,0,13.8,15,1,0,2.6,0
extract,43.8,23400,0.77,0,0,-15.9,14,6,0,0.2,0
dbt_model,44.9,15740,1.61,0,0,16.8,14,3,0,1.9,0
dbt_model,20.3,15132,0.81,0,0,-27.7,9,3,2,0.3,0
dbt_model,38.8,56042,3.91,0,0,12.0,8,3,0,1.1,0
dbt_model,41.1,10516,1.34,0,0,17.0,9,3,1,4.5,0
extract,47.5,166896,1.22,0,0,14.5,21,0,1,0.3,0
extract,27.1,103276,0.67,0,0,4.9,10,4,0,2.0,0
extract,41.2,210884,0.21,0,0,7.1,21,0,0,0.9,0
dbt_model,29.8,5965,0.14,0,0,-7.2,7,3,0,0.5,0
extract,44.1,2394,0.22,0,0,-20.2,8,4,0,2.8,0
dbt_model,19.7,36073,2.51,0,0,4.5,8,6,1,1.0,0
dbt_model,33.4,3753055,0.22,0,0,1.2,8,1,2,1.6,0
dbt_model,19.5,275387,2.45,0,0,16.6,7,6,0,5.5,0
dbt_model,32.0,14956,0.66,0,1,-2.5,15,5,0,5.9,1
dbt_model,53.8,71626,1.98,0,1,2.9,23,5,0,0.5,1
dbt_model,33.9,116324,1.08,0,1,5.2,6,3,1,7.3,1
dbt_model,29.3,4066,1.15,0,0,10.3,7,5,0,0.9,0
dbt_model,41.0,324941,1.66,0,0,17.1,7,0,1,5.4,0
dbt_model,30.7,27781,0.49,0,0,-17.2,5,3,0,2.1,0
extract,35.3,31410,0.09,0,0,12.6,0,6,0,3.6,0
dbt_model,35.8,37724,1.27,0,0,-3.3,0,4,0,4.1,0
load,27.8,226673,0.56,0,0,11.6,2,5,0,0.5,0
dbt_model,29.3,10847,1.01,0,0,26.6,3,3,2,8.4,0
extract,34.2,2365,1.41,0,0,-38.0,15,4,0,1.8,0
quality_check,41.5,60884,0.3,0,0,21.9,3,4,0,2.4,0
extract,38.2,1380,0.65,0,0,-2.1,7,5,0,3.4,0
dbt_model,34.4,22431,0.51,0,0,-15.4,11,3,1,1.2,0
extract,38.7,242558,0.1,0,0,-7.9,1,4,0,0.4,0
load,40.6,91724,0.71,0,0,-18.6,11,2,2,1.1,0
load,29.8,192484,1.38,0,0,9.1,22,0,0,1.5,0
dbt_model,28.2,97984,0.01,0,0,-18.6,0,0,0,1.3,0
dbt_model,37.8,1717766,0.62,1,0,21.7,7,4,0,3.3,1
dbt_model,19.1,14169,0.5,0,0,12.5,2,4,2,8.3,0
dbt_model,37.0,68666,1.03,0,0,4.1,5,1,0,3.1,0
dbt_model,40.5,18015,0.17,0,1,-36.7,20,3,1,0.1,0
load,28.5,167859,0.3,0,0,-23.8,12,6,0,0.4,0
quality_check,36.0,32908,1.31,0,0,-1.4,8,5,0,10.4,0
extract,31.4,568156,0.68,1,0,-0.5,19,2,0,6.5,0
dbt_model,21.6,15532,0.87,1,0,16.9,22,3,0,5.8,1
load,54.7,345035,1.14,0,0,-52.4,20,4,1,8.3,0
dbt_model,24.9,93809,0.12,0,0,-13.7,12,5,0,0.3,0
dbt_model,20.6,34477,1.22,0,0,15.1,7,1,1,2.9,0
load,35.7,86500,1.37,0,0,-6.1,12,1,2,7.8,0
dbt_model,35.4,55161,0.77,0,0,-8.4,17,3,1,0.1,0
dbt_model,39.2,64185,1.03,0,0,-29.0,10,6,2,0.9,0
dbt_model,49.7,26082,2.72,0,0,19.1,12,0,0,3.2,0
extract,23.3,11818,2.52,0,0,-8.7,18,5,2,3.1,0
dbt_model,26.1,21245,1.26,0,0,19.7,14,2,0,3.2,0
dbt_model,42.0,2457,1.75,0,1,26.4,18,2,1,1.9,1
load,43.0,139681,2.51,0,0,23.7,10,3,0,1.1,0
dbt_model,36.0,5032,2.02,0,0,-0.6,19,1,2,5.1,1
extract,26.3,25636,1.37,0,0,-8.7,4,4,1,11.5,0
dbt_model,44.2,102423,1.72,0,0,-9.9,16,3,0,5.0,0
load,41.8,139112,1.47,1,0,35.4,19,2,0,0.6,1
dbt_model,29.0,2122,0.98,0,0,-3.8,10,1,0,4.4,0
dbt_model,26.7,31352,0.87,0,0,19.0,13,1,1,1.9,0
quality_check,34.5,75780,2.25,0,0,8.7,14,1,0,0.1,0
dbt_model,47.2,39467,1.84,0,0,-7.4,9,4,1,2.9,0
dbt_model,26.1,311925,0.38,0,0,-4.6,11,2,0,9.7,0
load,22.8,9750,2.07,0,0,21.3,16,0,0,4.3,0
dbt_model,20.9,1368,4.97,0,0,0.6,17,6,0,1.7,0
extract,30.8,132789,0.93,0,0,-8.2,10,5,0,6.3,0
dbt_model,30.6,15377,0.89,0,0,-14.5,21,4,0,3.5,0
load,36.0,2178,0.67,0,0,5.8,20,4,0,0.3,0
dbt_model,36.0,28180,1.6,0,0,-9.3,17,4,0,0.6,1
dbt_model,36.2,260118,0.28,0,0,10.7,3,5,1,2.4,0
dbt_model,31.2,4811,0.15,0,0,45.8,9,6,0,4.1,0
quality_check,44.3,1525135,0.65,0,0,9.3,0,6,0,6.2,0
load,14.8,9503,3.7,0,0,32.5,22,2,0,0.6,0
extract,42.1,41740,1.06,0,0,-12.9,13,2,0,0.2,0
dbt_model,21.4,5163,1.74,0,0,12.3,7,1,2,1.8,0
dbt_model,28.4,38815,1.52,1,0,22.6,6,3,0,0.7,0
extract,34.9,29319,0.45,0,0,24.8,16,2,0,0.1,0
quality_check,27.4,3350,1.4,0,0,23.0,2,4,1,0.2,0
extract,44.5,3339471,0.25,0,0,0.3,8,4,0,13.2,1
dbt_model,32.1,16439,0.08,0,0,16.0,0,4,2,1.8,0
dbt_model,28.3,16462,0.27,0,0,-18.3,17,0,2,0.2,0
extract,48.7,171177,1.16,0,0,28.9,18,4,0,3.9,1
quality_check,43.7,661858,0.57,0,0,-17.1,17,1,1,1.3,0
dbt_model,38.1,220201,0.77,0,0,22.6,23,6,0,6.1,0
dbt_model,35.1,5314,0.72,1,0,18.8,11,0,2,1.6,0
load,26.5,51136,0.71,0,0,18.7,14,3,0,9.9,0
load,46.6,1789,1.64,0,0,37.2,20,2,1,3.2,0
extract,25.0,153695,1.13,1,0,18.9,18,6,0,3.0,0
dbt_model,28.7,2653,4.18,0,0,-23.9,11,0,0,3.0,0
quality_check,27.4,10045,0.75,0,0,10.6,20,4,0,10.7,0
quality_check,29.3,36129,1.2,1,0,-34.0,18,5,0,0.4,1
load,29.4,74014,2.05,0,0,-1.6,19,5,2,2.5,1
dbt_model,24.6,23920,0.04,0,0,-7.6,11,2,0,1.7,0
extract,47.2,412723,0.08,0,0,11.5,7,2,2,1.1,0
load,23.4,115518,1.19,0,0,-14.8,18,1,0,3.8,0
extract,42.9,101880,0.13,1,0,-14.3,0,2,1,1.6,1
extract,34.7,5079,0.48,0,0,9.0,21,2,1,1.7,0
quality_check,33.5,550723,2.99,0,0,21.1,15,6,0,1.5,0
dbt_model,34.8,10047,3.07,0,0,0.0,19,6,0,2.0,0
extract,35.6,585410,0.09,0,0,41.8,22,5,0,1.8,0
dbt_model,28.0,923117,0.71,0,0,-6.2,17,2,0,0.3,0
dbt_model,23.9,82474,0.94,0,0,12.2,21,3,0,7.9,0
dbt_model,41.0,189325,2.45,0,0,6.1,15,3,0,0.8,0
quality_check,29.1,261,2.22,0,0,-6.2,0,3,1,2.2,0
dbt_model,33.9,26582,0.84,0,0,23.6,9,1,2,6.1,0
dbt_model,31.8,211814,0.77,0,0,-16.0,21,1,0,2.1,0
dbt_model,33.1,159407,0.58,0,0,-37.4,5,4,1,1.7,0
dbt_model,25.9,5158,1.34,0,0,-2.3,0,1,0,3.5,0
dbt_model,15.7,22698,0.61,1,0,-4.6,10,0,1,0.3,0
quality_check,25.7,627,0.15,0,0,19.1,12,1,2,0.5,0
dbt_model,38.1,70318,0.78,0,0,-22.5,11,6,0,7.2,0
dbt_model,27.6,1784,0.48,1,0,9.4,20,6,2,2.0,1
dbt_model,51.3,221629,2.95,0,0,7.2,4,0,0,6.5,0
dbt_model,26.5,240953,0.53,0,0,5.8,9,1,0,0.3,0
load,25.0,17000,0.18,0,0,18.8,14,5,2,1.6,0
dbt_model,34.9,83620,3.85,0,0,-0.4,16,3,1,5.4,0
quality_check,33.8,25658,2.83,0,0,0.9,20,1,0,3.8,0
load,15.8,53479,0.53,0,0,8.1,5,4,2,0.3,0
load,34.5,5792,0.4,0,0,-1.8,21,4,1,0.5,1
quality_check,36.2,98320,0.6,0,0,-24.4,23,4,2,3.6,0
quality_check,8.6,2628,1.86,0,0,-7.4,23,2,0,7.0,0
dbt_model,26.1,1943,1.84,1,0,-4.7,1,5,1,0.1,0
quality_check,24.6,29879,0.02,0,0,-10.1,8,1,0,0.9,0
dbt_model,27.6,25900,1.48,0,0,-5.7,15,2,0,2.4,0
quality_check,21.0,56144,0.1,0,0,3.2,6,6,0,2.0,1
extract,34.2,12846,0.63,0,0,-4.9,0,2,1,10.5,0
load,53.3,742001,0.3,0,0,15.4,6,0,0,1.6,0
dbt_model,35.1,46956,0.25,0,0,15.7,1,3,0,7.5,0
dbt_model,13.5,52712,0.98,0,0,-42.8,17,4,1,1.5,0
extract,35.4,49790,1.84,0,0,-25.8,6,4,0,3.2,0
extract,33.3,180711,0.7,0,0,-43.3,15,1,2,0.5,0
load,23.9,91274,1.67,0,0,-4.9,0,6,2,5.4,0
load,36.7,73660,0.92,0,0,-6.0,19,5,1,4.6,0
dbt_model,42.2,117897,1.08,1,0,2.7,4,4,1,4.2,1
extract,21.2,1959,0.41,0,0,15.2,5,5,0,2.2,0
quality_check,12.5,2081,3.1,0,0,-0.8,3,5,2,8.8,0
load,13.9,32154,3.04,0,0,-10.9,1,4,0,1.9,0
dbt_model,25.7,26468,0.86,0,0,-0.1,21,6,0,1.7,0
dbt_model,32.5,91830,0.78,0,0,-8.9,22,2,0,0.4,0
dbt_model,27.7,37497,0.02,0,0,-26.6,0,0,1,2.4,0
quality_check,27.7,92132,0.5,0,1,17.2,6,4,1,2.8,0
dbt_model,33.9,4949,2.59,0,0,7.6,14,1,1,3.8,0
extract,36.4,35696,2.3,0,0,26.1,13,5,1,0.2,0
dbt_model,30.3,4248,0.65,0,0,-22.3,16,0,0,2.3,0
dbt_model,40.7,67438,0.06,0,0,-29.1,21,5,0,3.7,0
quality_check,21.1,1798,2.96,0,0,-16.8,19,6,2,3.9,0
extract,23.4,63404,0.34,0,0,7.2,7,6,0,4.4,0
load,23.5,3461,0.24,0,0,15.5,8,2,1,3.8,0
dbt_model,25.9,19660,3.98,0,0,5.2,8,5,1,1.0,1
load,16.3,152037,0.81,0,0,2.6,4,4,0,1.2,0
load,28.0,52250,2.01,0,0,15.4,13,0,0,7.4,0
extract,37.6,2609,2.04,0,0,-8.3,2,3,2,4.9,0
extract,37.6,12384,2.79,0,0,19.0,2,5,1,0.2,0
quality_check,32.8,3287,0.24,0,0,35.7,3,5,1,6.2,0
dbt_model,28.7,2412,0.58,0,0,-19.1,17,2,0,2.6,0
extract,45.6,43838,0.07,0,0,-4.6,12,2,0,1.4,0
dbt_model,24.3,89007,1.18,0,0,-25.0,7,4,0,0.2,0
load,24.8,73494,4.4,0,0,-17.4,14,0,0,1.5,0
quality_check,44.0,95244,1.11,0,0,7.1,17,5,2,3.6,0
dbt_model,32.5,35629,1.18,0,1,-30.3,18,2,1,0.8,1
dbt_model,25.4,23448,1.84,0,0,-14.0,11,4,0,2.0,0
dbt_model,34.2,6522,0.88,0,0,19.0,19,3,0,0.2,0
quality_check,27.1,17959,0.69,0,0,4.0,7,2,2,1.2,0
extract,21.0,4384,0.96,0,0,13.8,20,2,1,2.0,0
dbt_model,22.1,9393,0.38,0,0,-23.3,4,5,0,7.8,0
extract,35.4,41868,0.4,0,0,1.2,3,1,0,0.9,0
dbt_model,33.8,30076,0.66,0,0,34.0,18,6,0,2.0,0
dbt_model,54.4,4894216,0.77,0,0,-11.9,17,0,1,3.8,0
quality_check,25.9,4216,1.69,0,0,-8.8,21,2,0,2.3,0
load,29.1,29727,0.83,0,0,10.5,1,0,1,3.2,0
extract,41.2,3722,2.84,0,0,-16.2,21,2,0,0.6,0
quality_check,40.0,19526,1.25,0,0,12.9,21,6,1,0.7,0
dbt_model,32.6,20840,2.06,0,0,-32.3,13,3,2,6.5,0
load,20.5,140337,0.34,0,0,-43.7,12,0,1,4.2,0
load,23.7,17686,1.15,0,0,5.7,3,4,1,5.0,0
extract,22.2,26739,4.17,1,0,-17.6,15,2,0,0.2,0
quality_check,31.4,18242,0.04,0,0,-10.2,18,0,1,3.9,0
dbt_model,23.8,3859,0.92,0,0,15.8,14,0,0,1.0,0
extract,44.9,12792,0.65,0,0,11.2,5,3,0,1.1,0
dbt_model,17.0,19710,0.09,0,0,-22.1,13,0,1,0.9,0
load,22.0,40868,0.12,0,0,9.4,3,4,2,0.3,0
dbt_model,36.0,88815,1.04,0,0,-5.4,12,4,1,1.8,0
dbt_model,36.3,24950,1.51,0,0,7.5,21,6,2,0.7,0
dbt_model,8.3,24258,2.86,0,0,-0.4,22,6,0,1.4,0
load,11.8,2313,1.98,0,0,-27.1,17,6,2,0.2,0
dbt_model,31.4,86126,3.94,0,1,-12.8,8,2,0,1.5,0
extract,42.5,11927,0.04,0,0,-43.4,8,1,0,0.2,0
dbt_model,51.3,120018,4.21,0,0,3.3,18,5,1,3.7,0
load,32.2,298433,1.15,0,0,7.1,0,2,0,5.3,0
dbt_model,30.2,26885,1.08,1,0,-12.7,8,5,0,1.8,0
dbt_model,21.9,7063,0.52,0,0,-2.1,13,5,0,5.4,0
dbt_model,37.9,35358,1.4,0,0,-17.5,1,4,0,0.8,0
dbt_model,47.0,63444,3.62,0,0,22.6,19,3,0,3.2,0
dbt_model,42.7,21920,1.25,0,0,-23.1,9,6,0,0.6,0
dbt_model,30.4,14728,0.36,0,0,-5.6,20,3,0,0.2,0
extract,26.3,89469,1.27,0,0,-23.4,3,1,0,3.2,0
dbt_model,33.7,80509,0.88,0,0,4.2,0,0,0,4.8,0
load,43.7,20867,0.46,0,0,18.7,10,0,0,2.6,0
load,24.0,2574,0.96,0,0,-37.4,23,0,0,2.4,0
dbt_model,17.2,75373,0.67,0,0,11.8,1,3,1,7.6,0
dbt_model,26.9,10638,0.37,0,0,29.4,3,4,0,4.2,0
quality_check,30.3,51171,0.06,0,0,2.3,18,3,2,0.4,0
dbt_model,16.3,46251,0.19,0,0,-12.1,2,2,1,4.8,0
dbt_model,29.1,1768,2.37,0,0,-0.7,14,2,0,0.2,0
quality_check,37.0,41345,0.69,0,0,-9.8,1,3,0,4.3,0
quality_check,50.4,82722,0.42,0,0,35.4,0,6,0,1.4,0
dbt_model,22.0,100653,0.94,0,0,15.0,9,5,1,0.1,0
quality_check,39.1,43817,1.35,0,0,16.2,15,0,2,5.4,0
dbt_model,35.4,1535,1.2,0,0,38.8,14,1,0,3.1,0
load,40.5,280219,0.4,0,0,24.2,22,6,2,3.0,0
dbt_model,24.3,70097,5.94,0,0,-2.2,1,6,1,0.1,0
dbt_model,19.3,5295,0.4,0,0,0.5,1,2,0,0.5,0
quality_check,30.9,10296,0.45,1,0,42.5,18,1,0,1.5,1
dbt_model,33.7,52573,0.64,0,0,-13.3,8,5,1,0.4,0
quality_check,29.1,107759,2.78,0,0,-3.1,5,5,0,0.0,0
extract,42.5,16634,1.01,0,0,-18.2,21,2,0,1.3,0
quality_check,30.9,136058,0.25,0,0,-32.7,7,0,2,0.4,0
dbt_model,10.2,2062,0.58,0,0,-15.8,0,3,1,8.8,0
dbt_model,27.3,6850,0.3,1,0,-15.5,0,4,0,3.6,0
extract,30.8,1335,0.65,0,0,-11.3,22,4,2,3.8,0
quality_check,32.8,8639,0.59,0,0,11.0,3,6,0,2.2,0
dbt_model,39.4,405519,0.08,0,0,-0.2,23,3,0,2.5,0
dbt_model,51.4,977236,0.44,0,0,18.2,4,6,0,1.9,0
extract,22.9,52856,1.36,0,0,2.7,9,6,0,0.3,0
load,26.7,13075,2.35,0,0,3.2,1,0,0,5.7,0
dbt_model,45.5,25473,0.54,0,0,-5.2,11,3,0,2.6,1
load,15.8,77446,0.68,0,0,35.0,23,1,2,1.8,0
extract,27.4,2978,2.1,0,1,-7.6,23,0,0,2.8,1
dbt_model,41.7,14530,1.45,0,0,16.5,8,0,2,1.9,0
dbt_model,47.2,360709,3.19,0,0,-21.3,1,5,0,5.0,1
dbt_model,35.3,6814,0.68,0,0,-4.4,16,6,2,1.1,0
quality_check,36.3,10955,0.15,0,0,36.1,7,3,0,0.4,0
load,22.9,37090,0.18,0,0,12.3,20,6,0,1.8,0
quality_check,45.4,57126,0.61,0,0,-25.2,1,4,0,1.3,0
extract,19.7,13359,1.86,0,0,-18.6,2,0,0,12.0,0
dbt_model,22.2,41074,2.03,0,0,28.8,17,2,2,2.8,0
load,37.4,96057,0.39,0,0,1.6,15,4,0,1.9,0
dbt_model,33.3,837622,0.29,0,0,-5.0,15,4,2,1.4,0
load,33.7,29673,2.33,0,0,-14.0,13,4,1,5.8,0
dbt_model,36.0,33993,1.43,0,0,-5.7,20,5,0,3.7,0
extract,52.5,418287,0.13,0,0,25.4,16,4,0,0.6,1
dbt_model,34.6,15083,0.67,0,0,-12.6,4,6,1,0.6,0
quality_check,23.0,4363,1.13,0,1,-10.8,19,4,0,0.9,0
dbt_model,39.0,54197,2.45,0,0,10.8,13,2,0,1.1,0
extract,27.7,203186,0.15,0,0,-18.7,4,1,1,4.5,0
dbt_model,41.5,64710,2.4,0,0,-16.8,17,1,1,3.5,0
load,32.6,31094,0.23,0,0,0.1,16,3,2,2.4,0
load,31.8,3578,0.44,0,0,0.6,6,3,1,3.5,0
quality_check,16.1,33077,1.79,0,0,-14.6,4,0,0,3.5,0
extract,15.4,261201,4.41,0,0,8.5,21,4,1,3.4,0
dbt_model,15.3,5041,0.06,1,0,3.9,20,2,0,7.4,0
quality_check,47.3,24548,3.56,0,0,-35.5,4,3,0,0.8,0
dbt_model,20.8,19536,0.4,0,0,14.0,16,4,0,0.0,0
dbt_model,36.9,11892,1.21,0,0,-10.3,2,6,1,1.5,0
dbt_model,27.2,53996,0.59,0,0,14.5,21,3,0,1.5,0
dbt_model,31.3,73812,1.14,0,0,37.4,6,6,0,6.6,0
dbt_model,33.0,72585,1.31,0,0,-1.2,4,4,0,8.1,0
quality_check,44.3,7609,1.68,0,0,-11.6,19,6,1,1.5,0
extract,32.9,2608,0.01,0,0,24.8,23,2,0,3.6,0
extract,36.4,55260,1.19,0,0,-15.1,17,0,2,0.6,0
dbt_model,42.5,16163,0.53,0,1,34.1,21,1,1,0.6,1
quality_check,31.7,687831,0.79,0,0,-8.3,21,1,1,0.3,0
dbt_model,47.1,740599,3.45,0,0,-11.3,7,2,0,2.8,0
dbt_model,45.9,877738,1.67,0,0,42.6,14,2,2,6.1,0
dbt_model,37.6,8069,0.66,0,0,6.5,16,3,0,1.1,0
extract,32.4,90308,1.08,0,0,29.2,22,6,1,3.6,0
dbt_model,30.7,146316,2.2,0,0,-0.5,12,0,0,6.5,0
extract,26.5,122194,2.8,0,0,-1.8,13,5,1,2.8,0
quality_check,24.0,20598,0.54,0,0,-52.7,19,3,1,1.3,0
quality_check,27.5,281155,0.12,0,0,18.2,22,0,0,3.5,0
dbt_model,35.5,36343,1.38,0,0,6.9,1,5,1,0.1,0
dbt_model,30.5,44576,0.62,0,0,-2.0,20,3,0,1.5,0
dbt_model,31.8,3100,0.16,0,0,10.7,9,4,0,3.7,0
load,38.4,101887,1.21,0,0,0.7,11,6,2,5.3,0
dbt_model,22.0,23940,0.24,1,0,-17.0,10,1,0,2.5,0
quality_check,23.7,76392,0.21,1,0,6.5,0,1,1,4.6,0
dbt_model,30.8,52901,1.92,0,0,-3.4,13,1,0,0.3,0
quality_check,25.8,48508,0.96,0,0,13.3,23,3,0,2.5,0
dbt_model,24.2,33754,0.85,0,1,-5.0,17,6,0,2.7,0
dbt_model,49.7,127843,0.34,0,0,-8.4,11,4,0,0.3,0
load,17.9,26417,1.43,0,0,-9.8,0,4,1,12.7,0
quality_check,46.4,3539,0.92,0,0,-15.9,17,0,0,10.2,0
quality_check,36.4,90249,0.93,0,0,-9.4,16,2,0,0.0,0
load,38.9,9952,0.29,0,0,7.8,10,3,1,8.1,0
dbt_model,36.4,4364,4.09,0,0,-13.5,8,3,1,3.0,0
extract,35.0,7075,1.43,1,0,-21.2,8,6,0,0.1,1
dbt_model,48.0,57144,0.29,0,0,14.2,5,2,1,6.5,0
dbt_model,22.2,31118,0.67,0,0,-2.5,8,0,0,1.0,0
dbt_model,24.9,1197,2.64,0,0,13.8,3,2,1,3.1,0
dbt_model,23.5,19656,2.78,0,0,-4.0,8,4,1,3.1,0
dbt_model,20.2,235807,0.84,0,0,-10.3,22,2,0,9.4,0
dbt_model,25.0,17640,4.29,0,0,-31.4,13,6,0,7.6,0
dbt_model,48.6,27868,1.09,0,0,-20.3,13,5,0,0.7,0
quality_check,33.6,192680,0.63,0,0,-15.7,19,3,0,1.0,0
dbt_model,52.3,129674,0.27,0,0,5.1,21,6,0,8.9,1
dbt_model,53.9,186241,0.75,0,0,-2.0,13,1,0,0.8,0
extract,51.5,430,3.45,0,0,-18.5,8,6,1,15.1,0
dbt_model,54.2,581657,2.83,0,0,-50.1,12,5,0,1.4,0
dbt_model,55.2,100532,2.76,0,0,8.3,20,1,0,2.9,0
dbt_model,42.0,1864236,0.29,0,0,15.8,7,2,1,0.4,0
dbt_model,32.1,10386,1.37,0,1,17.4,23,4,0,6.2,1
extract,30.0,2161,2.54,0,0,-17.4,11,2,0,0.3,0
dbt_model,32.3,36737,2.94,0,0,18.5,17,5,0,0.7,0
dbt_model,32.8,23374,0.93,0,0,10.2,4,1,1,0.3,0
load,40.8,103348,1.29,0,0,10.1,23,6,1,2.9,1
load,31.0,202781,0.04,0,0,-11.0,17,6,1,0.4,0
extract,19.6,31581,2.25,0,0,-2.4,21,0,0,1.2,0
dbt_model,34.8,24707,1.84,0,0,33.0,18,5,1,5.1,0
dbt_model,27.5,83813,2.16,0,0,30.2,10,4,2,2.5,0
dbt_model,26.2,24097,0.14,0,0,-0.9,5,0,0,1.2,0
dbt_model,30.0,21078,4.3,0,0,3.5,19,4,0,8.3,0
quality_check,31.8,190882,0.41,0,0,-39.5,13,2,2,1.5,0
dbt_model,45.7,272568,0.7,0,0,21.7,5,5,1,4.4,0
extract,33.8,205735,1.11,0,0,13.4,6,6,0,1.5,0
dbt_model,42.2,27745,1.43,0,0,6.2,4,0,0,1.7,0
dbt_model,28.1,1183,1.21,0,0,-10.8,23,5,0,2.7,0
dbt_model,31.0,28648,0.45,0,0,1.2,16,6,0,3.2,0
dbt_model,31.6,10799,2.39,0,0,26.4,7,2,0,1.1,0
extract,20.3,29508,0.34,0,0,6.5,5,6,0,4.6,0
load,33.4,12409,0.22,0,0,47.4,20,4,2,3.5,0
extract,39.8,35130,0.86,0,0,14.6,17,3,1,0.0,0
quality_check,38.3,6885,0.19,0,0,-16.5,16,0,0,4.4,1
quality_check,16.5,4679,4.15,0,0,-7.4,1,3,1,4.9,0
dbt_model,22.0,256865,1.45,0,0,-12.8,23,1,1,2.4,0
load,24.7,7696,0.44,0,0,15.4,10,2,0,3.2,0
extract,44.7,36334,0.48,0,0,20.8,17,6,2,1.9,0
dbt_model,36.9,167246,2.21,0,0,30.9,4,0,0,3.2,0
dbt_model,27.8,156825,0.46,0,0,-6.0,14,3,1,10.1,0
dbt_model,21.4,129541,0.94,0,0,8.4,2,6,0,4.0,0
dbt_model,26.9,58958,2.48,0,0,23.0,11,0,0,1.9,0
load,27.5,115659,0.86,0,0,27.9,5,1,0,0.0,0
dbt_model,44.5,326746,0.89,0,0,-22.1,11,3,0,0.6,0
dbt_model,42.5,71684,0.45,0,0,11.2,20,3,1,12.8,0
load,17.7,1920,1.08,0,0,-21.5,0,3,0,1.8,0
quality_check,37.5,15589,1.08,0,0,-10.8,11,1,1,1.8,0
quality_check,40.0,110657,4.73,0,0,-23.5,23,6,0,7.0,0
dbt_model,19.9,13315,1.8,0,0,-11.2,23,0,2,11.2,0
dbt_model,36.0,485128,1.54,0,0,-26.1,13,0,0,0.4,0
dbt_model,35.1,32823,0.1,0,0,-21.3,15,1,2,0.4,0
quality_check,33.9,41622,1.45,0,0,-16.3,14,5,0,4.5,0
dbt_model,20.0,219606,0.28,0,0,5.5,10,0,1,5.1,0
load,32.9,27104,1.22,1,1,0.6,4,5,1,3.3,1
dbt_model,38.5,48148,0.07,0,0,-29.6,19,2,0,0.8,0
dbt_model,49.0,153061,0.16,0,0,49.3,10,5,1,1.7,1
dbt_model,22.1,3443,2.64,0,0,-8.8,20,1,0,0.3,0
dbt_model,26.5,23006,0.79,0,0,-23.9,5,5,0,1.1,0
quality_check,32.7,136850,0.92,0,0,10.5,4,0,1,2.9,0
load,35.0,40334,2.39,0,0,-0.1,5,4,0,3.6,0
quality_check,37.2,379926,2.06,0,0,-14.6,15,0,1,1.8,0
dbt_model,33.3,2917,1.29,1,0,7.0,13,2,1,4.8,0
dbt_model,17.4,2430,0.63,0,0,-12.1,15,4,1,0.2,1
load,38.0,124429,1.19,0,0,-5.3,5,0,2,0.5,0
dbt_model,28.0,145116,1.94,0,0,26.4,8,6,1,6.1,0
extract,30.4,26656,3.37,0,0,2.2,15,6,1,4.7,0
quality_check,48.7,68915,1.6,0,0,11.1,12,4,2,1.2,0
dbt_model,21.7,119650,0.11,0,0,-9.4,9,1,2,13.8,0
extract,27.5,9875,2.88,0,0,2.8,7,4,0,4.8,0
quality_check,18.8,11719,0.01,0,0,-13.9,9,2,1,2.3,1
dbt_model,34.1,49195,2.11,0,0,-14.7,6,4,2,1.1,0
dbt_model,44.2,154282,0.95,0,0,-7.4,16,1,2,0.8,0
load,30.5,5622,1.61,0,0,-12.5,3,4,0,17.9,0
dbt_model,30.6,26457,0.18,0,0,18.7,16,2,2,3.4,0
dbt_model,43.5,24568,0.89,0,0,10.4,1,4,2,2.3,0
dbt_model,36.4,70879,0.82,0,0,-41.3,9,2,1,3.0,0
dbt_model,39.6,35813,0.66,0,0,31.0,11,1,0,5.2,0
extract,37.2,15162,0.72,0,0,11.5,22,2,1,1.2,0
load,9.8,267722,1.88,1,0,20.6,15,6,0,6.9,1
dbt_model,30.1,15324,1.65,0,0,-3.1,7,2,0,0.6,0
dbt_model,21.7,22757,0.41,0,0,-26.9,8,4,0,1.3,0
dbt_model,20.4,2845,0.62,0,0,-23.8,17,4,2,1.3,0
dbt_model,43.5,11593,0.95,0,0,30.7,20,4,0,0.4,0
dbt_model,30.3,82927,0.55,0,0,-29.3,19,6,1,2.8,0
quality_check,50.2,60655,5.63,0,0,-26.0,21,0,0,3.7,0
dbt_model,21.2,94771,0.37,0,0,-7.8,5,3,2,3.4,1
extract,24.0,87690,0.62,0,0,-24.9,11,6,2,8.2,1
dbt_model,44.9,1025142,2.14,0,0,9.6,11,6,0,2.9,0
extract,27.1,10975,5.22,0,0,11.0,10,3,0,0.5,0
load,30.5,2721,0.67,0,0,7.4,0,0,0,2.6,0
dbt_model,28.3,6762,0.82,0,0,-11.1,5,2,1,4.9,0
dbt_model,29.0,11779,2.25,0,0,5.2,7,2,0,1.7,0
extract,26.8,7639,0.0,0,0,32.1,9,2,0,2.4,0
dbt_model,34.1,42186,0.24,0,0,-25.8,6,0,2,3.2,0
load,41.5,269479,2.24,0,0,20.1,8,6,1,2.8,0
dbt_model,51.0,426537,0.35,0,1,14.5,18,4,1,2.6,1
dbt_model,31.8,81380,0.9,0,0,-1.9,7,2,1,1.8,0
dbt_model,34.6,1116864,4.79,0,0,3.0,5,6,1,3.0,0
extract,26.5,20533,0.26,0,0,6.4,11,5,0,5.9,0
quality_check,40.9,2665,0.44,0,0,-17.6,0,1,0,0.0,0
extract,41.4,195846,4.19,0,0,-29.4,5,1,0,1.6,0
dbt_model,10.0,1916,2.94,0,0,16.3,0,5,0,1.7,1
dbt_model,12.7,10850,0.68,0,0,-22.4,1,6,0,0.6,1
extract,26.2,83464,0.73,0,0,-19.7,18,5,2,1.0,0
dbt_model,34.0,30828,0.22,0,0,-9.3,0,5,1,10.3,0
load,31.4,26754,1.76,0,0,5.1,3,0,0,1.8,1
extract,33.6,5490,0.09,0,0,-9.0,4,1,0,5.0,0
quality_check,30.6,35693,3.75,0,0,-13.0,15,3,0,8.3,0
dbt_model,47.6,180929,0.63,0,0,17.1,7,4,1,1.4,0
quality_check,39.2,37494,0.09,0,0,-6.0,4,0,1,0.6,0
extract,30.6,9620,1.54,0,0,-14.4,17,0,0,3.5,0
load,39.1,4934,1.96,0,0,7.1,5,2,0,2.4,0
extract,15.1,9943,0.66,0,0,1.1,22,4,0,2.1,0
load,32.6,68032,1.28,0,0,0.5,19,5,0,0.8,0
dbt_model,34.4,62929,0.97,0,0,8.0,21,5,0,0.5,0
dbt_model,35.4,10088,2.44,0,0,-2.5,16,2,0,0.1,1
extract,10.7,1056,0.8,0,0,15.2,6,2,0,0.7,0
dbt_model,31.1,71112,3.62,0,0,-25.7,15,6,0,0.5,0
extract,33.3,8635,1.87,0,0,22.3,18,1,1,4.6,0
dbt_model,38.5,109370,1.07,0,0,-16.4,22,5,2,4.6,0
quality_check,40.8,10831,0.38,0,0,-29.5,1,0,1,1.0,0
dbt_model,36.3,7475,0.29,0,0,-14.2,20,1,2,0.5,0
dbt_model,32.1,46400,2.29,0,0,-6.3,19,1,1,2.8,0
dbt_model,44.9,1579026,0.33,0,0,-13.2,20,2,0,0.3,1
dbt_model,32.5,120384,0.8,0,0,-17.4,4,0,0,0.2,0
extract,33.9,45159,0.43,1,0,18.2,3,4,0,3.9,1
dbt_model,40.4,64483,0.66,0,1,-15.7,15,3,0,2.2,0
dbt_model,27.0,2204,0.03,0,0,-40.6,3,4,0,3.3,0
dbt_model,32.4,6028,0.29,0,0,-6.3,4,5,1,3.1,0
quality_check,33.9,653,1.31,0,0,36.8,23,3,0,5.0,0
quality_check,43.5,578271,1.64,0,0,-19.2,21,3,0,0.5,0
quality_check,47.6,418242,2.7,0,0,-16.2,13,2,1,1.3,1
dbt_model,54.3,68084,0.34,0,0,-7.3,15,4,1,1.1,0
dbt_model,38.9,45079,0.11,0,0,27.8,13,6,0,1.9,0
load,23.8,3033,0.24,0,0,-6.5,17,1,0,0.8,0
dbt_model,36.2,25568,0.85,0,0,-18.4,12,0,0,1.9,0
dbt_model,41.4,639106,0.24,0,0,6.5,14,5,1,2.8,0
dbt_model,38.1,44813,0.77,0,0,5.2,17,4,0,4.5,0
quality_check,44.1,14714,1.97,0,0,8.8,19,4,0,4.0,0
dbt_model,12.2,2180,2.34,0,0,-19.1,14,0,0,3.7,0
quality_check,49.7,330542,1.28,0,0,-10.2,17,3,2,1.4,1
load,48.7,32463,0.91,1,0,20.3,3,3,0,12.5,1
dbt_model,32.5,2184,0.81,0,0,7.4,1,5,1,0.6,1
load,35.0,8276,1.04,0,0,14.6,2,1,0,14.5,0
dbt_model,26.5,4702,0.76,0,0,-1.0,17,4,0,5.2,1
load,31.9,29413,0.02,0,0,19.0,7,0,2,4.3,0
dbt_model,39.1,50601,0.75,0,0,5.3,18,5,0,3.4,0
load,36.5,16233,0.38,0,0,-9.4,20,0,1,2.3,1
dbt_model,40.9,125903,0.02,0,0,13.4,16,3,0,0.1,0
load,38.1,41195,0.31,0,0,-15.8,9,6,0,3.5,0
extract,43.3,198729,1.13,0,0,27.8,2,2,0,1.2,0
dbt_model,38.3,20506,0.0,0,0,18.1,20,0,0,0.2,0
load,31.5,4744615,0.12,0,1,-5.3,8,4,0,0.2,0
extract,38.2,14717,0.45,0,0,-3.3,13,2,1,0.2,0
dbt_model,46.5,8558,1.0,0,0,2.4,17,4,0,0.3,0
extract,29.1,7029,0.96,0,0,-3.1,22,3,0,1.0,0
dbt_model,45.1,25912,0.86,0,0,23.7,12,2,0,3.2,1
dbt_model,19.2,2318,1.19,0,0,-9.7,21,0,0,2.1,0
dbt_model,32.8,58180,0.02,0,0,-27.0,17,2,0,3.1,0
dbt_model,21.2,1722,0.13,0,0,-4.7,9,6,1,4.9,0
extract,45.1,47036,2.85,0,0,13.5,8,6,0,5.3,0
dbt_model,43.2,4179,0.38,0,1,18.3,13,0,2,0.1,0
load,30.3,19730,1.63,0,0,2.0,17,1,0,1.0,0
load,44.5,95536,0.07,0,0,-11.4,17,6,0,3.8,0
dbt_model,53.5,1449110,0.62,0,0,-0.8,17,5,2,2.2,0
dbt_model,28.9,6471,0.75,0,0,-11.8,1,0,0,1.7,0
extract,33.0,28552,1.21,0,0,-41.5,10,2,0,6.0,1
load,36.8,11407,2.37,0,0,-15.3,3,2,0,3.5,0
quality_check,22.2,9029,0.63,0,0,9.2,0,6,0,1.6,0
quality_check,31.2,11568,0.2,0,0,-4.9,17,5,0,8.5,0
dbt_model,53.8,135741,0.76,0,0,-5.6,23,5,2,7.2,0
dbt_model,26.4,16632,0.06,0,0,19.9,21,0,0,0.7,0
extract,46.2,1327622,1.93,0,0,-17.4,20,4,0,4.0,0
quality_check,38.1,70655,0.73,0,0,-15.6,7,5,0,6.3,0
dbt_model,28.0,7215,0.13,1,0,6.0,3,2,1,2.0,0
dbt_model,33.2,20196,0.35,0,0,-12.8,9,3,0,5.2,0
quality_check,45.8,10067,1.28,0,0,-12.9,10,1,0,1.6,0
dbt_model,39.4,130628,1.15,0,0,27.9,20,3,0,4.1,0
dbt_model,34.1,2638,0.17,0,0,-19.3,7,2,0,3.5,0
dbt_model,42.9,4249,0.07,0,0,-13.2,6,1,2,3.4,0
extract,28.0,14094,2.0,0,0,7.9,23,6,0,0.1,0
load,24.7,108305,0.01,0,0,-0.9,22,1,1,1.3,0
dbt_model,51.6,261162,0.53,0,0,-24.7,17,1,2,1.2,0
dbt_model,37.3,330667,0.49,0,0,32.1,3,5,1,7.6,0
quality_check,41.8,84768,0.49,0,0,-14.3,13,1,0,1.7,0
dbt_model,25.1,31804,0.38,0,0,-4.4,6,0,2,8.1,0
dbt_model,37.9,129495,1.12,0,0,7.9,3,4,1,2.7,0
quality_check,19.2,5818,2.17,0,0,38.9,0,2,0,0.2,0
dbt_model,27.7,1897,1.08,0,0,-7.4,7,4,2,1.8,1
dbt_model,27.6,73029,0.68,0,0,-16.5,2,2,1,3.0,0
extract,21.5,7265,1.58,0,0,9.0,2,0,0,0.2,0
dbt_model,29.3,32712,0.35,0,0,37.6,6,1,1,0.8,0
dbt_model,11.9,43976,0.5,0,0,2.4,11,2,0,0.0,0
dbt_model,22.5,54013,0.76,0,1,-5.1,15,2,0,3.0,0
extract,41.9,162830,2.35,0,0,7.0,20,4,1,5.7,0
extract,37.7,137491,0.07,0,0,-37.4,4,0,1,4.4,0
quality_check,23.1,49612,0.2,0,0,-11.1,18,4,0,0.9,0
quality_check,35.9,17903,0.83,0,0,-32.9,22,1,0,3.2,0
quality_check,24.6,43149,0.08,0,0,-6.5,18,4,0,1.9,0
dbt_model,37.1,13989,1.15,0,0,-9.2,8,3,0,4.0,0
load,30.7,26521,0.07,0,0,-47.5,7,1,0,0.0,0
dbt_model,36.6,2395439,0.49,0,0,3.2,12,3,2,3.1,0
dbt_model,31.9,48606,1.6,0,0,11.1,19,6,1,1.5,0
extract,56.5,74637,1.15,0,0,-3.5,15,6,0,1.3,0
load,23.5,11745,1.3,0,0,-27.5,10,5,0,0.4,0
dbt_model,37.1,185742,1.92,0,0,22.8,3,3,2,3.7,0
quality_check,41.4,122569,1.7,0,0,34.1,16,5,2,0.9,0
dbt_model,25.7,123966,2.13,0,0,7.2,16,3,1,4.1,0
quality_check,18.5,51216,1.34,0,1,-6.4,12,2,0,2.7,0
dbt_model,29.7,189985,0.19,0,0,-6.1,2,0,0,1.2,0
extract,42.6,277811,0.29,0,0,7.8,10,3,1,11.3,0
dbt_model,29.9,57122,1.5,0,0,1.6,19,5,1,0.1,0
quality_check,29.8,30230,2.79,0,1,7.8,22,6,0,11.0,1
dbt_model,42.9,151951,0.65,0,0,8.1,11,3,0,1.0,0
dbt_model,22.5,8547,0.97,0,0,-13.3,20,4,0,4.7,0
dbt_model,29.4,11513,2.18,0,0,-14.8,2,5,0,4.2,0
dbt_model,18.5,33346,1.49,0,0,-5.0,1,1,0,8.4,0
extract,30.3,2239,1.84,0,0,8.4,16,1,0,1.8,1
dbt_model,36.6,136509,0.21,0,0,-28.1,23,3,0,1.9,0
quality_check,36.7,7780,0.15,0,0,-4.1,1,4,0,0.9,0
quality_check,20.6,17079,2.9,0,0,-0.6,3,0,0,2.0,0
load,29.9,25816,0.45,0,0,-8.8,23,5,0,1.2,0
extract,20.8,38671,0.29,1,0,25.2,22,3,2,0.5,1
dbt_model,29.1,20955,0.08,0,0,22.2,10,2,0,4.7,1
dbt_model,45.4,32604,0.1,0,0,7.5,1,3,0,2.4,0
load,29.2,33010,1.08,0,0,31.9,9,3,2,4.5,0
dbt_model,18.7,17760,4.12,0,0,15.8,16,5,0,0.9,0
extract,24.0,10539,0.55,0,0,2.4,7,0,2,2.7,0
quality_check,20.7,204916,2.29,0,0,-8.6,7,5,1,2.5,0
extract,14.7,1252,2.22,0,1,-7.1,10,1,0,1.7,0
dbt_model,37.7,26130,0.6,1,0,6.8,10,6,0,5.4,1
quality_check,17.9,17150,0.67,0,0,-6.7,18,1,0,8.3,0
dbt_model,36.2,70973,0.73,0,0,-27.3,11,2,0,0.8,0
quality_check,28.4,3544,2.96,0,0,-6.9,12,2,2,0.7,1
dbt_model,26.1,16323,0.36,0,0,18.5,9,1,1,0.7,0
load,34.0,30829,0.12,0,0,-46.3,15,0,0,0.9,0
dbt_model,26.8,201212,0.32,0,0,25.3,16,0,1,2.2,0
extract,40.7,61789,1.16,0,0,10.3,1,5,2,2.8,1
extract,22.7,5466,1.21,0,0,-4.2,0,0,1,9.7,0
quality_check,27.4,16647,1.92,0,0,5.2,20,5,1,2.3,0
extract,30.2,149893,1.05,0,0,17.3,1,0,1,0.3,0
dbt_model,35.1,5317,0.02,0,0,0.6,12,6,0,5.1,0
extract,36.9,32021,3.78,0,0,17.1,20,1,0,9.2,0
dbt_model,8.6,35789,5.07,0,0,15.3,12,6,0,0.6,0
dbt_model,33.5,19589,0.83,0,0,3.2,2,3,0,1.7,0
dbt_model,24.0,2712016,0.49,0,0,-20.0,6,3,0,2.4,0
dbt_model,28.0,18762,0.15,0,0,-1.8,3,3,1,8.5,0
load,32.5,74579,0.06,1,0,-36.7,1,5,1,10.1,1
extract,26.9,10656,0.14,0,0,8.0,8,1,0,3.2,0
extract,38.2,84490,3.1,0,0,-7.6,8,3,0,1.1,0
dbt_model,41.1,146277,3.77,0,0,-11.1,15,1,0,1.3,0
quality_check,23.6,14175,0.29,0,0,11.8,19,5,2,1.9,0
dbt_model,24.8,33272,0.38,0,0,-22.9,13,6,0,1.0,0
dbt_model,29.4,8669,1.27,0,0,2.0,13,3,0,6.8,0
extract,15.2,5819,0.87,0,0,-6.1,19,4,0,0.3,0
quality_check,30.8,190779,4.79,0,0,-3.2,6,5,1,3.3,0
extract,42.8,14966,0.95,1,0,5.1,11,2,2,4.7,1
quality_check,12.0,763,0.47,0,0,32.8,14,1,1,2.6,0
extract,34.1,612050,3.46,0,0,7.2,19,6,0,1.7,0
load,24.7,10063,0.12,0,0,24.4,8,4,0,2.3,0
dbt_model,49.6,24484,0.15,0,0,25.1,12,0,2,0.2,0
dbt_model,32.0,501545,0.42,0,0,13.9,5,4,1,1.4,0
dbt_model,27.5,28946,0.98,0,0,-33.2,7,3,0,0.8,0
extract,22.5,27963,4.65,0,0,-4.3,17,1,2,0.6,0
extract,28.9,5089,1.31,0,0,-19.6,20,5,0,0.9,0
dbt_model,30.1,2655,0.3,0,0,51.5,4,4,2,0.7,0
dbt_model,23.8,27827,1.83,0,0,-18.1,23,3,0,5.3,0
dbt_model,42.1,64893,0.38,0,0,-27.0,14,2,0,1.1,0
quality_check,35.5,59209,0.75,1,0,-49.9,23,1,0,1.8,1
extract,38.6,16814,2.41,0,0,-18.7,17,4,1,0.6,0
dbt_model,29.3,37511,0.0,0,0,2.2,3,5,1,5.1,0
dbt_model,29.3,1920,1.91,0,0,19.6,1,4,1,0.5,0
dbt_model,31.6,75831,1.1,0,0,-19.3,21,0,2,3.1,0
dbt_model,45.8,47016,1.05,0,1,21.1,16,4,1,0.8,1
extract,38.8,854146,1.58,0,0,-1.1,20,3,1,0.5,0
extract,32.3,36752,0.44,1,0,-8.7,0,4,2,3.3,1
load,25.5,8036,0.09,0,0,3.1,3,2,0,2.4,0
extract,27.5,33484,0.03,0,0,25.5,19,2,0,7.6,1
quality_check,33.5,21493,2.72,0,0,0.9,20,3,2,0.9,0
load,40.8,72804,1.55,0,0,-19.9,6,4,1,0.9,0
dbt_model,26.2,37912,0.45,0,1,7.6,23,5,1,6.6,1
dbt_model,29.9,4837,0.67,0,1,7.3,3,6,0,7.7,0
quality_check,29.4,2651,2.2,0,0,-3.4,7,1,0,9.7,0
load,36.2,55306,0.38,0,0,18.4,3,0,1,2.5,0
extract,20.7,332030,0.58,0,0,-41.2,13,5,1,8.6,0
load,24.1,41231,1.4,0,0,6.4,10,5,0,7.2,0
load,22.2,133422,0.52,0,0,14.1,14,1,0,10.2,0
extract,35.4,183596,0.59,0,1,-26.1,6,0,0,2.9,0
extract,24.9,55651,3.34,0,1,-26.7,12,0,0,1.7,0
quality_check,25.5,9865,0.48,0,0,18.0,11,3,1,2.6,0
extract,22.0,49637,0.72,0,0,21.1,6,1,0,1.7,0
dbt_model,32.0,250525,1.06,0,0,24.5,20,1,0,5.3,0
extract,23.6,84780,0.18,1,0,-12.5,20,5,0,6.4,1
quality_check,41.1,120233,1.69,0,0,3.6,2,5,0,3.0,0
dbt_model,35.3,17325,0.1,0,0,6.0,7,3,1,0.3,0
extract,33.0,26271,1.22,0,0,-30.7,6,0,0,1.4,0
extract,29.2,30032,0.1,0,0,2.8,6,0,1,2.1,1
dbt_model,13.8,33451,3.6,0,0,2.5,2,4,0,4.8,0
dbt_model,31.4,235327,4.48,0,0,13.4,9,2,0,4.5,0
extract,18.9,849,2.23,0,0,-10.3,15,2,1,5.8,0
quality_check,34.6,38133,0.37,0,0,22.5,8,5,0,1.5,0
dbt_model,37.6,31978,1.59,0,0,1.4,14,1,0,1.7,0
dbt_model,31.3,4046,1.77,0,0,30.8,1,6,1,4.9,0
load,45.5,106385,0.8,0,0,13.4,20,6,0,1.0,0
dbt_model,25.1,11393,0.71,0,0,5.0,12,4,2,2.6,0
quality_check,25.8,20511,0.22,0,0,-21.3,17,2,0,2.9,0
dbt_model,46.7,699451,2.08,0,0,-23.8,11,6,0,0.0,0
quality_check,36.5,182765,0.87,0,0,28.8,16,1,0,7.2,0
dbt_model,31.6,91051,1.26,0,0,15.8,13,6,0,8.3,0
load,49.9,66785,0.25,0,0,-5.1,3,3,0,4.9,0
dbt_model,37.0,27903,0.09,0,0,-7.5,5,6,1,2.6,0
quality_check,36.1,890023,0.0,0,1,4.0,19,2,0,0.5,1
dbt_model,28.3,131067,2.17,0,0,-24.2,8,5,0,1.0,0
extract,42.1,10945,2.46,1,0,-8.4,0,5,0,8.8,0
extract,30.2,3865,1.69,0,0,11.0,12,2,0,0.3,0
load,34.0,89943,1.76,0,0,13.4,17,0,1,4.8,0
quality_check,38.2,33210,1.95,0,0,-6.6,20,2,0,4.6,0
dbt_model,36.2,3691,1.61,0,0,28.8,19,4,1,1.8,0
quality_check,38.4,72094,1.17,0,0,18.8,22,5,0,1.1,0
extract,39.4,23613,2.09,0,0,-13.8,5,2,0,2.9,0
extract,37.8,84885,1.16,0,1,-23.0,17,6,0,2.5,0
dbt_model,38.5,73628,1.36,0,0,10.7,7,5,0,0.9,0
dbt_model,24.0,13722,0.04,0,0,-8.1,21,0,0,0.3,0
load,50.3,99962,0.21,0,0,-11.5,5,2,2,3.1,1
quality_check,19.8,16372,0.14,0,0,4.0,17,3,0,1.4,0
dbt_model,33.8,18167,1.6,0,0,12.9,19,0,2,0.3,0
quality_check,18.7,15496,2.36,0,0,14.3,14,1,1,0.7,1
dbt_model,34.5,221806,0.05,0,0,1.0,10,5,0,21.1,0
quality_check,26.3,23180,0.02,1,0,-41.3,11,5,0,0.0,0
dbt_model,37.3,326409,3.66,0,0,17.2,8,0,0,2.0,0
extract,40.3,630063,3.02,0,0,-14.5,2,4,1,1.6,0
extract,21.6,11137,0.42,1,0,5.6,12,3,2,1.4,1
load,23.9,339,0.52,0,0,-2.2,14,5,0,7.0,0
extract,47.7,193148,0.82,0,0,40.4,17,5,0,0.2,0
load,19.5,21011,1.08,0,0,37.0,1,6,0,0.6,0
quality_check,22.1,9082,3.56,0,0,-8.3,15,6,0,0.8,0
extract,38.4,14158,0.18,0,0,-24.2,6,5,1,3.1,0
load,31.8,18700,0.52,0,0,-22.8,16,1,0,2.3,0
extract,37.2,289383,1.92,0,0,4.9,11,1,0,5.3,0
extract,41.9,46903,2.31,0,0,-9.7,22,5,0,1.0,0
dbt_model,28.7,283157,0.1,0,0,-20.0,2,4,2,3.3,0
dbt_model,28.9,80077,0.87,0,0,-9.4,6,5,2,3.0,0
dbt_model,25.6,22141,0.69,0,0,8.1,17,1,0,3.6,0
dbt_model,28.0,19446,0.77,0,0,-1.4,4,6,0,7.0,0
dbt_model,45.9,89194,0.86,0,0,-8.7,6,1,0,5.1,0
extract,19.2,134952,0.07,0,0,-6.4,15,5,2,8.4,0
dbt_model,24.3,178951,0.52,0,0,-2.9,12,2,1,5.3,0
dbt_model,19.2,23897,0.02,0,0,4.0,3,0,0,1.2,0
dbt_model,45.3,48065,0.77,0,0,5.1,7,5,0,2.9,0
quality_check,28.3,92453,0.94,1,0,-29.7,15,6,0,6.3,0
dbt_model,28.2,19646,1.64,0,0,3.0,1,6,1,5.1,0
dbt_model,14.6,5908,0.94,0,0,-6.5,22,0,2,2.8,1
quality_check,27.6,9996,2.33,0,0,-18.2,9,3,0,0.2,0
dbt_model,39.4,24694,0.48,0,0,-6.7,11,2,0,0.7,0
dbt_model,36.4,104770,0.22,0,0,20.8,15,2,0,3.0,0
dbt_model,34.8,272219,0.3,0,0,14.6,5,2,1,1.1,0
dbt_model,14.4,4147,0.93,0,0,1.7,13,0,0,1.8,0
extract,27.6,13964,0.3,1,0,-16.1,23,3,0,1.1,0
dbt_model,32.6,20484,2.35,0,0,-24.5,23,0,1,4.7,0
extract,25.5,129514,3.95,0,0,-17.0,9,1,0,3.4,0
dbt_model,36.7,15599,0.4,0,0,0.2,23,5,0,2.6,0
load,39.0,18259,4.14,0,0,0.6,2,0,1,0.6,0
dbt_model,23.6,3792,0.93,0,0,-11.7,21,4,0,0.3,0
quality_check,40.1,78704,0.33,0,0,15.8,9,5,0,1.4,0
dbt_model,30.8,28050,0.29,0,0,6.9,7,6,1,3.6,0
load,40.7,12753,0.86,0,0,-47.7,2,4,2,0.1,0
quality_check,49.8,23975,0.6,0,0,2.0,14,6,0,3.7,0
load,25.5,220398,4.56,0,0,13.6,1,3,0,1.3,0
quality_check,36.4,7274,1.03,0,0,3.6,17,6,0,5.4,0
dbt_model,41.6,9445,0.78,0,0,10.5,1,5,0,3.7,0
dbt_model,27.0,269306,0.46,0,0,-4.7,12,6,2,1.0,0
load,27.3,40996,2.41,0,0,-1.2,10,6,1,1.7,0
load,28.8,106043,2.99,0,0,-0.8,23,4,1,2.8,1
dbt_model,32.2,69064,1.44,0,0,3.3,11,1,0,10.4,0
extract,28.9,34319,2.3,0,0,-10.4,7,0,0,2.6,0
extract,29.5,20800,0.74,0,1,19.7,17,2,0,0.6,0
dbt_model,42.1,137378,1.33,0,0,25.6,20,2,2,2.2,0
extract,18.4,233220,1.83,0,0,-9.6,13,6,0,1.9,0
dbt_model,26.5,205808,0.64,0,0,-21.0,18,0,0,4.5,0
extract,35.0,5449,5.23,0,0,-24.2,20,3,1,1.2,1
load,40.8,292979,0.83,0,0,7.3,11,6,0,1.7,0
extract,21.7,20482,0.34,0,0,10.6,20,1,0,5.7,0
dbt_model,35.2,10850,0.96,0,0,7.4,19,4,0,4.2,0
dbt_model,43.7,27696,1.17,0,0,8.9,4,1,1,10.2,0
dbt_model,34.1,137283,2.95,0,0,-10.2,10,2,0,0.6,0
quality_check,24.7,86227,1.0,0,0,-35.8,0,6,2,0.0,0
load,39.4,24134,0.21,0,0,-9.0,18,4,0,5.7,0
quality_check,50.1,138727,0.26,0,0,29.8,16,3,0,0.3,1
load,24.7,45423,1.6,0,0,4.8,0,6,2,6.9,0
dbt_model,31.0,14519,0.49,0,0,7.6,0,6,0,0.7,0
quality_check,40.1,11697,0.56,0,1,16.3,14,1,0,3.0,0
extract,34.4,70008,1.05,0,0,-15.1,9,4,0,4.0,0
load,16.3,31823,0.51,0,0,4.0,1,4,0,0.8,0
quality_check,32.4,4020,0.11,0,0,9.2,1,3,1,2.1,0
dbt_model,25.8,140851,0.02,0,0,-16.8,20,1,0,2.1,0
dbt_model,19.5,16840,0.15,0,0,6.5,11,6,1,2.5,0
dbt_model,21.1,463884,1.38,0,0,23.3,18,1,0,4.7,0
extract,39.1,3847,1.91,0,0,-7.2,10,2,2,0.4,0
quality_check,24.2,27197,1.37,0,0,-31.0,22,1,0,1.4,0
dbt_model,33.3,11849,0.56,0,0,3.1,20,5,2,0.2,0
extract,34.7,7626,0.27,0,0,-11.8,21,0,0,1.4,0
dbt_model,32.3,16666,0.56,1,0,3.3,15,3,0,3.9,0
load,39.8,617175,0.71,0,0,-15.2,0,5,1,2.9,0
dbt_model,36.1,45678,0.46,0,0,1.1,9,6,0,1.7,0
dbt_model,31.3,10231,2.47,0,0,22.1,2,1,1,3.0,0
quality_check,20.3,1947,1.56,0,0,-0.5,12,3,0,0.2,0
extract,19.8,2311,0.76,0,0,-29.7,11,3,1,1.1,0
quality_check,29.8,15392,0.06,0,0,6.8,13,2,1,2.7,0
dbt_model,29.3,13175,0.68,0,0,0.4,22,5,0,1.7,0
quality_check,35.5,25374,2.81,0,0,3.8,5,5,0,0.3,0
dbt_model,35.8,957,1.38,0,0,17.5,20,0,2,0.8,0
extract,35.1,31360,0.82,0,0,-9.5,18,6,1,4.8,0
quality_check,27.8,188032,2.58,0,0,-5.2,10,2,0,0.6,0
quality_check,17.1,487256,0.9,0,0,-18.5,11,5,0,0.1,0
load,20.1,1752,0.51,0,0,3.5,9,5,1,1.9,0
quality_check,17.9,10074,0.15,0,0,3.0,15,3,0,3.3,0
dbt_model,23.3,9257,0.05,0,1,-4.7,18,4,1,5.0,0
dbt_model,34.8,45851,0.44,0,0,13.4,0,3,1,4.6,0
dbt_model,29.6,5158,0.34,0,0,-18.7,23,5,1,2.2,0
dbt_model,53.6,535856,0.11,0,0,2.3,2,1,0,0.5,0
dbt_model,36.7,38934,0.95,0,0,10.8,3,4,0,1.9,0
dbt_model,49.1,29820,2.66,0,0,-9.8,14,0,2,10.7,0
dbt_model,43.1,464325,1.64,0,0,-24.7,2,5,1,1.0,0
dbt_model,42.0,35394,0.13,0,0,-30.5,17,6,1,4.1,0
dbt_model,30.1,68905,0.05,0,0,2.8,5,5,0,2.5,0
extract,20.5,10924,1.13,0,0,30.5,7,5,0,3.4,0
extract,24.4,4052,1.57,0,0,-11.0,14,5,0,8.2,0
dbt_model,30.4,13676,1.84,0,0,8.1,22,4,0,0.8,0
dbt_model,32.7,1201596,0.76,0,0,-43.7,4,4,1,1.8,0
extract,25.0,99990,0.21,0,0,6.7,20,4,0,0.8,0
dbt_model,36.8,56345,1.28,0,0,-19.6,15,3,0,4.7,0
extract,20.5,7614,1.13,0,0,-7.1,12,0,1,1.8,0
extract,21.0,156060,2.53,0,0,1.4,21,0,1,1.0,1
extract,18.4,4136,0.66,0,0,-29.9,15,3,1,2.3,0
dbt_model,25.8,2959,0.3,0,0,56.6,19,1,1,2.1,0
load,21.8,14850,0.08,0,0,-10.9,14,6,1,2.2,0
dbt_model,35.6,828345,0.32,0,0,10.9,11,6,1,3.1,0
dbt_model,42.9,756630,1.67,0,0,26.9,7,3,2,4.5,0
dbt_model,36.2,17641,0.77,0,0,5.3,6,4,0,2.3,0
dbt_model,24.4,12348,0.8,0,0,-22.1,1,4,1,1.1,0
quality_check,15.9,2631,1.07,0,0,1.8,6,1,0,0.5,0
dbt_model,27.3,41144,0.45,0,0,-33.1,19,2,0,1.5,0
dbt_model,38.6,47061,1.0,0,0,-6.0,7,2,0,3.4,0
load,42.4,128449,1.06,0,0,30.2,11,0,0,4.4,0
load,37.9,155925,4.17,0,0,-25.4,9,0,0,0.9,0
dbt_model,42.5,26479,1.28,1,0,-14.8,20,2,0,0.9,0
quality_check,49.3,88401,0.89,0,0,33.4,13,6,1,1.9,0
load,25.9,11836,0.85,0,0,-3.1,8,0,0,5.8,0
quality_check,47.1,85756,0.24,0,0,-16.1,22,3,0,2.0,0
dbt_model,28.5,16129,1.24,0,0,7.0,0,4,0,6.8,0
extract,42.7,75745,0.4,0,0,-8.4,3,4,1,0.9,0
extract,39.7,66542,0.46,0,0,-48.9,3,6,0,0.9,1
load,14.6,40541,1.32,0,0,-24.5,2,2,0,2.9,0
dbt_model,25.8,129477,1.05,0,0,37.0,3,2,1,0.5,0
dbt_model,16.9,2943,0.32,0,0,5.9,16,3,2,0.7,0
dbt_model,13.2,6608,1.42,0,0,26.3,17,6,0,3.2,0
dbt_model,39.4,23574,1.68,0,0,-18.5,1,4,1,5.4,0
quality_check,46.8,3607,0.27,0,0,-1.0,0,0,0,5.4,0
dbt_model,28.8,18939,0.32,0,0,-3.0,21,3,0,6.2,0
load,38.9,19942,1.34,0,0,-9.9,19,3,0,0.7,1
dbt_model,49.2,295225,0.5,0,0,3.8,18,6,0,1.0,0
dbt_model,34.5,45617,0.14,0,0,-20.1,16,4,1,6.1,1
extract,34.9,188544,3.23,0,0,21.8,10,4,1,5.6,0
load,30.9,58846,0.37,0,0,8.4,7,2,0,4.8,0
dbt_model,35.6,15412,2.99,0,0,-3.1,7,5,0,0.0,0
dbt_model,40.5,44978,0.67,0,0,2.4,12,0,0,3.0,0
dbt_model,38.4,116667,0.83,0,0,-5.4,1,1,0,4.0,0
dbt_model,39.4,245105,0.36,0,0,-31.0,22,1,1,2.2,0
load,31.4,29386,3.39,0,0,-17.8,23,3,0,1.4,0
dbt_model,13.3,2601,0.57,0,0,-3.2,1,0,0,4.1,0
quality_check,35.5,2325,0.27,0,0,-6.4,12,3,1,1.1,1
extract,19.8,21541,0.13,0,0,11.7,8,6,0,0.4,0
dbt_model,31.3,862,1.82,0,0,10.1,9,2,0,13.7,0
quality_check,44.0,641886,1.3,0,0,-10.1,9,0,1,11.1,0
extract,23.6,94380,0.19,0,0,-17.2,12,1,0,0.6,0
extract,25.0,13133,2.36,0,0,13.6,23,0,2,5.0,0
quality_check,48.2,6152,0.6,0,0,3.4,17,4,0,0.8,1
dbt_model,34.4,188149,0.65,0,0,-11.2,23,5,0,0.5,0
dbt_model,18.2,6113,1.34,0,0,-20.6,6,2,0,1.3,0
dbt_model,36.6,7121,4.13,0,0,-12.2,20,2,0,1.3,1
dbt_model,23.2,10662,0.84,0,0,7.1,9,2,0,0.3,0
extract,15.3,43588,1.47,0,0,30.4,9,2,1,3.5,0
extract,38.6,98054,3.01,0,0,-3.8,1,4,0,0.8,0
extract,27.3,244819,2.28,0,0,-15.0,21,2,1,5.8,0
extract,38.0,193291,1.45,1,0,38.8,2,2,1,8.6,0
quality_check,24.9,36360,1.25,0,0,-6.7,11,6,2,2.1,0
dbt_model,41.4,185876,1.97,0,0,-14.3,23,5,1,2.9,0
extract,32.0,12411,0.53,0,0,-7.3,15,6,0,5.5,0
extract,3.9,1971,1.07,0,0,-8.2,2,2,1,6.4,0
dbt_model,33.8,12409,2.24,0,0,22.9,22,6,2,12.5,0
load,27.4,9996,0.26,0,0,-30.1,14,2,2,0.4,0
dbt_model,43.2,13211,0.59,0,0,10.7,5,2,1,2.1,0
extract,33.1,7824,0.78,0,0,-0.2,6,6,0,7.8,0
dbt_model,37.8,17365,0.27,0,0,-10.0,20,1,1,4.5,0
dbt_model,27.6,97931,1.0,0,0,-6.0,14,5,0,1.8,0
dbt_model,29.9,564904,0.03,0,0,-4.5,9,5,1,3.9,0
load,27.2,2297,5.64,0,0,1.6,7,6,0,10.4,0
quality_check,25.4,4626,0.79,0,0,-8.1,20,5,0,0.2,0
dbt_model,42.1,10236,0.21,0,0,-1.2,8,5,1,4.0,0
load,33.0,123647,0.93,0,0,-14.0,13,2,0,1.7,0
dbt_model,20.6,26162,1.54,0,0,39.3,1,3,0,1.9,0
extract,22.8,11400,3.44,0,0,18.2,5,4,0,0.0,0
load,42.9,114321,0.49,0,0,8.8,18,2,0,2.5,0
load,33.4,167749,0.97,0,0,-8.0,18,2,0,1.9,0
dbt_model,30.2,35241,0.14,0,0,14.8,23,5,1,0.0,1
dbt_model,39.5,9838,0.33,0,0,5.4,2,0,0,0.6,0
dbt_model,24.8,55963,0.39,0,0,2.1,12,0,0,0.3,0
dbt_model,11.5,25003,0.0,0,0,-9.6,3,2,2,0.7,0
quality_check,23.9,24695,0.91,1,0,4.9,17,5,1,5.9,1
quality_check,33.0,15997,0.22,0,0,30.3,3,6,0,2.5,1
dbt_model,32.6,159527,0.73,0,0,1.5,2,4,2,3.1,0
quality_check,18.9,54165,2.42,0,0,-4.7,20,6,1,3.2,0
dbt_model,44.3,190445,0.48,0,0,1.8,3,1,0,0.9,0
quality_check,37.4,308082,0.01,0,0,0.8,20,0,0,5.0,0
dbt_model,37.0,75687,0.87,0,0,-9.8,17,3,0,0.3,0
dbt_model,34.6,16149,1.82,0,0,-13.3,13,2,1,2.7,0
dbt_model,23.4,191860,3.06,0,0,14.3,3,6,1,1.8,0
dbt_model,36.3,76501,0.16,1,0,21.7,6,0,0,1.5,0
extract,47.6,2339361,2.64,0,0,40.8,4,2,0,1.0,0
dbt_model,43.4,59644,2.69,0,0,8.2,9,2,0,1.3,0
load,40.7,110890,1.51,0,1,2.1,4,4,0,1.4,0
extract,37.7,57796,0.96,0,0,16.2,4,2,0,0.8,0
dbt_model,16.3,30990,1.23,0,1,-16.3,7,6,1,0.5,0
dbt_model,31.4,24002,0.17,0,0,11.6,0,0,2,5.4,0
dbt_model,24.4,58150,3.68,1,0,18.7,21,0,0,2.3,0
extract,45.2,83606,2.58,0,0,18.4,20,6,0,1.2,0
extract,45.6,230272,0.78,0,0,30.0,6,3,0,2.0,0
dbt_model,24.5,59525,0.32,0,0,-10.8,4,5,1,0.5,0
extract,30.5,17315,7.01,0,0,-8.9,20,3,1,5.1,0
extract,33.6,21526,0.9,0,0,-3.9,1,6,0,1.8,0
extract,36.7,4373,1.3,0,0,-20.1,18,3,1,2.5,0
dbt_model,21.8,518109,4.46,0,0,9.7,3,5,0,3.6,0
load,10.8,15277,0.2,0,0,12.2,1,6,1,1.4,0
dbt_model,35.3,170741,0.87,0,0,10.1,22,5,2,2.6,0
extract,10.2,56527,1.4,0,0,2.7,13,1,0,10.1,0
dbt_model,34.5,59040,0.63,0,0,18.1,8,5,0,2.8,0
extract,37.2,30094,0.98,0,0,10.4,1,2,0,1.4,0
dbt_model,41.2,10296,2.11,0,0,-10.8,15,4,0,3.7,0
extract,23.9,7710,0.08,0,0,-53.1,13,4,0,0.4,0
extract,38.5,576969,0.23,0,0,-6.0,0,1,1,6.0,0
extract,38.4,43579,0.83,0,0,0.7,17,2,0,5.3,0
dbt_model,24.8,219790,1.99,0,0,0.9,12,1,0,1.7,0
dbt_model,44.3,332984,0.39,0,0,-3.2,20,0,0,1.8,0
dbt_model,33.6,18819,0.6,0,0,-9.7,17,3,1,0.2,0
dbt_model,28.0,71511,1.61,0,0,-15.2,14,1,0,2.9,0
quality_check,33.6,39027,0.37,0,0,-18.6,1,4,0,7.4,0
quality_check,27.8,5701,2.62,0,0,7.8,5,1,0,1.6,0
dbt_model,38.7,26990,1.58,0,0,19.6,7,0,2,0.1,0
dbt_model,30.6,92967,0.9,0,0,-22.5,22,1,0,2.1,0
dbt_model,32.9,16342,0.78,0,0,-1.1,7,3,2,0.1,0
dbt_model,25.7,21595,0.59,0,0,14.2,12,0,0,2.5,0
dbt_model,23.3,27518,0.63,0,0,-3.4,21,6,0,0.6,0
extract,39.7,1064959,2.07,0,0,12.9,0,5,1,4.0,0
load,19.1,1930,0.03,0,0,19.4,15,0,1,3.7,0
dbt_model,40.8,81034,1.28,0,0,7.1,21,6,1,0.4,0
quality_check,36.9,24213,3.48,0,0,-8.9,20,2,2,1.6,0
load,23.6,13029,3.08,0,0,23.7,12,6,0,0.4,0
dbt_model,33.4,23281,0.99,0,0,-4.8,9,6,1,1.5,1
load,27.2,105641,0.21,0,0,-4.8,4,1,0,8.2,0
dbt_model,19.8,115755,0.3,0,0,9.3,14,2,1,1.2,0
extract,27.4,48904,0.81,0,0,-5.4,21,1,0,0.6,0
extract,34.8,208644,0.34,0,0,-4.0,12,0,1,1.2,0
extract,40.5,276546,0.17,0,0,-6.7,15,3,0,7.5,0
load,35.9,134081,0.13,0,0,-3.3,6,4,0,11.1,0
dbt_model,38.9,15155,0.81,0,0,3.5,17,3,1,0.6,0
dbt_model,24.8,80106,2.43,0,0,-35.5,10,6,0,0.2,0
dbt_model,30.2,80718,0.91,0,0,-1.8,8,0,0,2.9,0
dbt_model,44.8,9847,1.16,0,0,-31.8,5,1,0,5.2,0
load,10.5,2948,0.05,0,0,-7.3,15,6,0,2.3,0
load,22.6,1427,0.59,0,0,6.1,0,1,0,1.1,0
extract,22.8,40609,0.44,0,1,-5.9,22,2,0,1.1,1
quality_check,31.3,58504,1.44,0,0,12.7,23,3,0,2.0,0
dbt_model,25.0,5481,0.11,0,0,6.3,22,1,0,4.1,0
extract,40.6,193619,1.44,1,0,-38.8,22,3,0,1.0,0
load,35.0,46330,0.25,0,0,21.6,20,5,1,9.2,1
extract,24.2,314621,0.08,0,0,4.5,19,5,0,3.0,0
dbt_model,28.0,65700,0.69,0,0,-10.2,10,3,0,0.1,0
extract,29.3,6593,0.84,0,0,-8.5,4,6,0,1.1,0
dbt_model,40.2,75602,1.47,0,0,-37.5,0,2,2,1.2,0
dbt_model,56.0,106104,0.05,0,0,3.9,0,5,0,0.1,0
dbt_model,37.0,15120,1.31,1,0,11.7,16,6,2,0.0,0
extract,19.1,3614,0.69,0,0,-12.2,4,2,0,0.2,0
extract,31.7,42636,4.62,0,0,-16.3,3,0,0,5.2,0
load,31.1,7322,1.78,0,0,2.5,20,5,1,2.6,0
quality_check,30.7,218255,2.24,0,0,21.5,3,0,0,2.2,0
load,35.3,18930,3.86,0,0,19.6,3,4,2,19.9,0
dbt_model,16.6,573413,1.72,0,0,14.9,11,3,1,0.7,0
dbt_model,31.3,1213,0.38,0,0,36.4,5,3,1,3.3,0
quality_check,28.3,45056,2.63,0,0,16.6,1,5,0,1.8,0
dbt_model,35.2,357549,2.61,0,0,20.8,16,4,2,4.4,0
dbt_model,43.0,8738,0.94,0,0,1.6,12,4,0,3.6,0
dbt_model,20.4,28149,0.09,0,0,-6.2,11,3,2,1.0,0
dbt_model,33.6,19056,0.34,0,0,20.4,5,4,2,3.0,0
extract,37.5,12160,0.24,0,0,-17.7,15,4,1,2.7,0
dbt_model,34.5,53712,0.43,0,0,7.6,13,4,1,4.3,0
quality_check,14.1,4570,1.35,0,0,-10.9,13,5,1,0.7,0
load,44.1,30407,0.22,0,0,6.1,22,0,2,0.6,0
extract,31.8,82916,0.01,0,0,4.8,13,0,1,1.8,0
extract,26.9,25741,3.16,0,0,2.9,22,0,2,0.5,0
extract,26.7,7329,0.18,0,0,-0.3,20,4,0,0.5,0
quality_check,31.7,188772,0.43,0,0,9.6,2,5,0,0.2,0
dbt_model,23.6,116822,0.3,0,0,12.5,5,1,0,0.0,0
dbt_model,30.8,6864,0.9,0,0,-25.2,16,0,0,7.3,0
extract,23.3,4579,0.4,0,0,-0.8,3,2,0,2.4,0
load,35.6,7918,0.73,1,0,-7.5,17,5,2,0.6,1
dbt_model,38.4,86893,0.1,0,0,3.5,9,3,0,0.6,0
quality_check,47.6,56439,0.98,0,0,-7.5,7,4,1,1.5,0
quality_check,32.5,128557,0.26,0,0,23.0,12,6,0,0.7,0
extract,24.1,21550,0.54,0,0,-1.2,7,3,1,4.3,0
quality_check,16.4,8270,0.72,0,0,17.8,11,2,0,8.6,0
dbt_model,54.5,157969,0.57,0,0,-17.1,18,0,0,1.5,0
dbt_model,36.7,14980,0.88,0,0,-5.1,12,5,1,4.9,1
dbt_model,26.5,48946,2.2,0,0,-11.1,23,5,2,8.1,1
load,43.2,3041,0.43,0,0,7.1,11,2,0,0.7,0
load,42.9,14593,1.06,0,0,-21.3,19,4,1,2.5,0
dbt_model,22.9,182596,0.87,0,0,-30.8,12,1,1,0.4,0
extract,23.5,11544,1.33,0,1,-11.3,20,4,0,1.4,0
load,33.3,133680,0.21,0,0,10.1,22,3,0,0.1,0
load,16.1,871,0.81,0,0,-14.6,21,1,2,0.8,1
dbt_model,29.8,14838,0.18,1,0,4.8,1,0,0,1.8,0
dbt_model,38.2,27607,1.17,0,0,-11.7,3,0,1,19.9,0
dbt_model,24.7,590110,0.21,1,0,-31.6,22,5,0,0.3,0
extract,31.6,5594,0.27,0,0,15.3,18,0,0,0.8,0
load,44.6,106254,0.55,0,0,11.7,14,3,1,1.5,0
dbt_model,38.8,197025,0.9,0,0,-0.7,15,0,0,1.3,0
dbt_model,29.6,11448,0.49,0,0,0.8,1,4,0,8.0,0
quality_check,25.2,19977,1.44,0,0,-3.7,12,2,1,2.2,0
extract,40.1,45551,0.2,0,0,-18.6,1,5,2,1.2,0
extract,17.5,3393,1.11,0,1,23.5,15,0,1,0.8,1
dbt_model,33.2,17532,1.61,0,0,-1.8,13,2,1,0.7,0
dbt_model,36.0,279785,1.39,0,1,6.5,15,2,2,7.2,0
dbt_model,43.8,83804,0.71,0,0,-9.0,16,3,1,9.7,0
dbt_model,26.6,28259,1.65,0,0,8.0,23,2,2,0.7,0
dbt_model,28.1,43517,0.62,0,0,20.6,12,1,0,2.8,0
dbt_model,22.7,91991,0.1,0,0,3.0,19,6,1,6.6,0
dbt_model,38.3,124973,0.5,0,0,6.5,10,5,2,2.0,0
dbt_model,26.9,14909,0.66,0,0,15.8,17,3,1,1.4,1
load,28.7,423180,0.02,0,1,12.7,6,5,0,7.9,1
quality_check,29.0,298390,0.73,0,1,18.8,10,0,1,0.9,0
dbt_model,39.0,107324,0.08,1,0,5.8,14,4,1,2.1,1
load,20.0,9426,2.0,0,0,5.8,23,4,1,4.1,1
dbt_model,20.3,7098,0.04,0,0,4.3,21,0,0,4.3,0
dbt_model,39.4,21534,0.65,0,0,15.6,6,4,0,0.5,0
dbt_model,30.9,40023,1.18,0,0,-7.8,10,4,1,2.7,0
quality_check,35.9,2143,2.3,0,0,9.5,1,3,0,2.6,0
quality_check,30.4,80138,0.5,0,0,41.4,16,4,2,3.1,0
dbt_model,35.8,284913,0.68,0,0,6.5,1,6,1,0.8,0
extract,35.2,91341,0.31,0,1,-21.5,0,2,0,9.0,0
dbt_model,42.8,12311,1.28,0,0,-5.2,17,1,0,1.1,0
extract,41.8,10187,0.32,0,0,11.2,10,2,0,4.6,0
quality_check,43.5,58674,1.21,0,0,-12.1,4,6,1,1.5,0
dbt_model,26.2,28416,1.14,0,0,-17.6,18,3,1,0.3,0
dbt_model,24.6,73781,2.8,0,0,-24.8,18,6,1,18.0,0
quality_check,40.8,95106,0.79,0,0,-3.7,20,5,1,1.2,0
quality_check,47.7,208360,0.39,0,0,29.0,19,0,1,3.2,0
quality_check,39.6,5934,0.41,1,0,-9.6,12,4,0,3.1,0
extract,33.0,51771,4.38,0,0,15.8,22,6,1,3.2,0
dbt_model,37.8,20301,0.42,0,0,-5.0,13,3,0,5.6,0
load,38.7,31013,1.25,0,0,-7.0,16,2,1,0.0,0
quality_check,36.0,144792,1.66,0,0,9.3,3,5,2,0.8,0
dbt_model,36.7,172301,2.62,0,0,-27.6,13,0,2,3.3,0
dbt_model,37.0,340275,0.75,0,0,30.0,7,6,2,0.3,0
load,26.3,71750,4.86,1,0,9.7,19,0,1,3.4,1
extract,25.8,30454,0.35,0,0,18.9,16,0,0,9.9,0
dbt_model,25.2,24231,0.67,0,0,-4.6,16,3,0,0.4,0
extract,13.0,2262,1.64,0,0,8.9,18,0,1,0.1,0
load,37.2,309767,3.1,0,0,16.8,15,5,0,9.9,0
extract,31.0,21697,0.25,0,0,-1.6,1,3,0,1.5,0
extract,40.5,81587,2.16,0,1,-15.7,5,5,1,1.0,1
dbt_model,45.5,107623,0.46,1,0,-17.0,23,5,0,4.0,0
dbt_model,40.7,4951,0.77,1,0,-7.6,16,5,0,0.5,0
dbt_model,42.4,8288,1.09,0,1,4.1,22,0,0,1.6,0
dbt_model,29.7,431590,3.57,0,0,-2.9,1,5,1,5.5,0
dbt_model,20.2,57797,3.48,0,0,-8.8,4,6,0,0.5,0
dbt_model,39.0,14343,1.15,0,0,12.2,15,3,1,1.1,0
dbt_model,44.3,29668,1.26,0,0,-8.3,1,0,0,6.9,0
load,49.3,206484,6.74,0,0,-10.8,1,5,1,0.1,0
dbt_model,39.2,161927,1.57,0,0,16.9,8,4,1,2.3,0
dbt_model,10.2,3478,1.47,0,0,9.9,16,0,0,6.7,0
quality_check,40.1,496259,0.89,0,0,-22.1,23,5,0,1.5,0
dbt_model,39.9,170388,0.34,0,0,-24.0,23,4,0,4.9,0
quality_check,43.1,28453,0.42,0,0,-19.9,10,0,1,8.7,0
load,41.8,5395,1.25,0,0,-0.6,17,4,1,0.7,0
dbt_model,43.4,196106,0.75,0,0,21.2,7,5,1,10.5,0
dbt_model,28.3,77830,1.28,0,1,26.1,16,6,0,0.3,1
dbt_model,18.9,3524,2.21,0,1,13.5,21,5,0,0.6,0
dbt_model,36.4,25051,0.22,0,0,34.4,15,6,2,1.6,0
dbt_model,33.8,5399822,0.22,0,0,3.6,3,1,0,2.1,0
load,45.6,37287,2.93,0,0,20.0,6,0,1,3.6,0
dbt_model,14.8,11079,0.56,0,0,-10.3,22,1,0,4.7,0
extract,34.5,7232,2.21,0,0,-28.0,18,6,0,3.9,0
dbt_model,40.0,618689,0.98,0,0,-5.6,19,6,1,0.2,0
quality_check,32.7,140985,1.23,0,0,-2.3,1,0,1,4.2,0
dbt_model,27.8,345208,1.58,0,0,46.5,9,6,0,4.1,0
dbt_model,14.4,54019,0.92,0,0,-0.0,12,1,1,1.0,0
quality_check,30.9,270068,0.32,0,0,-18.3,18,3,0,0.2,0
dbt_model,25.3,9345,1.31,0,0,17.4,2,4,1,1.8,0
dbt_model,42.7,47105,4.9,0,0,-13.7,18,0,1,0.0,0
dbt_model,26.0,57485,1.2,0,0,2.6,14,2,0,0.1,0
extract,40.2,331676,0.1,0,0,15.8,13,1,1,4.4,1
dbt_model,21.5,60484,0.39,0,0,-16.8,20,2,0,2.1,0
dbt_model,34.8,13348,2.3,0,0,27.3,18,2,0,0.7,0
extract,12.3,40236,1.92,0,0,20.3,17,3,0,0.2,0
load,46.4,2484,0.28,0,0,6.4,12,4,2,0.1,0
dbt_model,24.5,885,1.6,1,0,31.5,23,0,0,4.8,0
extract,9.4,137330,0.41,1,0,-6.9,20,5,0,2.6,0
load,24.7,19938,2.35,0,0,14.3,7,0,0,12.2,0
load,23.6,23902,0.55,0,0,5.0,19,4,0,0.2,1
extract,28.6,137243,0.98,0,0,-11.5,13,1,1,7.9,0
extract,32.8,339495,0.98,0,0,-10.9,21,6,1,8.7,0
dbt_model,27.8,85406,1.68,0,0,36.6,8,2,0,2.0,0
dbt_model,30.3,794061,2.32,0,0,19.1,19,0,2,0.2,0
quality_check,23.2,81170,1.11,0,0,16.0,6,0,1,2.9,0
dbt_model,40.5,58896,0.39,0,0,-11.3,22,2,1,0.9,0
dbt_model,43.7,53349,1.21,0,0,12.7,4,6,1,6.3,0
extract,26.4,4643,3.53,0,0,-6.6,4,2,1,6.5,0
dbt_model,34.7,167643,5.48,0,0,30.6,23,3,2,7.0,0
load,15.3,725,1.27,0,0,21.8,6,5,1,0.7,0
dbt_model,31.3,14214,0.05,0,0,16.5,12,1,2,5.8,0
dbt_model,34.4,37672,0.17,0,0,14.7,10,4,1,2.4,0
dbt_model,28.1,10263,0.35,0,0,-1.6,18,2,1,0.7,0
load,34.5,17627,1.37,0,0,8.8,5,6,0,2.9,0
extract,40.1,689003,0.64,0,0,27.7,8,4,0,0.8,0
dbt_model,25.8,212444,2.23,0,0,8.4,21,2,0,12.1,0
extract,41.1,12120,2.51,1,0,-15.1,22,3,0,2.3,0
load,29.1,17131,1.99,0,0,22.6,4,5,0,0.4,0
dbt_model,43.8,4706,0.19,0,0,-12.2,11,2,1,12.0,0
load,38.0,112194,0.98,0,0,-0.5,11,3,1,1.9,0
dbt_model,49.3,24353,1.71,0,0,-8.5,12,5,0,0.9,0
dbt_model,37.4,1561,0.38,0,0,-47.0,12,1,0,3.0,0
dbt_model,34.6,42670,0.74,0,0,3.2,1,5,1,0.4,0
dbt_model,27.0,73303,0.41,0,0,39.1,20,5,0,0.3,0
dbt_model,28.6,169570,0.12,0,0,5.8,5,3,1,0.6,0
quality_check,36.8,32293,0.96,0,0,53.3,6,1,0,0.5,0
load,32.5,20004,0.54,0,0,-2.8,19,0,1,2.6,0
dbt_model,32.5,871545,0.7,0,0,4.0,23,5,1,5.4,0
load,39.8,36700,0.1,0,0,-1.9,21,2,0,0.5,0
load,34.6,114840,0.47,0,1,1.1,7,3,0,0.4,1
dbt_model,38.3,15317,1.28,0,0,6.7,17,0,0,7.3,0
dbt_model,25.4,109519,2.42,0,0,27.2,3,3,1,0.4,0
extract,37.2,3536,1.61,0,0,-15.1,9,0,1,0.8,0
dbt_model,35.5,17338,1.32,0,0,0.2,6,3,0,2.5,1
load,39.7,5254,0.42,0,0,11.1,5,5,1,1.1,0
extract,39.4,13794,0.15,0,0,23.0,21,6,0,0.4,0
dbt_model,35.0,268539,0.54,0,0,-38.8,21,5,0,2.7,0
quality_check,29.0,13633,0.24,0,0,-25.2,3,4,1,11.7,0
dbt_model,50.3,114600,1.36,0,0,0.7,8,5,0,1.5,0
load,33.8,411524,3.44,0,0,20.1,0,0,0,0.7,0
dbt_model,38.9,34747,1.91,0,0,-8.7,19,4,0,3.1,0
extract,31.6,178086,0.77,0,0,12.0,6,6,0,3.0,0
dbt_model,17.0,84943,0.51,0,1,35.6,14,1,2,12.0,0
quality_check,21.5,43752,1.02,0,0,0.2,13,1,2,0.6,0
load,38.0,120632,0.35,0,0,-4.1,4,6,0,4.0,0
load,43.7,689623,3.39,0,0,8.5,8,3,0,5.4,0
load,34.2,13100,4.1,0,0,3.2,2,5,1,0.8,0
extract,39.9,7826,1.21,0,0,4.6,3,5,0,0.9,0
quality_check,32.9,7124,1.32,0,0,-3.3,20,6,1,0.6,0
extract,28.0,178275,2.38,0,0,-4.6,8,0,0,0.0,0
extract,40.7,221236,1.03,0,0,-18.1,10,2,1,11.3,0
quality_check,32.3,15378,0.25,0,0,11.0,16,1,0,0.9,0
dbt_model,21.1,1190,1.93,0,0,-18.7,21,5,0,4.4,0
dbt_model,34.6,12337,0.48,0,0,-14.7,10,6,0,3.3,0
load,34.5,87252,0.9,0,0,-21.6,20,6,2,2.3,0
extract,26.6,32638,1.41,0,0,-5.9,13,0,0,7.4,0
dbt_model,31.1,48463,0.07,0,0,0.5,1,4,0,6.1,0
load,43.5,15719,2.13,0,0,-19.8,22,3,0,0.5,0
dbt_model,47.5,183972,4.79,1,0,-4.8,6,5,0,0.5,0
dbt_model,34.9,62887,0.28,1,0,2.9,17,1,2,3.2,0
dbt_model,34.4,92812,1.5,0,0,-28.2,20,0,1,0.7,0
load,19.8,46840,2.89,0,0,-13.7,19,2,0,8.3,0
extract,49.2,84035,0.19,0,0,32.5,14,2,0,0.1,0
load,42.8,75638,0.04,0,1,-12.8,6,5,0,3.5,0
quality_check,36.4,8226,0.23,0,0,12.8,15,1,0,0.2,0
quality_check,12.8,65966,2.45,1,0,-9.1,12,6,2,4.3,1
dbt_model,34.8,128851,2.47,0,1,3.6,15,0,0,3.0,0
dbt_model,34.3,230550,4.3,0,0,-14.4,8,4,1,1.5,0
dbt_model,39.5,70669,0.53,0,0,-34.2,16,3,0,0.7,0
dbt_model,25.5,7751,0.81,0,0,-7.9,11,2,0,0.7,0
load,27.9,9915,0.73,0,0,8.0,23,0,0,0.1,0
dbt_model,36.6,18101,0.39,0,1,12.2,2,0,0,4.0,1
quality_check,25.8,49175,3.26,0,0,2.6,17,1,1,2.1,1
extract,26.7,29864,2.06,0,0,-14.0,12,2,0,1.6,0
quality_check,30.9,6015,1.6,0,0,16.6,13,1,2,0.5,0
dbt_model,41.1,5957,0.84,0,0,-13.0,12,5,1,4.1,0
load,33.7,1264,0.63,0,0,-11.9,3,6,0,4.9,0
extract,33.2,246,0.27,0,0,-17.6,13,5,1,2.2,0
dbt_model,32.4,29411,0.74,0,0,-7.6,10,5,1,0.5,0
dbt_model,52.1,1487144,6.05,1,0,-5.3,5,2,1,7.9,1
dbt_model,21.6,643609,0.36,0,0,5.3,22,6,0,0.6,0
extract,47.7,7591,0.16,0,0,-24.4,5,1,0,1.4,1
dbt_model,52.0,46158,0.09,0,0,-8.3,10,4,0,4.9,0
dbt_model,32.3,3486,0.53,0,0,-14.4,8,3,0,2.8,0
dbt_model,36.1,4449,5.48,0,0,7.7,10,3,1,4.2,1
dbt_model,28.6,5345,0.26,0,1,5.4,12,5,0,1.6,0
dbt_model,29.7,25316,0.05,0,0,-18.5,15,2,0,4.8,0
dbt_model,26.2,27121,1.81,0,0,8.9,8,3,1,5.0,0
extract,32.5,54411,0.25,0,0,-0.9,8,3,0,4.4,0
quality_check,39.1,104940,1.47,0,0,14.3,16,3,0,10.3,0
quality_check,35.1,21183,0.51,0,0,-11.6,16,2,1,1.7,0
extract,50.2,38481,0.3,0,0,10.6,14,4,0,2.1,0
extract,30.1,6310,1.48,0,0,15.6,12,4,0,0.2,0
load,15.1,4225,0.31,0,0,1.2,2,0,0,3.8,0
dbt_model,42.9,3299,0.52,0,0,37.8,13,3,0,0.1,0
load,23.1,102620,2.83,0,0,8.8,5,4,1,8.4,0
dbt_model,26.3,21148,2.23,1,0,31.7,1,0,0,5.7,0
dbt_model,29.5,1819,0.03,0,0,45.4,14,0,1,3.0,0
dbt_model,35.8,32828,0.04,0,1,-30.1,12,3,1,5.6,0
dbt_model,15.8,4924,0.25,0,0,20.7,12,1,0,2.0,0
extract,30.1,517417,3.25,0,0,9.3,17,3,1,4.5,1
dbt_model,17.3,14384,1.73,0,1,4.4,8,0,0,0.7,0
dbt_model,39.7,108056,0.41,0,0,-11.9,8,5,0,0.6,1
extract,45.9,207386,0.68,0,0,-16.0,4,4,1,2.0,0
dbt_model,18.6,7880,1.53,0,0,-19.0,1,4,1,0.7,0
dbt_model,41.4,41014,1.47,0,0,40.0,22,6,1,1.0,0
quality_check,42.2,88040,0.16,0,0,8.8,6,4,0,5.7,0
extract,26.6,43689,0.82,0,0,-24.5,10,1,0,1.6,0
load,15.4,64715,0.65,1,0,-18.9,21,6,0,0.9,0
load,18.9,4326,1.23,0,1,-36.5,5,3,1,0.8,0
quality_check,28.4,88120,0.55,0,0,21.4,4,4,0,2.5,0
load,44.8,16682,0.81,0,0,0.8,17,6,1,1.4,0
dbt_model,32.1,63520,2.99,0,0,9.2,8,3,2,9.0,0
quality_check,25.7,158258,0.75,0,0,0.0,6,5,0,4.4,0
quality_check,35.4,105883,1.89,0,1,17.1,18,6,0,0.9,1
dbt_model,21.6,63446,1.65,0,0,-7.1,6,2,1,1.2,0
dbt_model,38.7,101458,0.06,0,0,5.3,0,0,2,4.1,0
dbt_model,25.4,109256,1.87,0,0,4.9,19,5,0,0.5,0
load,28.9,397441,1.74,0,0,-20.9,23,5,1,3.8,0
load,35.5,34389,1.42,0,0,-13.0,21,0,1,2.0,0
dbt_model,48.4,47208,3.02,0,1,-5.5,2,6,0,2.9,1
dbt_model,54.6,161346,2.51,0,0,5.8,11,5,1,0.1,0
quality_check,21.5,16570,1.9,0,0,25.0,21,1,1,1.1,0
extract,23.2,4287,2.01,0,0,2.1,15,5,0,3.2,0
extract,38.3,79950,0.13,0,0,-1.6,7,4,0,1.2,1
dbt_model,42.2,26117,4.6,0,0,5.6,8,4,0,1.5,0
load,9.4,5260,0.8,0,0,-2.8,7,3,0,8.8,0
dbt_model,34.4,80891,5.07,0,0,-0.4,15,0,1,3.4,0
dbt_model,31.8,358546,6.44,0,0,27.3,15,6,0,0.4,0
dbt_model,10.4,2676,0.06,0,0,-4.0,17,2,1,1.0,0
dbt_model,23.0,186413,0.09,0,0,4.7,6,2,1,0.5,0
extract,20.1,626,1.39,0,0,-11.6,17,1,0,4.3,0
dbt_model,31.7,19140,1.54,1,0,22.7,10,1,0,2.4,0
dbt_model,46.4,690261,2.39,0,0,-16.4,0,0,0,0.3,0
dbt_model,34.5,21475,2.61,0,0,-1.3,18,5,0,0.7,0
dbt_model,41.0,41936,1.38,0,0,17.7,2,6,0,2.8,0
quality_check,34.6,123079,0.43,0,0,-15.6,0,0,0,3.0,0
dbt_model,21.1,2330,0.07,1,0,15.6,16,1,0,3.4,0
extract,30.8,40755,0.27,0,0,-36.9,2,3,1,2.2,1
extract,38.7,40244,1.91,0,0,-19.7,12,1,2,1.7,0
load,46.7,714768,3.07,0,0,-1.7,8,1,0,1.9,0
dbt_model,27.5,5028,0.88,0,0,43.4,22,4,1,2.4,0
extract,22.8,19722,0.42,0,0,2.6,7,6,1,2.9,0
load,32.7,8222,0.05,0,0,3.0,2,2,0,9.1,0
extract,33.7,6939,0.64,0,0,20.7,3,3,0,0.4,0
dbt_model,46.5,220542,2.09,0,0,-19.6,23,2,2,7.7,0
extract,26.2,37897,0.05,0,0,-54.6,23,2,1,0.9,0
quality_check,24.7,14929,1.27,0,0,31.2,3,0,0,1.9,0
quality_check,37.6,15858,0.17,0,0,10.9,8,4,0,3.4,0
quality_check,27.0,14747,0.67,0,0,-8.0,0,6,2,0.9,1
dbt_model,26.9,17016,0.44,0,0,1.0,19,5,1,0.5,0
dbt_model,40.0,4802,0.25,0,0,18.9,21,6,2,1.1,0
load,19.2,24005,0.51,0,0,-2.3,16,5,1,6.8,0
quality_check,49.7,20440,0.92,0,0,2.6,12,2,0,8.1,0
extract,24.6,10802,0.1,0,0,36.6,8,5,1,2.6,0
quality_check,40.5,46540,0.27,0,0,-22.4,6,1,2,1.1,0
quality_check,31.9,53307,0.34,0,0,9.3,17,2,0,3.7,0
dbt_model,33.1,14903,0.04,1,0,-22.0,13,4,1,0.6,0
dbt_model,29.5,28836,0.37,0,0,28.1,11,2,1,12.4,1
extract,45.9,1148305,0.43,0,0,5.3,9,5,0,0.2,0
extract,35.0,1080239,0.48,0,0,-12.4,17,1,2,0.8,0
extract,24.2,6724,0.0,0,0,-27.0,23,1,0,0.4,0
extract,46.0,8407,0.98,0,0,-6.3,2,5,0,3.7,0
load,29.6,6667,1.1,1,0,3.3,18,3,0,4.3,0
dbt_model,29.1,197064,1.18,0,0,20.9,10,6,0,1.3,0
quality_check,17.7,19194,0.45,0,0,-19.7,15,1,1,7.0,0
dbt_model,49.7,53288,0.99,1,0,-14.8,19,5,0,0.5,1
load,32.8,886598,0.88,0,0,-8.9,7,1,0,0.3,0
dbt_model,50.8,35712,0.19,0,0,-14.0,4,3,1,8.3,0
load,37.8,112420,0.51,0,0,-9.3,0,3,0,1.5,0
extract,35.0,83505,0.79,0,0,-17.0,23,5,0,2.4,1
extract,32.1,14169,0.6,0,0,7.5,19,2,0,11.8,0
extract,55.1,197730,0.71,0,0,-8.7,17,2,0,0.1,0
quality_check,10.1,9325,0.7,0,0,0.2,1,3,0,0.2,0
dbt_model,37.9,309838,0.53,0,0,5.5,22,6,1,3.4,0
dbt_model,28.2,14186,1.72,1,0,-24.8,2,2,0,3.7,0
dbt_model,29.0,16903,1.2,0,0,10.7,6,3,0,2.7,0
quality_check,30.6,6364,0.08,0,0,3.8,14,0,0,4.6,0
dbt_model,27.3,8276,0.57,0,0,3.8,0,4,1,0.8,0
extract,32.7,18346,0.75,0,0,-2.4,18,0,1,1.6,0
dbt_model,25.3,742,3.95,0,0,-4.9,22,0,1,0.8,0
dbt_model,19.8,25000,0.93,0,0,1.0,9,1,0,2.1,0
quality_check,34.3,16110,0.75,0,0,1.7,2,1,1,4.5,0
quality_check,40.9,128542,2.25,0,0,-21.2,14,3,1,2.8,0
extract,28.5,71451,0.87,0,0,28.4,18,1,0,3.2,0
quality_check,47.1,11705,2.26,0,1,-12.5,23,1,0,1.8,1
extract,43.0,17436,1.13,0,0,1.2,6,6,0,0.8,0
dbt_model,39.2,24949,0.71,0,1,21.0,6,4,0,13.1,0
dbt_model,43.9,391417,4.48,0,0,-6.2,1,0,1,1.4,0
dbt_model,30.2,9743,1.34,0,0,4.3,1,5,2,0.8,0
dbt_model,40.5,11480,1.31,0,0,-39.4,17,5,0,1.9,0
dbt_model,43.2,5968,0.08,0,0,-35.7,5,6,0,0.5,0
quality_check,35.4,3390,0.1,0,0,-0.5,7,3,0,1.2,0
load,28.0,59349,5.31,0,0,3.4,10,6,0,3.3,0
quality_check,32.4,50243,0.64,0,0,19.9,1,6,1,0.6,1
dbt_model,41.0,282778,0.16,0,0,14.4,18,2,0,16.3,0
dbt_model,42.7,192192,0.24,0,0,-28.7,13,0,0,0.7,0
dbt_model,38.2,1681819,0.11,0,0,22.8,10,6,0,0.1,0
quality_check,26.9,32267,2.98,0,0,-21.4,5,4,0,1.5,0
dbt_model,45.8,23936,0.67,1,0,15.5,14,6,0,3.2,0
dbt_model,19.0,4535,0.16,0,0,-8.1,17,0,1,1.6,0
dbt_model,25.7,110694,0.36,0,0,48.9,13,2,2,1.2,0
dbt_model,20.6,43899,0.54,0,0,-10.6,18,0,0,4.2,0
dbt_model,25.6,102952,1.49,0,0,-1.3,11,2,0,2.5,0
quality_check,40.3,5868,1.22,0,0,2.8,2,5,2,3.6,1
dbt_model,44.7,63739,2.4,0,1,-4.4,3,1,1,2.3,1
quality_check,32.1,50428,0.16,0,0,-17.9,19,2,1,2.1,0
quality_check,37.1,45363,1.99,0,0,39.7,1,6,0,0.4,0
dbt_model,30.2,12170,0.88,0,0,-11.0,10,2,0,1.3,0
load,24.8,243511,0.43,0,0,-11.6,4,3,0,1.7,0
dbt_model,57.9,965587,0.31,0,0,-2.0,18,3,2,4.3,0
load,41.5,6145,0.05,0,0,3.5,6,1,1,2.6,0
dbt_model,37.4,115002,0.66,1,0,-12.3,18,6,1,1.3,1
dbt_model,16.5,363,0.31,0,0,17.2,4,5,1,0.7,0
dbt_model,32.1,105849,0.64,0,0,2.7,14,2,0,1.9,0
dbt_model,20.8,1822,0.04,0,0,0.4,4,5,0,1.5,0
dbt_model,31.7,15678,1.17,0,0,10.0,11,3,0,4.3,0
quality_check,31.4,4443,0.29,0,0,-15.3,14,4,0,4.0,0
extract,28.6,25719,0.23,0,0,-10.5,3,2,1,0.3,1
load,21.5,138977,0.67,1,0,-0.4,10,2,0,0.5,0
load,46.3,1859,4.37,0,0,16.7,17,6,0,1.1,0
dbt_model,33.4,20431,0.12,0,0,-4.4,6,1,2,1.9,1
dbt_model,34.9,15972,0.86,0,0,-5.7,1,2,0,2.5,0
quality_check,32.8,455740,0.32,0,0,-38.0,5,5,1,2.2,0
dbt_model,19.4,72462,0.02,0,0,-12.5,9,2,2,0.2,0
quality_check,28.2,5521,0.64,0,1,-29.7,3,5,2,2.3,0
dbt_model,28.0,17084,0.5,1,0,-25.2,19,2,0,0.4,0
quality_check,43.0,437909,0.58,0,0,6.6,16,3,0,4.7,0
dbt_model,42.4,113889,7.33,0,0,59.7,12,6,1,7.5,1
quality_check,36.6,8356,0.39,0,0,3.5,11,5,0,1.2,0
quality_check,40.4,23687,0.18,0,1,6.0,19,6,1,1.3,1
dbt_model,47.8,24929,0.8,0,0,-13.7,15,1,1,0.2,0
dbt_model,34.3,15355,0.08,0,0,-18.9,16,5,0,2.6,0
dbt_model,37.4,2353,3.21,0,0,37.0,9,3,2,1.1,0
dbt_model,34.8,12280,2.51,0,0,-14.5,0,5,0,1.3,0
dbt_model,19.0,335279,0.7,0,0,-36.0,2,2,1,0.4,0
load,29.8,19735,0.97,0,0,4.4,17,5,2,0.4,0
extract,24.1,30785,0.54,0,0,-7.7,19,6,0,5.4,0
load,34.7,45471,0.78,0,0,10.7,2,3,0,1.6,0
load,31.3,1263032,1.07,0,0,28.2,0,2,0,0.1,0
dbt_model,37.7,36834,1.93,0,0,6.6,5,3,0,1.0,0
dbt_model,44.1,209046,0.74,0,0,4.1,8,1,2,0.1,0
dbt_model,41.4,13945,0.26,0,0,11.9,4,3,0,5.9,0
extract,46.1,23979,0.12,0,0,48.7,14,1,1,6.8,0
dbt_model,17.2,37052,0.38,0,0,41.0,21,4,0,2.5,0
quality_check,19.3,10523,3.09,0,0,-5.7,15,6,2,0.7,0
dbt_model,58.0,26214,1.63,0,0,17.1,7,5,2,2.1,1
quality_check,43.8,150374,4.0,0,0,32.1,11,6,1,3.8,0
quality_check,32.0,10091,1.57,0,0,12.5,22,3,1,0.5,0
quality_check,32.5,36320,3.98,0,0,-1.2,19,5,0,3.1,0
dbt_model,33.7,112867,1.22,0,1,-9.0,3,3,0,0.7,0
dbt_model,12.5,9709,0.99,0,0,1.8,11,3,0,2.5,0
dbt_model,28.3,209538,10.21,0,0,-20.5,1,4,0,0.1,0
load,31.4,40807,1.21,0,0,16.1,20,4,0,1.4,0
load,25.3,27883,2.05,0,1,25.0,16,0,0,0.1,0
dbt_model,21.4,1461,0.15,0,0,-7.1,5,4,0,3.3,0
load,54.2,19974,0.9,0,0,-8.1,17,3,1,2.8,1
dbt_model,31.0,65811,0.33,0,0,-19.0,11,0,1,2.1,0
dbt_model,39.6,592764,0.47,0,0,8.4,19,1,1,0.1,0
extract,36.0,90095,0.7,0,0,-0.2,0,1,0,7.6,0
dbt_model,40.7,220123,0.7,0,0,-26.0,10,5,1,0.3,0
dbt_model,24.6,5247,1.78,0,0,52.5,13,2,0,4.3,0
load,43.1,29646,2.35,0,0,-32.0,2,3,1,0.8,0
quality_check,39.6,256066,0.57,0,0,-25.9,9,2,0,5.3,0
extract,18.2,8774,0.28,0,1,16.9,17,5,0,1.3,0
dbt_model,34.0,170136,2.52,0,0,11.8,16,3,2,2.0,0
quality_check,32.7,117396,0.93,0,0,-12.9,2,6,0,1.3,0
dbt_model,31.0,56362,4.93,0,0,-14.0,17,2,1,1.3,0
dbt_model,35.9,21462,2.34,0,1,8.2,17,6,0,2.2,0
quality_check,35.2,7494,0.58,0,0,6.8,10,4,0,0.3,0
dbt_model,41.8,621944,3.04,0,0,-12.7,19,4,2,0.4,0
quality_check,37.0,99805,2.45,0,0,17.9,14,5,1,6.6,0
dbt_model,34.0,62629,0.29,0,1,10.3,23,6,1,1.7,0
dbt_model,11.7,18759,0.09,1,0,24.1,17,6,2,2.6,0
dbt_model,39.3,38584,0.81,0,0,-0.9,23,6,1,1.8,0
load,37.1,47266,2.26,0,0,14.6,20,2,1,3.5,0
dbt_model,24.5,68857,0.71,0,0,-4.1,8,5,0,2.7,0
quality_check,36.8,117588,0.69,0,0,9.7,2,2,0,9.0,0
extract,35.9,10384,0.29,0,0,6.4,15,3,0,5.6,1
load,38.7,3475,0.03,0,0,15.3,13,1,0,1.5,0
dbt_model,37.1,41558,0.42,0,0,9.4,23,3,0,0.1,0
load,30.3,2218,4.49,0,0,-34.0,22,3,1,1.5,0
dbt_model,39.9,21636,0.3,0,0,-11.3,0,5,1,12.1,0
load,28.1,16079,0.41,0,0,1.5,6,0,0,1.5,0
load,37.3,79761,1.76,0,0,8.4,12,4,1,0.2,0
quality_check,32.2,866446,1.08,0,0,14.8,15,6,0,5.1,0
load,36.8,1617,0.37,0,0,9.9,9,5,0,0.6,0
dbt_model,24.1,1381521,1.74,0,1,-12.7,6,3,0,1.6,1
load,38.9,25011,1.41,0,0,16.5,10,2,0,8.7,0
dbt_model,33.4,63354,0.34,0,0,-14.6,19,4,0,0.0,0
extract,37.0,3775,2.06,0,0,22.7,22,4,1,1.7,0
dbt_model,28.0,178973,0.5,0,0,23.9,17,2,0,2.8,0
quality_check,33.2,38807,1.78,0,0,-0.2,3,3,2,3.8,0
quality_check,32.6,32913,0.22,0,0,-11.7,22,0,0,1.5,0
dbt_model,30.8,1636,0.58,0,0,-12.5,12,2,0,1.1,0
dbt_model,23.0,40866,4.4,0,0,-19.7,16,5,0,0.8,0
dbt_model,40.3,140550,1.93,0,0,-16.6,16,2,0,0.3,0
load,15.0,24883,0.4,0,0,-3.2,11,3,1,2.7,0
load,29.5,237689,0.39,0,0,-10.1,12,6,0,0.1,0
extract,21.3,222488,1.77,0,0,-29.0,12,2,2,1.5,0
dbt_model,37.9,13020,0.85,0,0,-8.7,3,3,0,2.0,0
dbt_model,40.3,466112,0.02,0,0,1.7,18,5,0,0.8,0
quality_check,36.5,39045,0.39,0,0,-6.1,7,5,0,8.9,0
dbt_model,45.6,39324,0.39,0,0,-16.1,17,2,1,2.3,0
load,29.7,42547,0.35,0,0,-43.0,0,1,0,5.4,0
dbt_model,37.9,40574,3.07,0,0,20.6,2,4,0,1.0,0
quality_check,25.5,540,1.96,0,0,-0.7,6,0,0,0.9,0
extract,30.9,26989,0.09,0,0,5.8,7,5,1,3.4,0
load,40.2,4095,1.21,0,0,3.3,2,3,0,1.1,0
extract,55.5,489988,2.93,0,1,9.0,16,6,0,2.7,1
dbt_model,32.8,459425,0.42,0,0,4.3,1,2,0,1.8,0
load,42.1,141931,1.15,0,0,1.8,2,5,2,1.9,0
load,34.4,24796,6.38,0,0,13.7,14,0,0,7.4,0
dbt_model,32.4,7238,2.33,0,0,17.6,15,0,0,6.6,0
dbt_model,32.6,12681,0.1,0,0,24.9,15,3,0,0.6,0
extract,34.6,812789,0.43,0,0,-15.0,20,4,0,4.3,0
load,1.0,11997,4.05,0,0,4.5,18,1,0,6.7,0
extract,39.5,838,2.11,0,0,-28.9,8,4,1,3.0,0
extract,28.9,188766,0.13,0,1,-8.7,15,4,1,0.6,1
dbt_model,34.2,400634,0.29,0,0,-3.5,5,0,1,1.6,0
extract,34.9,516455,1.39,0,0,13.3,19,6,2,1.6,0
extract,28.1,191253,0.4,0,0,-2.1,20,5,0,0.5,0
dbt_model,37.7,248309,2.86,0,0,12.1,13,2,1,4.1,0
quality_check,32.0,39525,0.61,0,0,-6.2,11,2,0,3.1,0
dbt_model,20.0,1310,3.24,0,0,-10.4,14,1,1,2.7,0
quality_check,33.7,37972,0.23,0,0,-14.4,19,4,1,4.0,0
dbt_model,33.7,98175,2.36,0,0,12.4,21,4,0,5.2,0
dbt_model,40.2,29248,1.19,0,0,-6.8,1,1,2,12.0,0
quality_check,19.7,27191,0.65,0,0,-43.7,14,3,2,2.1,0
dbt_model,22.3,7765,0.45,0,0,11.4,5,1,1,6.5,1
quality_check,36.0,7311,2.76,0,0,-16.7,1,2,0,0.7,0
extract,31.6,687651,2.98,0,0,3.5,0,2,0,6.0,0
dbt_model,29.3,728653,1.32,0,0,-20.3,2,2,1,0.3,0
dbt_model,26.9,36162,1.48,0,0,0.3,10,1,2,2.9,0
dbt_model,32.1,56978,2.42,0,0,-51.7,20,0,0,6.3,0
load,28.6,7560,0.99,0,0,-0.6,21,6,1,4.8,0
quality_check,32.1,101531,0.5,0,0,-15.8,18,2,1,2.9,1
dbt_model,27.9,606487,0.77,0,0,-22.8,15,5,1,2.6,0
dbt_model,34.9,3143,0.2,0,0,13.8,14,6,0,3.7,0
load,45.5,76283,3.26,0,0,-2.1,0,0,0,8.6,0
dbt_model,16.5,86028,1.62,0,0,-4.4,19,2,0,7.9,0
dbt_model,19.7,84471,0.67,0,0,-13.0,0,2,0,3.2,0
extract,45.8,503081,1.23,0,1,16.1,18,4,1,3.2,0
dbt_model,52.0,943761,0.25,0,0,-7.8,17,6,0,2.0,0
dbt_model,12.4,24994,0.1,0,0,26.8,6,4,1,1.0,1
dbt_model,41.5,106625,0.96,0,0,22.1,2,4,1,0.7,0
dbt_model,47.2,41555,0.89,0,0,25.7,21,1,2,0.9,0
dbt_model,22.7,13208,0.11,0,0,17.4,5,3,0,1.0,0
load,47.2,56010,0.17,0,0,-10.9,12,5,0,2.3,0
load,32.5,106340,0.33,0,1,0.9,16,3,1,0.4,1
extract,35.7,51384,2.13,0,0,-3.7,11,4,0,1.4,0
extract,23.3,8867,0.24,1,0,15.1,5,2,0,5.7,0
dbt_model,40.0,17297,0.81,0,0,-0.2,11,3,0,0.5,0
load,38.5,17510,1.78,0,0,-4.4,11,2,1,0.5,0
dbt_model,45.4,9434,1.75,0,0,29.8,10,3,0,1.5,0
load,46.1,59973,0.54,0,0,-5.9,9,1,0,2.8,0
dbt_model,33.3,70896,0.56,0,0,-11.2,1,4,1,1.7,0
dbt_model,62.9,174072,0.12,0,0,-7.2,8,4,2,5.8,0
dbt_model,42.0,9207,11.23,0,0,19.3,8,5,1,0.0,1
dbt_model,35.5,14415,1.02,0,0,3.4,6,1,1,0.3,0
extract,27.6,436835,2.09,0,0,8.3,2,2,0,10.0,0
dbt_model,18.0,27911,0.15,0,0,4.2,9,2,1,0.4,0
dbt_model,19.3,38109,5.41,0,0,-39.5,22,6,0,1.4,0
dbt_model,23.4,27442,0.07,0,0,-19.2,4,6,0,3.7,0
extract,47.8,222537,0.2,0,0,-5.0,16,3,0,9.5,0
quality_check,39.9,236781,0.48,1,0,5.7,22,2,0,11.6,0
load,29.8,215589,0.02,0,0,-17.7,23,0,1,4.6,0
dbt_model,31.1,37892,0.15,0,0,-18.3,7,2,1,8.7,1
dbt_model,27.5,8992,0.74,0,0,-5.6,3,0,1,0.8,0
load,44.8,790436,0.34,0,0,23.9,17,2,1,2.6,0
dbt_model,26.7,142927,1.18,0,0,-38.8,7,2,0,0.4,0
dbt_model,34.1,17489,2.05,0,0,-47.7,7,1,1,1.8,0
dbt_model,38.9,354374,0.11,0,0,31.2,17,6,1,2.2,0
dbt_model,23.1,15413,0.53,0,0,-27.5,6,5,0,3.5,0
dbt_model,50.5,347015,1.25,0,1,-7.3,12,4,1,2.6,1
quality_check,33.7,386642,1.22,0,0,-27.0,11,4,0,4.0,0
dbt_model,20.7,8313,2.1,0,0,-5.4,20,2,0,4.3,0
dbt_model,41.5,92116,0.11,0,0,-2.5,17,1,1,5.1,0
extract,34.9,126944,1.81,0,0,29.0,8,5,0,2.4,0
load,43.2,2382961,1.34,0,0,13.0,0,2,1,0.7,1
load,19.5,11073,2.01,0,1,-23.1,5,4,0,3.1,0
dbt_model,43.5,359356,1.16,0,0,-34.3,4,3,0,2.8,1
dbt_model,51.8,37337,0.64,0,0,9.0,18,0,1,0.7,0
load,17.4,4983,0.22,1,0,-9.4,18,6,1,0.4,1
dbt_model,35.1,29972,2.59,0,0,-13.0,0,0,0,2.7,0
quality_check,25.2,36458,0.33,0,0,21.3,8,2,1,1.5,0
quality_check,53.5,6672,0.84,0,0,-31.6,3,5,0,2.2,1
load,44.3,59842,0.7,0,0,-6.6,20,4,1,5.2,0
extract,37.4,168130,3.25,0,0,11.4,17,5,0,5.4,0
dbt_model,21.9,53163,3.93,0,0,-21.2,3,6,1,2.2,0
dbt_model,21.9,15260,0.16,0,0,23.4,16,4,0,4.1,0
load,38.5,28636,0.23,0,0,-18.2,19,1,0,1.0,0
dbt_model,20.0,36052,1.42,0,0,-1.3,1,0,0,7.5,0
dbt_model,20.9,51416,0.55,0,0,-12.5,14,5,1,2.2,0
dbt_model,35.4,214427,0.2,0,0,-49.3,12,2,0,0.5,0
quality_check,34.2,56111,0.49,1,0,-7.6,4,4,1,2.4,1
load,31.8,3849,0.39,0,0,14.3,22,3,0,7.2,0
extract,26.7,14769,1.38,0,0,-18.6,0,1,1,0.3,0
dbt_model,41.0,47364,1.5,0,0,-11.3,11,2,0,1.8,0
dbt_model,27.6,219388,2.67,0,0,-9.3,21,6,0,5.1,0
load,41.5,289686,0.59,0,0,9.6,7,2,1,0.5,1
dbt_model,39.1,621254,0.9,0,0,-6.5,6,5,1,0.3,0
dbt_model,38.0,44756,1.57,0,0,0.4,17,4,0,0.4,0
dbt_model,45.0,123166,1.16,0,0,0.7,5,3,0,0.7,0
dbt_model,24.1,3543,0.46,1,0,-9.4,12,5,0,2.6,0
dbt_model,27.5,72244,2.12,0,0,30.4,4,3,0,0.3,0
extract,14.1,6500,0.92,0,0,-18.5,1,4,0,0.9,0
quality_check,13.9,32857,1.29,0,0,12.7,8,2,0,0.0,0
dbt_model,39.1,4628490,0.16,0,0,23.0,3,6,0,5.9,0
dbt_model,32.1,59023,2.4,0,0,-2.5,12,1,1,17.8,0
quality_check,20.1,9117,0.05,0,0,1.1,11,3,0,6.2,0
quality_check,25.5,69735,0.99,0,0,9.5,11,6,0,4.0,0
extract,44.5,15877,1.03,0,1,-6.7,23,4,0,0.8,0
extract,37.5,7807,0.93,0,0,-34.1,20,4,1,1.0,0
extract,26.7,1050758,2.01,0,0,-4.5,10,0,2,1.0,0
quality_check,31.2,200165,1.66,0,0,29.6,4,2,2,10.5,0
dbt_model,36.9,63124,0.92,1,0,10.2,4,3,0,4.2,1
quality_check,25.5,19401,0.41,0,0,1.4,17,5,1,2.2,0
dbt_model,24.1,22086,0.16,0,1,13.6,20,5,1,0.9,0
dbt_model,33.5,428467,0.09,0,0,-2.6,21,3,1,1.4,0
dbt_model,42.9,59309,0.87,0,0,0.5,22,2,0,1.7,0
quality_check,34.3,261,0.09,0,0,-7.8,0,1,0,6.8,0
dbt_model,32.4,1747159,2.41,0,0,8.6,19,3,0,1.1,0
load,36.9,48673,0.69,0,0,-9.7,18,1,0,7.0,0
load,33.1,62905,1.73,0,0,-5.7,3,1,0,1.5,1
quality_check,26.2,206635,4.43,0,0,15.8,6,6,0,5.6,0
load,30.9,76469,1.25,0,0,-3.5,23,3,2,2.3,0
dbt_model,22.9,119976,0.58,0,0,10.2,10,2,2,3.2,1
extract,41.5,18435,0.36,0,0,11.7,16,2,0,1.0,0
dbt_model,42.8,5076,1.54,0,0,-1.4,1,2,1,1.6,0
quality_check,29.3,56861,1.66,0,0,-6.3,15,5,0,4.1,0
quality_check,30.4,358822,0.29,0,0,-23.8,7,3,0,0.9,0
dbt_model,39.9,12881,0.11,0,0,-19.7,18,4,2,4.3,0
dbt_model,41.2,11329,1.42,0,1,11.0,2,4,2,4.3,1
dbt_model,25.6,256178,0.43,0,0,10.6,23,3,0,8.2,0
quality_check,29.6,17472,0.77,0,0,-17.8,5,3,1,1.0,0
extract,30.6,18828,1.41,0,0,7.1,9,5,0,3.9,0
dbt_model,24.3,19989,1.5,0,0,3.9,0,6,1,1.5,1
dbt_model,35.5,32729,2.36,0,0,16.8,2,2,0,3.9,0
quality_check,21.6,2928,4.56,0,0,39.0,22,2,0,0.4,0
dbt_model,25.9,15322,1.25,0,0,10.3,16,5,0,2.0,1
extract,32.0,52501,0.48,0,0,-12.4,21,0,1,1.9,0
dbt_model,19.5,51905,5.54,0,0,13.4,20,3,1,4.5,0
extract,17.0,231605,0.22,0,0,-18.8,15,6,0,4.6,0
dbt_model,45.6,689021,0.02,0,0,40.0,15,4,0,3.5,0
load,29.8,408388,1.24,1,0,-22.1,7,1,0,10.9,0
dbt_model,54.0,156912,0.86,0,0,7.9,16,2,0,5.8,1
load,49.6,28624,1.34,0,1,0.0,22,6,0,1.0,1
quality_check,26.0,13401,1.07,0,0,-7.4,5,3,0,0.4,0
load,53.3,37369,0.06,0,0,-8.6,23,5,0,2.0,0
dbt_model,42.3,92681,0.63,0,0,24.5,12,5,0,4.2,0
load,28.7,135279,2.61,0,0,10.2,19,5,1,1.3,0
dbt_model,10.7,98413,0.4,0,0,-2.7,8,4,1,2.4,0
dbt_model,38.1,29915,2.72,0,1,31.2,16,0,0,1.6,1
quality_check,34.7,127896,1.04,0,0,-2.1,13,2,0,2.1,0
dbt_model,39.6,273046,0.52,0,0,13.2,7,0,0,0.9,0
dbt_model,32.6,148487,0.71,0,0,-24.1,0,3,1,1.5,0
extract,21.9,34502,0.38,0,0,-23.2,21,1,0,3.3,0
extract,26.1,9564,1.26,0,0,12.8,16,4,1,0.2,0
dbt_model,36.2,9208,0.53,0,0,5.5,11,2,0,0.3,0
load,27.2,12210,2.29,0,0,38.6,13,6,2,5.4,1
dbt_model,29.7,54793,0.18,1,0,-12.7,15,5,2,1.4,1
dbt_model,20.0,83423,1.41,0,0,12.2,0,1,1,1.9,0
load,29.1,3777,0.73,0,0,-4.4,4,2,1,3.9,0
quality_check,20.8,16213,0.68,0,0,15.3,23,2,1,1.9,1
extract,41.2,53597,1.85,0,0,13.8,0,0,0,1.7,0
dbt_model,23.1,8608,0.18,0,0,-0.5,2,5,0,15.0,0
extract,30.8,72710,1.42,0,0,-13.3,23,0,1,0.6,0
dbt_model,50.9,22205,2.04,0,0,-6.1,18,5,0,5.1,0
dbt_model,27.5,11413,1.08,0,1,-20.0,14,3,1,0.0,0
dbt_model,28.4,39542,0.28,0,0,6.6,22,3,0,1.0,0
dbt_model,38.6,68026,1.21,0,0,-50.6,16,0,0,1.5,0
dbt_model,13.8,9342,1.73,0,0,-10.5,2,4,0,0.4,0
dbt_model,42.8,24632,0.13,0,0,16.3,1,5,1,0.6,0
dbt_model,42.5,76748,0.27,0,0,15.8,21,2,0,1.1,0
dbt_model,34.8,10728,1.33,0,0,-29.0,10,1,0,1.7,1
dbt_model,1.0,2559,1.23,0,0,10.5,8,6,0,1.2,1
dbt_model,25.6,3107,1.39,0,0,-20.5,6,3,0,0.2,0
dbt_model,19.6,18603,0.05,0,0,-6.8,19,4,0,3.5,0
dbt_model,38.7,4405,0.26,0,0,13.8,20,5,1,8.5,0
extract,40.7,20819,2.92,0,0,-17.6,14,4,0,5.7,0
load,40.4,521210,0.42,0,0,25.7,11,3,2,2.7,0
load,17.6,4000,0.58,0,0,4.6,14,4,2,5.3,0
dbt_model,44.9,23105,1.2,0,0,8.3,9,6,0,0.8,0
dbt_model,35.8,1100953,1.51,0,0,19.4,8,4,1,7.1,0
quality_check,49.6,69773,2.1,0,0,16.0,3,5,1,1.1,0
dbt_model,33.6,20163,1.49,0,0,14.5,11,1,1,4.6,1
dbt_model,36.4,28253,1.17,0,0,-11.8,9,1,1,2.2,0
dbt_model,29.3,72184,0.58,0,0,-20.0,6,0,0,1.9,0
extract,49.6,547564,3.01,1,0,-5.1,8,0,2,9.7,1
load,36.2,15531,0.38,0,0,8.5,16,3,0,10.5,0
dbt_model,43.1,10805,3.71,0,0,-23.1,18,6,0,19.5,1
dbt_model,30.0,3999,0.54,0,0,10.5,19,0,0,0.7,0
load,32.1,42828,2.09,0,0,6.7,20,4,0,0.3,0
dbt_model,33.7,3831,2.92,0,0,-3.3,23,5,0,0.2,0
dbt_model,43.9,17291,0.29,0,0,1.1,9,6,0,2.3,0
dbt_model,38.9,8485,0.13,0,0,1.2,21,5,1,2.0,0
dbt_model,36.5,202520,2.19,0,0,7.9,9,0,0,1.8,0
quality_check,14.1,16099,0.94,0,0,13.4,19,1,0,6.3,0
dbt_model,40.6,68534,1.05,0,0,51.7,23,6,2,5.4,0
extract,14.8,2789,0.64,0,0,3.0,18,0,0,4.7,0
load,32.9,44820,0.42,0,0,-11.6,9,6,0,1.0,0
dbt_model,27.9,5297,0.28,0,0,-34.3,9,6,1,0.9,0
quality_check,18.3,18378,0.48,0,0,-25.3,15,1,2,2.1,0
dbt_model,41.7,1249087,2.55,0,0,-13.6,23,5,0,0.1,0
dbt_model,54.2,161373,0.6,0,0,12.4,3,0,0,1.3,1
quality_check,29.1,29570,1.84,0,0,-7.1,6,0,0,0.3,0
load,48.0,6066588,2.18,1,0,7.3,10,2,0,0.2,1
dbt_model,50.9,8397,0.16,0,0,-13.2,19,1,2,1.1,0
quality_check,43.2,234297,1.79,0,0,8.2,5,3,0,1.7,0
load,22.2,3126,0.01,0,0,15.7,10,1,0,2.4,0
dbt_model,33.7,24580,0.41,0,0,-7.2,5,1,1,4.8,0
extract,32.8,4202,0.57,0,0,7.8,16,2,0,1.3,0
dbt_model,45.9,54810,0.87,0,0,-7.9,5,0,0,2.8,1
dbt_model,43.3,39717,1.06,0,0,-22.2,2,4,0,1.8,0
extract,6.5,22197,0.19,0,0,10.0,11,6,2,4.5,0
quality_check,27.6,208415,0.03,0,1,7.4,0,2,0,0.4,0
load,30.0,14656,0.38,0,0,10.7,7,1,0,1.1,0
dbt_model,24.0,61264,0.59,0,0,17.2,23,6,0,0.0,0
dbt_model,1.2,134980,0.57,0,1,-4.5,19,6,2,0.3,0
quality_check,21.6,3384,3.58,0,0,-3.2,15,3,1,8.3,0
dbt_model,30.1,10965,1.13,0,0,-5.1,10,1,0,1.1,0
dbt_model,27.7,39583,0.1,1,0,6.2,19,5,0,11.3,0
dbt_model,25.0,99533,0.56,0,0,-2.5,1,5,1,4.2,0
dbt_model,36.6,352914,0.7,0,0,2.3,10,0,0,3.0,0
extract,34.7,25708,1.87,0,0,-13.0,10,1,0,2.6,0
dbt_model,27.1,21886,1.01,0,0,-18.5,0,6,2,3.1,1
quality_check,42.2,8989,0.16,0,0,-16.4,2,0,1,0.3,0
extract,33.7,61572,2.45,0,0,7.5,10,1,1,11.0,0
dbt_model,23.6,22575,0.75,0,0,-0.8,3,5,1,11.1,0
dbt_model,21.4,23424,0.83,1,0,-8.9,23,5,0,4.0,0
quality_check,30.1,31250,3.07,0,0,11.9,3,1,0,3.9,0
dbt_model,43.8,87781,0.09,0,0,26.2,0,6,1,4.7,0
dbt_model,23.3,14735,0.58,1,0,-8.9,19,2,0,7.6,0
dbt_model,35.5,10557,0.26,0,0,-19.5,9,1,1,7.3,0
dbt_model,34.3,72457,0.07,0,0,17.0,10,2,0,1.6,0
quality_check,41.8,286,0.77,0,0,0.3,6,4,0,12.5,0
extract,34.1,13823,4.13,0,0,-3.3,0,4,1,5.8,0
extract,22.8,5755,0.9,0,0,18.3,17,1,0,5.0,0
quality_check,42.2,249001,3.49,0,0,-4.7,12,4,1,6.7,0
dbt_model,37.9,17934,0.57,0,0,7.1,9,0,0,17.0,0
dbt_model,27.1,14806,1.3,0,0,2.9,4,0,0,0.9,0
dbt_model,21.6,33597,0.52,0,0,58.4,3,1,1,2.3,0
extract,35.4,14008,3.02,0,0,-2.4,17,6,0,3.0,0
quality_check,31.7,19067,1.79,0,0,16.9,1,4,0,14.4,0
quality_check,18.9,42420,1.19,0,0,-4.5,22,0,0,0.4,0
dbt_model,33.4,18485,1.39,0,0,8.1,12,0,0,0.8,0
dbt_model,25.3,18274,0.14,0,0,-3.5,4,5,1,3.5,0
dbt_model,15.8,7213,0.4,0,0,14.3,21,3,1,3.1,0
dbt_model,25.9,5732,0.12,0,0,-1.7,6,5,0,3.5,0
dbt_model,44.0,40015,0.63,0,0,9.1,7,2,0,3.0,0
dbt_model,44.0,59311,0.77,0,0,-13.6,17,2,0,0.1,0
dbt_model,36.8,3695,3.0,0,0,-14.3,2,1,2,0.8,0
load,36.8,122504,0.6,0,0,-33.9,15,4,1,2.3,0
quality_check,39.7,123312,0.57,0,0,6.6,6,4,1,2.7,0
dbt_model,35.8,172733,0.18,0,1,-11.7,19,3,0,0.7,1
load,23.1,58678,0.47,0,0,39.5,11,6,0,0.9,0
dbt_model,25.9,100642,0.87,0,0,-8.5,15,4,0,0.5,0
load,32.8,1197853,0.8,0,0,22.4,11,6,0,2.6,1
dbt_model,44.0,22416,0.84,0,0,20.6,4,5,0,0.1,0
dbt_model,39.0,6815,0.19,0,1,-4.4,7,0,2,8.9,0
dbt_model,18.3,3119,0.38,0,0,-13.3,20,3,2,2.4,0
quality_check,37.6,602641,2.27,0,0,-2.4,12,6,0,0.3,0
dbt_model,33.5,615419,0.45,0,0,20.4,3,5,0,1.6,0
load,28.3,8272,0.03,0,0,41.1,1,0,1,4.4,0
extract,25.4,11342,2.58,0,0,-22.2,2,1,1,11.9,0
dbt_model,44.0,21625,0.39,0,0,0.3,19,0,1,2.5,0
extract,35.5,257509,1.05,0,0,-10.9,22,4,0,0.8,0
load,30.6,4630,0.9,0,0,-6.5,12,3,2,6.6,0
dbt_model,28.8,1561,2.69,0,0,30.7,14,2,1,8.1,0
quality_check,29.0,1164757,5.49,0,0,-13.9,12,6,1,1.0,0
load,34.1,59862,0.66,0,0,-28.9,7,6,1,1.2,0
dbt_model,43.1,75136,1.65,0,0,3.6,18,0,0,3.7,0
extract,44.9,26155,1.24,0,1,6.8,6,5,2,0.3,1
dbt_model,23.2,76516,1.55,0,0,-7.6,17,6,0,2.1,0
dbt_model,14.4,3220,0.45,0,0,-12.3,2,0,0,5.9,1
load,30.5,9457,6.64,1,0,2.9,13,6,0,2.3,1
load,42.5,42969,0.27,0,0,-24.3,13,5,1,3.1,0
dbt_model,29.2,959,1.35,0,0,7.6,3,1,2,1.2,0
load,37.5,22381,0.35,0,0,-6.3,20,4,0,2.2,0
dbt_model,19.0,20278,0.43,0,0,25.0,4,0,1,5.3,0
quality_check,26.3,22374,1.28,0,0,5.7,16,4,0,0.0,0
dbt_model,10.9,15036,0.06,0,1,-2.8,11,2,0,0.0,1
dbt_model,28.2,7380,3.75,0,0,-4.1,18,1,2,6.2,0
dbt_model,7.7,1967,2.37,0,0,-34.8,10,5,1,2.2,0
dbt_model,44.6,45779,1.75,0,0,-2.2,14,5,2,1.0,0
dbt_model,45.4,22466,0.05,0,0,-3.7,17,2,2,0.9,0
dbt_model,29.7,4022,0.84,0,0,0.9,0,0,1,4.1,0
dbt_model,18.8,40136,0.32,0,0,-3.4,5,5,0,1.0,0
extract,34.8,22653,0.77,0,0,25.7,10,6,0,0.1,0
load,47.7,17367,0.46,0,0,-4.8,8,6,0,0.9,0
dbt_model,30.5,1151,2.37,0,0,-15.2,0,3,1,4.4,1
extract,44.8,108274,2.39,0,0,-30.0,15,3,0,0.7,0
dbt_model,24.4,5049,1.44,0,0,-8.0,1,0,2,7.6,0
load,24.6,40184,0.53,0,0,-18.8,18,2,1,0.0,0
dbt_model,29.4,9964,1.34,0,0,-23.4,4,4,2,1.4,0
load,13.8,19497,1.11,0,0,-5.6,14,5,1,2.0,0
dbt_model,55.8,229502,0.38,0,0,20.5,21,2,2,0.5,0
quality_check,35.0,85015,0.32,0,0,16.8,8,6,0,1.0,0
dbt_model,43.2,221474,1.1,0,0,-23.1,5,1,0,2.1,0
extract,29.0,61612,0.37,0,0,0.7,5,4,2,0.8,1
dbt_model,19.5,68448,0.93,0,0,7.6,10,4,0,1.0,0
load,40.1,2101,3.89,0,0,10.5,7,4,0,6.2,0
quality_check,21.2,21850,1.36,0,0,28.9,21,2,0,4.3,0
quality_check,34.8,25340,0.77,0,0,-21.1,20,4,0,10.2,1
load,39.6,257265,3.18,0,0,-15.9,16,1,0,1.7,0
dbt_model,31.5,16155,1.99,0,0,-11.9,8,5,0,4.5,0
dbt_model,25.9,55479,0.08,0,0,6.6,3,4,0,6.8,0
load,31.5,52115,0.01,0,0,-49.0,5,2,1,2.5,0
dbt_model,26.9,231487,4.21,0,0,-4.1,11,2,0,1.7,0
dbt_model,39.2,29319,0.73,0,0,-32.1,19,0,1,1.4,1
dbt_model,39.7,136551,2.03,1,0,-0.0,18,0,1,2.4,1
load,27.3,2373,0.11,0,0,37.3,23,2,2,4.8,0
extract,22.6,2745,0.31,0,0,16.2,10,1,1,1.6,0
extract,44.9,940,0.22,0,0,-22.1,13,4,1,1.1,0
quality_check,22.7,127717,0.76,0,0,-7.5,5,3,1,0.1,0
extract,20.2,106709,0.2,0,0,-16.0,16,1,1,5.1,0
dbt_model,34.0,152500,0.36,0,0,23.3,15,4,0,2.2,0
load,28.0,12286,1.9,0,0,-39.6,1,4,1,0.0,0
dbt_model,40.6,14740,3.64,0,0,-7.9,9,3,0,8.7,0
quality_check,37.7,29921,0.73,0,1,-12.5,22,4,0,2.1,0
dbt_model,36.5,365828,0.65,0,0,-21.1,12,6,2,1.6,0
extract,41.5,545863,1.12,0,0,29.9,10,4,2,4.7,0
dbt_model,38.8,129326,1.51,1,0,-28.2,2,2,2,0.5,0
quality_check,52.1,61674,0.45,0,0,-21.5,19,4,0,0.9,0
extract,38.2,307617,0.44,0,0,28.7,21,6,2,0.6,0
dbt_model,25.4,24116,1.8,0,1,-1.8,21,4,0,2.9,0
dbt_model,32.9,19428,0.73,0,0,-3.2,22,3,2,2.3,0
dbt_model,8.3,29541,1.33,0,0,-11.3,22,0,0,0.8,0
load,29.2,7585,1.53,0,0,-0.0,7,4,0,5.8,0
dbt_model,41.6,27446,0.14,0,0,-7.7,18,5,0,0.3,0
dbt_model,34.6,6076,2.32,0,0,-13.2,7,3,1,7.5,0
dbt_model,37.8,187214,3.24,0,0,-25.2,8,4,1,3.8,1
dbt_model,39.6,86673,0.57,0,0,0.7,4,0,0,5.2,0
quality_check,46.1,357646,1.31,0,0,-10.7,1,6,1,3.8,0
extract,40.5,2678,1.54,0,0,-8.4,14,2,0,1.2,0
dbt_model,41.6,761248,1.77,0,0,11.9,1,6,2,0.8,0
dbt_model,25.0,2933,0.14,0,0,-9.1,4,4,0,4.2,0
dbt_model,8.1,5338,0.73,0,0,-2.0,4,5,1,0.9,1
extract,39.3,13449,2.63,1,0,30.1,14,1,1,5.1,1
quality_check,40.5,294299,1.56,1,0,6.9,11,1,0,5.0,0
dbt_model,34.2,52099,0.03,0,0,-9.7,22,2,0,0.6,0
dbt_model,25.4,24584,0.02,0,0,-19.7,15,1,1,0.0,0
quality_check,38.7,10216,0.95,0,0,-2.4,4,4,0,2.7,0
load,26.1,4017,0.83,0,0,14.2,6,1,0,13.0,0
dbt_model,35.1,222393,0.21,0,0,-10.6,5,5,2,1.5,0
dbt_model,34.0,130329,0.6,1,0,-0.8,10,1,1,6.0,0
dbt_model,40.0,316133,0.48,0,0,-11.1,2,3,0,0.1,0
dbt_model,23.0,68521,0.65,0,0,-7.3,10,2,2,6.2,0
extract,30.0,529,0.3,0,0,-23.0,7,5,1,1.5,0
dbt_model,22.3,4957,1.01,0,0,3.8,2,2,2,9.3,0
extract,27.4,76404,2.02,0,0,1.5,21,5,1,7.0,0
extract,39.2,20099,0.13,0,0,25.5,8,6,0,0.3,0
dbt_model,21.7,14851,0.46,0,0,0.8,0,3,0,10.1,0
quality_check,37.1,6215,3.09,0,0,-14.0,17,0,0,0.0,0
load,35.8,165403,0.68,0,0,25.0,15,4,0,1.7,1
extract,18.7,75350,0.46,0,0,5.4,8,4,0,0.9,0
dbt_model,45.9,80975,2.23,0,0,2.2,9,0,0,4.9,0
dbt_model,33.3,13177,0.13,0,0,-1.4,4,3,0,2.5,0
dbt_model,36.3,48149,0.84,0,0,1.5,7,0,1,1.5,0
load,37.6,4270,2.69,0,0,-16.8,3,1,1,0.2,0
quality_check,45.4,29503,0.56,0,0,-2.8,4,4,1,1.5,0
dbt_model,27.0,636,0.41,0,0,-5.2,9,3,1,3.9,0
extract,33.4,2954,0.46,0,0,5.1,19,4,0,2.7,0
extract,34.7,21683,0.45,0,0,18.8,4,2,0,2.9,0
extract,35.8,1623652,0.36,0,0,16.1,19,2,1,1.2,1
dbt_model,13.0,2036,3.74,0,0,7.9,19,0,1,7.8,0
dbt_model,30.7,4965,0.37,0,0,-32.3,0,4,0,2.0,0
dbt_model,45.3,51371,0.8,0,0,-9.1,6,3,0,4.5,1
quality_check,42.4,616045,1.74,0,0,-34.1,13,0,0,2.9,0
quality_check,23.2,50185,0.35,0,0,18.2,3,0,2,0.6,0
dbt_model,44.1,111683,1.71,1,0,-3.4,9,5,1,2.7,1
load,28.5,21159,2.81,0,0,-3.9,16,5,1,0.6,0
quality_check,12.0,16042,0.72,0,0,-13.6,0,2,1,0.8,1
quality_check,41.6,41418,1.34,0,0,21.5,15,6,1,0.0,0
load,21.9,12666,1.38,0,0,0.6,7,3,0,1.6,0
dbt_model,50.3,115708,0.85,0,0,-3.3,18,3,1,3.2,1
quality_check,38.1,2779,0.29,0,0,1.0,4,6,1,0.4,0
load,32.7,150840,4.51,0,0,2.4,16,4,0,2.7,0
load,36.5,38673,0.37,0,0,-3.7,18,3,0,9.0,0
dbt_model,53.5,25756,1.04,0,0,21.4,10,0,0,18.6,0
quality_check,36.7,2620,1.47,0,0,21.3,10,3,0,6.5,0
load,31.7,7572,0.67,0,0,0.4,9,2,1,2.7,0
load,61.6,247172,1.13,0,0,-15.3,19,0,0,4.1,0
load,32.7,26010,1.04,0,0,4.6,9,3,1,4.8,0
quality_check,38.3,56694,0.5,0,0,-12.0,23,0,0,11.6,0
dbt_model,21.4,8890,0.41,0,0,24.4,3,6,0,1.0,0
quality_check,17.1,34665,0.12,0,0,27.0,9,6,0,1.9,1
dbt_model,25.8,4042,1.98,0,0,11.7,13,5,1,2.0,0
quality_check,32.9,42608,4.55,0,0,-22.2,13,6,2,0.9,0
quality_check,36.2,65711,1.32,0,0,-9.7,10,5,1,8.6,0
load,20.4,60656,1.8,0,0,-4.9,23,5,0,6.3,0
dbt_model,35.7,8554,1.18,0,0,-16.4,11,0,0,3.2,0
dbt_model,23.8,21009,0.77,0,0,-6.7,3,6,2,3.7,1
extract,39.2,85777,0.82,0,0,2.9,9,1,0,2.7,0
dbt_model,40.1,25892,0.1,0,0,8.2,1,0,0,3.3,0
dbt_model,27.9,22932,1.36,0,0,21.9,6,6,0,4.3,0
dbt_model,28.9,763408,0.4,0,0,-1.6,11,5,1,0.9,0
quality_check,43.5,7930,2.25,0,0,-6.6,1,4,0,0.2,0
load,43.1,204570,1.01,0,0,-24.4,11,0,0,0.2,0
extract,30.4,5724,0.36,0,0,5.0,5,2,2,9.5,0
dbt_model,47.3,103533,0.37,0,0,-9.4,22,4,2,10.6,0
quality_check,35.0,112763,0.1,0,0,-5.0,3,4,2,0.2,0
quality_check,25.2,16049,1.2,0,0,-11.4,10,5,0,0.0,0
quality_check,19.8,5177,0.55,0,0,-10.9,4,1,1,0.6,1
quality_check,25.8,1552,0.05,0,0,11.7,10,4,0,3.8,0
load,37.5,13572,0.07,0,0,-2.2,11,0,0,0.9,0
load,46.2,84284,1.11,0,0,26.9,11,1,0,1.0,1
dbt_model,29.5,6475,0.72,0,0,-21.3,11,0,1,9.7,0
dbt_model,43.4,42409,0.42,0,0,21.3,10,6,1,12.0,0
dbt_model,26.2,3421,0.23,0,0,-10.1,6,2,1,0.0,0
quality_check,24.6,24978,0.79,0,0,-2.2,21,3,2,2.9,0
extract,17.3,5794,0.58,0,1,7.7,15,0,0,0.4,0
quality_check,27.5,32055,0.43,0,0,17.3,14,6,1,1.8,0
dbt_model,19.4,16289,0.17,0,0,18.0,9,2,2,4.2,1
load,47.0,5406,2.66,0,0,17.6,19,3,0,1.5,0
dbt_model,34.4,12654,3.23,0,0,-5.0,16,2,0,5.6,0
load,28.8,8146,0.7,0,0,31.4,3,2,2,0.1,0
dbt_model,44.1,4436,0.9,0,0,9.9,10,2,0,0.7,0
dbt_model,23.5,205334,0.81,0,0,-54.2,21,6,0,0.2,0
dbt_model,30.0,20408,1.13,0,0,-0.1,21,0,0,1.9,0
dbt_model,44.1,1071,0.05,0,0,-7.6,23,5,0,0.4,0
load,29.2,13396,2.73,0,0,-6.4,18,1,0,1.6,0
dbt_model,56.8,156927,1.4,0,0,10.7,22,0,0,4.3,0
quality_check,37.2,10741,0.69,0,0,4.8,6,6,1,5.4,0
load,48.2,398869,0.7,0,0,-12.9,23,3,1,3.5,0
dbt_model,41.9,9221,0.35,0,0,26.3,22,6,1,0.0,0
dbt_model,33.7,81263,0.59,0,0,-23.9,16,0,1,0.3,0
dbt_model,30.7,190731,1.76,0,0,-25.1,16,0,1,1.3,0
quality_check,32.5,74630,0.9,0,0,-20.3,16,6,1,2.6,0
load,19.5,4027,0.26,0,0,7.3,2,1,0,1.0,0
quality_check,29.0,8038,1.51,0,0,5.9,1,3,0,1.5,0
quality_check,35.5,236124,2.95,0,0,-15.3,5,1,0,3.2,0
dbt_model,45.2,10022,0.02,0,0,-11.4,6,1,0,3.9,0
dbt_model,40.3,173006,0.05,0,0,-0.8,1,4,0,2.0,0
dbt_model,52.3,18243,2.35,0,0,-20.0,18,0,0,0.4,0
dbt_model,13.2,45537,0.37,0,1,13.7,0,5,1,6.3,1
dbt_model,17.4,3952,0.87,0,0,27.5,8,2,2,2.0,0
extract,27.4,13722,1.04,0,0,-3.9,2,6,0,0.6,0
load,43.2,8950,0.65,1,0,5.5,14,2,0,1.0,1
quality_check,31.9,52102,1.08,0,0,1.2,22,5,0,13.7,0
dbt_model,19.3,42155,0.46,0,0,23.9,14,6,2,3.0,0
extract,31.3,76133,2.65,1,0,34.2,13,4,2,1.7,0
extract,20.1,16566,0.15,0,0,-7.2,13,6,0,3.7,0
extract,17.1,8197,0.95,0,0,-0.1,6,5,0,3.9,0
quality_check,50.7,48648,1.46,0,0,14.7,8,3,1,1.9,0
dbt_model,26.2,6992,0.9,0,0,5.5,7,6,0,1.1,0
dbt_model,36.8,203918,0.6,0,0,-17.1,21,6,1,2.9,0
load,31.1,30235,0.72,0,0,-33.3,8,6,1,4.0,0
load,29.1,21551,0.24,0,0,-11.5,5,5,1,10.3,0
quality_check,26.0,76075,0.63,0,0,5.2,12,0,0,2.1,0
dbt_model,29.2,32138,0.83,0,0,-7.8,18,5,1,3.0,1
dbt_model,30.7,2558,2.88,0,0,-19.7,9,1,0,1.1,0
dbt_model,42.1,6645,1.08,0,0,-11.2,0,1,0,1.2,0
load,43.7,197271,1.06,0,0,32.2,9,5,1,0.6,1
extract,21.5,41531,0.17,0,0,-21.0,20,5,0,2.3,0
quality_check,36.5,2463,3.37,0,0,-6.4,20,0,1,1.8,1
dbt_model,37.5,63791,0.29,0,0,-10.0,18,6,0,0.8,0
quality_check,25.1,14841,0.79,0,0,34.5,12,4,1,2.7,0
dbt_model,31.4,8962,0.25,0,0,-27.2,23,5,1,0.3,0
extract,34.2,5815,0.81,0,0,-14.8,2,6,0,1.2,0
quality_check,35.4,179851,0.88,0,0,0.5,2,3,0,3.8,0
dbt_model,31.1,1564,2.27,0,0,2.3,17,2,1,2.2,0
dbt_model,22.1,9508,1.09,0,0,19.5,19,0,1,3.5,0
dbt_model,50.5,44011,0.05,0,0,17.6,5,5,2,0.3,0
dbt_model,19.3,453785,0.04,0,0,-13.4,7,2,1,3.7,0
dbt_model,39.0,88095,4.85,0,0,5.0,5,2,0,2.4,0
dbt_model,33.2,9380,0.32,0,0,-3.8,5,4,0,0.6,0
dbt_model,42.3,419561,0.33,0,1,-8.9,0,2,1,0.8,0
dbt_model,22.1,4153,2.53,0,0,17.6,4,0,0,0.7,0
extract,43.5,55522,0.3,0,0,3.9,16,6,0,1.9,0
load,32.6,79257,0.05,0,0,28.0,17,2,0,16.7,0
dbt_model,19.1,8868,1.79,0,0,7.9,21,5,2,2.2,1
extract,24.3,110873,2.54,0,0,16.0,22,4,0,2.0,0
extract,31.9,15958,0.2,1,0,-49.5,5,1,1,1.7,1
load,19.8,110440,0.55,0,0,0.9,15,6,0,0.9,0
dbt_model,43.3,1913,1.25,0,0,7.1,9,6,1,1.1,0
dbt_model,42.6,62066,0.44,0,0,8.8,6,4,0,1.3,0
dbt_model,47.5,18781,1.54,1,0,27.2,16,5,0,4.1,1
extract,50.9,228553,0.67,0,0,10.5,9,4,0,0.5,0
dbt_model,29.0,33847,0.36,0,0,-22.4,14,2,2,3.3,0
dbt_model,27.9,268006,1.08,0,0,9.1,5,1,0,0.9,0
quality_check,9.6,81812,7.24,0,0,14.5,10,6,2,3.4,1
extract,28.2,29613,1.07,0,0,-11.6,1,4,0,3.4,1
dbt_model,50.3,128062,1.48,0,0,-8.0,0,3,0,0.1,0
quality_check,27.0,129377,0.09,0,0,13.6,18,5,0,4.9,0
load,31.7,77269,0.35,0,0,-0.5,21,3,0,3.2,0
dbt_model,20.9,927,2.68,0,0,19.2,2,3,2,0.0,0
dbt_model,32.9,7539,0.64,0,0,2.8,16,0,0,0.3,0
dbt_model,47.7,332557,0.25,0,0,-39.8,15,6,1,0.2,0
dbt_model,14.9,4868,0.56,0,0,0.5,6,0,0,1.1,0
dbt_model,22.6,149035,0.05,0,0,-7.7,10,2,0,0.9,0
dbt_model,47.6,112456,0.51,0,0,10.6,7,4,0,2.6,0
dbt_model,36.8,11370,2.08,0,0,7.1,1,4,0,4.2,0
dbt_model,24.4,1491,3.49,0,0,-17.4,19,4,1,3.5,1
load,46.0,14614,1.27,0,0,3.1,7,5,1,2.5,0
dbt_model,25.7,1009357,4.13,0,0,9.2,12,3,0,1.0,0
load,38.2,9124,1.52,0,0,7.5,1,6,0,7.1,0
dbt_model,29.4,10190,0.42,0,0,17.1,1,4,1,2.1,0
quality_check,34.9,7360,0.06,0,0,-18.9,15,3,1,1.5,0
dbt_model,14.1,253635,1.1,0,0,-3.3,9,2,2,1.0,0
quality_check,29.2,24620,2.48,0,0,-40.6,16,3,2,12.0,0
dbt_model,37.1,13340,1.39,0,0,20.8,21,3,2,6.1,0
quality_check,35.6,348557,0.55,0,0,1.7,21,6,2,5.6,0
dbt_model,45.1,91783,1.3,0,0,-2.0,1,1,0,0.7,0
dbt_model,40.7,8342,0.6,0,0,-2.3,6,3,0,5.8,0
dbt_model,20.2,5126,0.7,0,0,8.6,4,0,0,0.3,0
quality_check,42.9,231670,2.32,0,0,18.7,4,0,0,0.5,0
dbt_model,23.4,37304,0.55,0,0,-5.2,10,3,2,10.5,0
extract,28.4,3045,0.51,0,0,7.4,11,3,0,4.3,0
quality_check,33.2,2094,1.55,0,0,7.2,23,2,1,6.9,0
quality_check,21.6,6089,2.88,0,0,-39.6,19,4,0,1.3,0
extract,35.9,4998,0.45,0,0,-12.7,1,0,0,0.4,0
load,22.0,1375,0.94,0,0,7.8,13,5,2,2.6,0
dbt_model,24.0,6252,1.6,0,0,22.2,5,2,0,0.6,0
extract,36.0,8345,0.56,0,0,24.5,22,0,2,3.4,0
dbt_model,23.4,17321,0.81,0,0,-22.0,6,6,1,2.2,1
load,29.0,545062,0.65,0,0,18.0,2,4,1,1.5,0
dbt_model,40.9,23695,0.93,0,0,18.6,22,3,1,0.2,0
load,32.8,27774,3.39,0,0,7.4,17,4,0,3.5,0
dbt_model,20.6,82027,0.44,0,0,-36.4,16,3,0,0.1,0
dbt_model,39.3,24842,2.11,0,0,-9.7,15,4,0,2.8,0
dbt_model,29.7,68888,1.34,0,0,1.9,17,5,1,3.7,0
dbt_model,20.4,56896,0.98,0,0,-4.2,5,1,0,0.1,0
quality_check,10.0,44185,3.46,1,0,-39.0,16,4,1,4.1,0
load,48.1,3036893,2.02,0,0,-4.7,4,5,1,1.4,0
dbt_model,27.0,156029,1.0,0,0,-16.8,21,0,0,0.2,0
load,18.0,6433,0.22,0,0,10.6,9,5,0,2.6,0
dbt_model,39.0,65667,0.46,1,0,8.6,22,2,0,1.7,0
extract,37.3,10231,1.55,0,0,9.4,7,0,1,4.2,0
load,26.4,74161,0.99,0,0,-6.6,4,4,0,0.1,0
dbt_model,36.6,4022,2.24,0,0,0.4,8,5,2,8.1,0
dbt_model,47.7,6170,4.24,0,0,-1.5,13,3,0,9.4,0
quality_check,45.3,62959,0.83,0,0,16.4,17,4,0,1.8,0
extract,45.7,179202,2.34,0,0,-9.6,0,3,0,0.6,0
dbt_model,36.5,81164,0.09,1,0,-13.6,2,3,2,3.7,0
quality_check,30.6,142427,0.53,0,0,17.3,6,2,0,6.7,0
dbt_model,32.8,66046,2.03,0,0,14.8,17,5,0,6.7,0
extract,36.7,47858,0.15,0,0,8.4,6,3,0,6.2,0
extract,19.5,16221,0.6,0,0,28.4,11,0,0,0.1,0
quality_check,27.6,133359,1.02,0,0,37.6,23,1,0,0.5,0
extract,22.2,187176,5.18,0,0,22.2,4,2,0,0.8,0
extract,34.2,32827,2.58,0,0,-13.5,4,5,0,1.3,0
dbt_model,32.7,30119,0.72,0,0,15.0,16,6,0,7.2,0
extract,30.8,463355,0.79,0,0,2.0,18,1,1,0.0,0
dbt_model,39.6,35148,0.07,0,0,-10.1,8,1,1,1.5,1
dbt_model,23.0,40990,0.13,0,0,-13.3,4,3,0,1.8,0
dbt_model,27.4,78807,4.63,1,0,4.8,3,6,1,5.2,0
dbt_model,39.0,31054,0.27,0,0,14.7,23,2,0,2.5,0
quality_check,38.3,9773,1.64,0,0,24.8,14,4,1,2.4,0
dbt_model,26.1,66485,0.16,1,0,12.1,9,5,1,5.1,0
dbt_model,34.2,34132,0.24,0,0,10.3,7,0,0,0.7,0
extract,30.4,692178,0.27,0,0,-3.7,3,2,1,0.5,0
dbt_model,32.7,128221,0.24,0,0,3.9,6,1,1,1.3,0
extract,31.9,14005,0.27,0,0,-26.9,18,6,1,0.2,0
extract,39.3,116599,0.65,0,0,10.2,11,0,1,0.8,0
dbt_model,36.0,59431,2.8,0,0,7.8,21,0,0,0.4,0
dbt_model,38.3,295103,0.43,0,0,34.5,12,5,0,1.2,0
extract,21.1,15691,0.46,0,0,-0.7,14,1,0,7.1,0
dbt_model,36.3,49113,0.27,0,0,21.4,16,1,0,2.4,0
dbt_model,36.9,30990,1.21,0,0,-8.5,4,3,1,2.6,0
dbt_model,38.6,39877,1.44,0,0,30.5,11,3,1,1.8,0
dbt_model,23.3,8810,2.46,0,0,26.1,20,6,0,3.8,0
extract,42.1,91259,2.31,0,0,20.4,12,5,2,0.5,1
extract,21.5,70879,2.76,0,0,1.1,6,5,0,0.7,0
extract,31.9,283894,0.06,0,1,-4.0,13,6,1,0.1,1
dbt_model,29.7,35737,2.12,0,0,-6.7,15,3,0,2.7,0
dbt_model,19.7,18789,0.04,0,0,-17.5,22,5,2,0.4,0
quality_check,31.8,128395,0.14,0,0,8.4,18,4,2,5.8,0
dbt_model,32.0,10191,1.17,0,0,-4.5,2,3,0,13.6,0
dbt_model,18.8,206070,0.26,1,0,6.9,14,6,2,4.8,0
load,31.7,205365,0.41,0,0,3.1,15,0,1,0.2,0
dbt_model,20.0,271480,1.97,0,0,-19.3,17,2,1,6.0,0
quality_check,51.7,66343,5.05,1,0,19.1,0,2,0,0.0,0
load,32.8,16673,0.09,0,0,1.7,6,3,0,2.4,0
dbt_model,33.7,43247,0.01,0,0,15.5,6,2,0,5.1,0
load,35.4,66710,0.19,0,0,-21.0,4,2,0,2.2,0
extract,36.1,14820,0.33,0,0,-13.8,18,6,0,1.6,0
load,44.7,306503,2.64,0,0,-7.1,11,5,0,0.2,0
dbt_model,19.8,91870,1.6,0,0,4.4,8,5,1,4.1,0
dbt_model,41.6,8711,0.28,0,0,-1.9,13,2,0,6.2,0
extract,48.7,738663,0.56,0,0,24.6,0,2,1,0.0,0
quality_check,31.9,42438,9.94,0,0,18.6,5,3,0,3.2,1
dbt_model,28.1,6307,2.24,0,1,-13.2,12,2,0,2.1,0
dbt_model,2.0,9619,0.36,0,0,53.0,4,4,1,5.2,0
dbt_model,25.2,392563,0.5,0,0,-1.5,10,1,1,0.5,0
load,42.0,673319,0.09,0,0,23.2,7,0,0,0.9,0
dbt_model,45.9,182622,1.7,0,0,-5.1,22,2,0,5.5,0
extract,42.5,299806,0.4,0,0,11.2,21,5,1,2.1,0
dbt_model,34.9,254380,1.91,0,1,17.1,22,0,0,0.3,1
extract,51.1,88527,0.3,0,0,-27.1,9,0,2,5.4,0
quality_check,42.2,61479,0.01,0,0,31.4,6,5,0,2.9,0
quality_check,30.2,86144,0.97,0,0,-14.1,12,2,1,0.6,0
load,53.9,117903,0.68,0,0,-6.3,19,3,0,0.2,0
dbt_model,20.3,11086,1.95,0,1,-10.9,19,5,2,0.0,0
quality_check,21.0,117141,0.49,0,0,-10.2,12,4,0,1.4,0
dbt_model,32.5,374664,0.99,0,0,-9.4,13,6,0,1.7,0
dbt_model,24.8,26102,1.21,0,0,-21.5,12,1,2,0.4,0
extract,28.1,22000,0.27,0,0,13.7,11,5,0,6.8,1
dbt_model,40.7,77844,5.68,0,0,2.1,2,3,2,5.8,1
dbt_model,30.1,12842,3.07,0,0,-2.5,8,0,1,3.8,0
extract,28.5,4416,0.3,0,0,18.3,20,3,2,1.2,0
dbt_model,36.0,227828,0.32,0,0,31.8,20,3,1,1.1,0
quality_check,10.2,17649,2.45,0,0,-28.1,14,0,0,0.5,0
dbt_model,18.7,37403,0.54,0,0,29.2,23,3,0,0.0,0
dbt_model,27.1,13681,0.14,0,1,-0.4,22,0,1,6.9,0
dbt_model,28.2,280073,1.73,0,0,-24.3,12,4,0,6.6,1
dbt_model,32.5,142213,1.55,0,1,7.4,18,4,2,17.0,0
extract,44.2,24706,0.71,0,0,-2.1,5,0,0,5.7,0
dbt_model,28.3,5498,4.78,1,0,15.5,11,4,0,3.6,0
quality_check,19.4,20845,0.38,0,0,2.6,9,1,0,0.3,0
load,26.7,90422,1.5,0,0,6.4,20,4,0,0.0,0
dbt_model,48.2,49109,2.32,0,0,-7.8,9,1,0,0.2,1
dbt_model,46.3,43241,0.51,0,0,-18.5,7,6,0,0.3,0
dbt_model,38.2,50956,0.22,0,0,13.4,9,3,0,2.0,0
dbt_model,20.3,122280,2.51,0,0,-9.4,20,6,1,1.2,0
dbt_model,34.9,33962,2.41,0,0,7.2,14,0,2,2.2,0
dbt_model,36.9,74609,0.38,0,0,26.7,2,5,1,3.3,0
quality_check,29.7,7487,1.63,0,0,-2.9,0,0,1,1.5,0
dbt_model,34.2,2161172,0.01,0,0,12.6,8,0,2,5.2,0
dbt_model,28.2,23059,0.53,0,0,-0.6,19,1,2,2.3,0
dbt_model,27.0,50299,0.66,0,0,-6.6,20,2,0,4.2,0
dbt_model,23.5,89890,1.91,0,0,-28.1,3,6,0,1.0,0
dbt_model,43.4,18821,0.13,0,0,-0.7,0,5,0,3.2,0
extract,40.2,36773,1.64,0,0,-3.0,6,0,0,3.1,0
dbt_model,29.7,36065,0.1,0,0,-15.7,20,6,0,0.5,0
quality_check,32.9,8413,0.93,0,1,-36.6,10,1,0,0.1,0
quality_check,37.0,73258,0.27,0,0,-30.1,0,6,0,0.1,0
load,48.7,2594,0.13,0,0,32.1,12,1,0,1.9,0
extract,45.0,599789,0.91,0,0,0.7,15,4,2,2.2,1
quality_check,42.0,129153,0.35,0,0,-25.9,2,4,2,0.6,0
quality_check,34.4,100971,1.37,0,0,-10.8,15,5,1,12.5,0
dbt_model,23.5,2256,0.69,0,0,0.2,19,4,0,0.7,0
dbt_model,42.5,10218,0.57,0,0,8.1,1,1,1,7.4,0
dbt_model,42.0,335357,0.34,0,0,-4.2,1,6,1,1.9,0
quality_check,36.3,27840051,0.84,0,1,36.4,20,2,0,5.1,0
load,39.6,245611,0.14,0,0,37.2,11,6,0,0.2,0
dbt_model,42.7,190824,0.0,0,0,6.9,2,0,1,2.6,0
dbt_model,14.8,84116,0.01,0,0,-6.6,3,6,2,0.6,0
dbt_model,21.6,9358,1.53,1,0,6.9,20,2,2,0.5,0
extract,38.3,178488,2.32,0,0,-23.9,20,6,0,2.6,0
dbt_model,11.9,6235,1.64,0,0,18.0,23,5,1,1.5,0
extract,13.0,5234,0.25,0,0,3.1,16,6,1,2.3,0
load,26.3,4733,0.06,0,0,-21.7,16,1,0,2.7,0
load,39.4,173018,0.21,0,0,-10.5,21,5,0,0.2,0
dbt_model,36.9,33128,0.54,0,0,10.3,22,5,1,3.1,0
dbt_model,46.8,42675,1.42,1,0,-30.0,0,6,0,0.8,1
quality_check,32.9,35431,2.84,0,0,-16.1,15,5,0,7.7,0
dbt_model,25.8,5996,2.69,0,0,-8.4,18,0,0,2.9,0
quality_check,18.6,12417,0.95,0,0,17.6,23,6,0,1.6,0
dbt_model,27.1,13457,0.22,0,0,30.9,1,1,0,0.0,0
dbt_model,34.7,3833,0.56,0,0,6.8,19,6,2,4.5,0
extract,37.6,16208,1.56,0,0,-56.9,13,5,1,1.6,0
dbt_model,31.6,6437,0.16,0,0,-20.1,16,5,0,5.0,0
dbt_model,38.8,91517,1.54,0,0,62.9,23,4,1,1.3,0
dbt_model,45.6,104563,1.82,1,0,2.8,23,4,0,5.4,0
dbt_model,29.3,4583,1.82,0,1,-46.9,4,3,0,1.2,0
dbt_model,43.7,22592,0.59,0,0,42.7,11,5,2,2.3,0
load,30.9,707643,1.54,0,0,-24.0,9,6,0,1.6,0
dbt_model,28.9,7561,0.65,0,0,10.3,11,1,1,0.6,0
load,29.1,71870,4.23,0,0,-20.6,10,5,2,4.2,0
dbt_model,39.7,42994,1.69,0,0,39.6,20,5,0,2.3,0
dbt_model,26.1,208693,0.49,0,0,-25.5,21,4,0,4.3,0
dbt_model,30.2,58264,2.16,0,0,-10.5,16,6,0,5.4,0
dbt_model,14.3,18213,1.84,0,0,18.9,15,6,1,0.6,0
dbt_model,37.8,40409,0.77,0,1,-10.0,3,3,1,2.3,1
dbt_model,43.7,41365,1.41,1,1,8.8,8,0,2,5.1,1
quality_check,40.2,31359,0.41,0,0,15.0,7,0,0,6.5,0
extract,35.9,4400,2.34,0,0,3.2,2,4,0,1.9,0
dbt_model,43.3,265386,1.3,0,0,-20.0,14,2,0,1.1,0
quality_check,41.5,200044,0.28,0,1,-14.2,15,1,2,1.4,0
quality_check,34.9,6831,1.3,0,0,-6.9,0,0,0,1.2,0
dbt_model,37.5,22445,0.73,0,0,10.6,11,1,1,1.5,0
extract,25.7,25332,2.35,0,0,14.6,12,4,0,2.2,0
extract,27.2,5707,0.71,0,1,3.7,10,5,1,8.0,0
dbt_model,27.7,1831,0.69,0,0,12.6,5,5,0,0.3,0
quality_check,27.4,12419,2.59,0,0,-28.6,0,4,0,15.6,0
extract,17.2,20532,0.21,0,0,5.4,5,0,0,1.0,0
load,17.1,3619,1.76,0,0,-1.2,23,4,2,0.7,0
quality_check,34.8,48202,3.11,0,0,8.9,21,2,0,2.9,0
extract,43.6,233414,0.77,0,0,13.5,16,0,2,2.4,0
dbt_model,34.7,139718,1.46,0,0,-18.9,6,4,1,3.6,0
dbt_model,56.8,29652,0.13,0,0,-2.0,0,6,0,0.2,0
load,18.8,1910,1.83,0,0,24.0,21,6,0,2.8,0
dbt_model,38.2,114133,0.68,0,0,5.5,10,5,0,9.9,0
dbt_model,44.3,45900,3.53,0,0,-1.8,12,1,0,4.1,0
dbt_model,43.0,71607,1.62,0,0,-21.9,23,3,0,4.4,0
dbt_model,43.5,804329,1.26,0,0,9.8,22,3,2,5.1,0
extract,39.6,9704,3.41,0,0,-25.0,13,2,1,6.4,1
dbt_model,24.7,365,1.04,0,0,-3.2,17,0,1,2.5,0
extract,44.3,6730,1.0,0,0,-8.8,13,3,0,1.6,0
dbt_model,45.1,79037,1.22,0,0,7.1,9,2,0,0.4,0
quality_check,24.6,37914,0.55,0,0,-10.8,5,2,1,2.0,0
dbt_model,31.8,5192,0.31,0,0,-5.9,0,2,1,11.6,0
extract,14.4,3746,0.89,0,0,-16.4,22,5,0,0.9,0
dbt_model,45.0,20591,0.65,0,0,-4.5,21,1,0,4.1,0
load,30.8,4945,0.01,0,0,3.9,9,3,0,0.7,0
dbt_model,45.8,83534,1.32,1,0,-6.3,16,1,1,0.5,1
extract,30.1,18801,0.22,0,0,-5.6,2,6,2,7.3,0
extract,13.8,13314,0.79,0,0,3.0,3,2,2,4.7,0
quality_check,53.9,10794,2.09,0,0,18.0,20,6,2,1.2,0
extract,34.2,55325,2.11,1,1,13.4,22,0,0,2.0,1
dbt_model,23.4,38877,0.45,0,0,-23.3,14,5,0,4.0,0
load,43.1,50167,0.33,0,0,13.8,11,6,1,1.2,0
dbt_model,51.1,48446,0.64,0,0,24.6,15,1,0,2.2,0
dbt_model,30.2,32353,1.66,0,0,12.7,0,6,0,2.4,0
dbt_model,28.5,6953,0.3,0,0,-43.4,7,6,2,2.4,0
extract,32.4,11286,0.42,0,0,4.8,7,6,0,2.7,0
extract,21.1,19312,0.33,0,0,24.9,12,5,1,4.0,1
load,31.8,988864,2.06,0,1,-8.1,20,0,0,0.1,0
extract,44.5,4195,0.12,0,0,52.2,2,0,1,4.0,1
extract,29.9,18576,0.21,0,0,-39.2,10,2,0,6.8,0
quality_check,25.0,42498,1.13,1,0,2.6,18,5,1,7.9,0
dbt_model,27.3,22351,2.09,0,1,13.0,19,3,2,3.0,1
dbt_model,44.9,202470,2.81,0,0,3.1,20,0,0,1.0,1
quality_check,13.6,22167,0.22,0,0,2.8,9,2,2,0.8,0
dbt_model,33.9,24952,0.41,0,0,-18.7,22,5,1,2.6,1
load,56.7,133706,3.86,0,0,-10.4,3,5,0,0.1,0
dbt_model,55.6,658117,0.18,0,0,10.3,19,5,0,3.6,0
quality_check,41.3,345240,6.05,0,0,-38.0,4,4,0,1.5,0
load,43.7,29183,0.34,0,0,16.3,16,1,2,1.4,0
dbt_model,43.9,33549,2.31,0,0,-2.1,21,1,2,12.8,0
dbt_model,31.2,39134,1.69,0,0,9.9,16,6,1,4.0,1
load,41.0,45944,2.78,0,0,15.2,4,0,0,5.6,0
dbt_model,46.0,9360,0.57,0,0,67.1,21,5,0,1.6,1
extract,23.5,162518,0.15,0,0,25.2,22,4,1,0.2,0
dbt_model,38.0,50542,3.17,0,0,-21.6,11,0,0,1.2,0
load,35.4,33800,0.03,0,0,38.9,6,5,0,5.2,0
extract,29.6,4751,0.14,0,0,-48.8,15,6,1,1.6,0
load,32.5,40121,0.35,0,0,-8.0,23,4,0,5.3,1
quality_check,29.1,1756,1.72,0,0,3.1,23,6,1,2.4,0
load,33.5,14319,0.59,0,0,-5.8,2,1,0,0.6,0
dbt_model,40.7,14750,0.77,0,0,5.1,3,6,1,7.1,0
dbt_model,37.3,57479,0.43,0,0,-3.0,13,3,1,1.5,0
dbt_model,35.9,735098,0.67,0,0,23.1,20,4,0,0.4,1
extract,26.3,90676,0.37,0,0,-8.7,0,3,2,1.3,0
load,32.0,368591,1.84,0,0,-2.1,16,6,0,4.2,0
dbt_model,36.4,101960,6.84,0,0,31.9,6,5,1,0.8,0
dbt_model,29.0,219714,0.83,0,0,17.4,7,5,0,0.6,0
dbt_model,45.9,708853,2.17,0,0,-3.1,20,2,0,3.9,0
quality_check,34.1,11260,0.23,0,0,8.5,6,6,0,0.2,0
dbt_model,40.3,10143,1.1,0,0,33.7,4,5,0,0.6,0
load,28.3,105883,0.07,0,0,-24.9,23,2,1,4.3,0
load,24.8,36102,0.04,0,0,-19.6,21,1,2,5.1,0
load,43.1,51666,2.44,0,0,-10.3,22,5,1,0.8,0
dbt_model,32.7,24394,1.82,0,0,3.9,14,0,0,9.1,0
quality_check,28.8,13988,1.56,0,0,17.4,6,6,2,1.5,0
dbt_model,43.0,485640,1.47,0,0,-13.8,17,5,0,1.0,0
extract,35.1,6249,0.87,0,0,-16.9,18,4,0,8.1,0
dbt_model,22.8,108904,0.83,0,0,-23.6,8,6,0,6.9,0
load,46.2,84016,0.15,0,0,-17.0,13,1,1,0.8,0
extract,24.2,2903,0.16,0,0,-11.8,23,6,1,0.9,0
dbt_model,45.2,9611,0.69,0,0,-38.9,13,0,1,6.4,1
dbt_model,18.4,12577,2.9,0,0,-10.1,19,5,0,0.0,1
dbt_model,36.7,89620,2.51,0,0,-18.9,0,1,0,1.5,0
extract,29.5,20185,0.51,0,0,-3.0,21,4,0,0.8,0
quality_check,14.2,31667,2.52,0,0,30.6,23,2,1,0.7,1
quality_check,34.1,3525,0.08,0,0,-28.7,3,2,1,0.4,0
quality_check,21.4,1500724,3.23,0,0,18.3,10,1,0,0.3,0
quality_check,29.8,40697,1.68,0,0,30.0,6,6,1,9.6,0
dbt_model,43.6,80692,0.12,0,0,17.4,13,3,1,8.3,1
dbt_model,26.0,15290,1.63,0,0,6.2,20,3,0,0.7,0
extract,22.3,12782,1.29,0,0,23.7,4,1,0,0.8,0
dbt_model,44.8,774749,0.31,1,0,11.4,16,5,0,4.5,0
dbt_model,24.7,1691,0.65,0,0,20.0,3,1,0,0.7,1
quality_check,29.4,56717,1.27,0,0,2.1,9,3,0,1.6,0
extract,40.3,5227,0.11,0,0,-19.1,13,2,1,0.1,0
quality_check,20.6,18996,0.28,1,0,20.9,11,6,0,1.8,0
dbt_model,26.3,13082,1.34,0,0,47.0,2,2,0,11.3,1
load,37.3,7498,3.51,0,0,-6.1,10,4,0,6.7,1
dbt_model,21.3,38434,0.56,0,0,0.4,8,1,0,3.2,0
dbt_model,41.1,596,0.24,0,0,2.0,13,2,0,3.2,0
quality_check,29.4,21921,0.08,0,1,-26.4,7,3,0,1.3,1
quality_check,39.9,31430,2.12,0,0,-15.3,11,6,0,0.9,0
extract,36.3,4126,0.46,0,0,5.5,22,2,1,11.3,0
dbt_model,35.1,408868,0.91,0,1,-1.7,10,1,1,3.8,1
extract,26.3,14028,0.75,0,0,0.3,17,6,1,0.5,0
dbt_model,31.2,24835,3.42,0,0,0.5,7,1,1,3.8,0
quality_check,37.0,14079,0.48,0,0,-2.1,16,1,2,6.6,0
load,23.1,31872,1.36,0,0,-13.8,10,2,2,2.4,0
dbt_model,25.0,294498,0.47,0,0,7.8,14,5,0,7.7,0
dbt_model,52.5,1898975,0.26,0,0,5.9,4,2,1,0.1,1
dbt_model,27.7,119733,1.13,0,0,-15.8,20,6,0,2.0,0
dbt_model,38.5,207065,2.36,1,0,7.5,4,5,1,0.9,1
dbt_model,35.2,565962,0.07,0,0,-11.2,4,5,1,3.1,0
dbt_model,31.5,54078,0.53,0,0,11.8,16,3,2,5.7,0
dbt_model,49.5,447934,0.26,0,0,-0.8,7,5,0,0.3,0
dbt_model,33.7,129035,0.68,0,0,7.1,23,6,0,4.4,0
load,29.4,45724,1.75,0,0,3.2,16,2,0,1.4,0
dbt_model,30.8,63611,0.17,0,0,-1.0,5,2,0,2.0,0
dbt_model,22.6,1969,1.39,0,0,5.9,23,0,0,5.4,0
dbt_model,27.0,57953,0.21,0,0,15.2,21,2,0,1.3,0
quality_check,23.5,3071,0.68,0,0,2.2,7,3,1,0.2,0
dbt_model,42.7,2696,1.25,0,0,1.9,15,5,1,0.5,0
dbt_model,39.2,49444,1.66,0,0,-6.4,10,3,1,1.1,0
dbt_model,26.0,6108,1.32,0,0,-32.7,22,1,0,2.6,0
load,41.1,35904,1.81,0,0,0.6,23,2,0,1.3,0
load,18.3,45319,0.4,0,0,-22.8,9,0,0,1.3,0
dbt_model,45.1,48672,1.12,1,0,-10.2,21,1,1,3.6,1
dbt_model,41.4,8547,0.28,0,0,-15.6,16,0,0,9.8,0
dbt_model,54.9,152953,0.87,0,0,-12.9,2,5,1,1.9,0
load,41.1,31483,0.05,0,0,-11.8,13,1,0,0.5,1
extract,37.4,73550,0.44,0,0,8.7,9,0,1,7.2,0
dbt_model,40.5,5354,0.77,0,0,6.0,23,4,0,3.1,0
dbt_model,26.1,27300,1.82,1,0,2.0,4,3,1,1.6,0
dbt_model,31.7,210169,0.03,0,1,21.8,1,0,2,6.4,1
dbt_model,34.4,171490,0.85,0,0,55.1,3,4,2,0.0,0
dbt_model,42.3,10140,0.15,0,0,9.1,1,4,0,0.6,0
quality_check,23.0,15170,0.67,0,0,16.3,11,6,2,1.4,0
quality_check,20.8,7465,3.49,0,0,5.0,20,5,0,2.8,0
extract,32.5,12704,1.78,0,0,11.7,11,5,1,16.7,0
extract,34.8,3871,0.79,0,0,-29.2,1,5,2,3.0,0
extract,25.5,29112,1.98,0,0,-48.7,20,4,1,2.1,0
load,40.0,100009,1.78,0,0,-38.1,21,4,1,1.5,0
dbt_model,42.4,10341,0.47,0,0,-11.2,18,4,0,3.3,0
dbt_model,42.8,31414,0.33,0,0,24.6,2,3,2,1.9,0
quality_check,34.8,25519,3.48,0,0,4.6,5,0,1,0.4,1
dbt_model,34.4,196455,0.15,0,0,-7.0,2,6,2,1.1,0
dbt_model,46.2,13649,0.26,0,0,10.2,15,6,0,6.3,0
dbt_model,30.8,14467,0.42,0,0,6.4,7,0,0,4.8,0
quality_check,38.4,9380,1.62,1,0,-24.4,1,5,1,0.4,1
extract,46.7,5883,0.76,0,0,8.4,17,5,0,3.9,0
dbt_model,41.2,84685,3.95,0,0,15.0,17,1,0,2.3,0
dbt_model,22.9,29255,1.04,0,0,37.8,13,2,1,0.3,0
extract,21.2,39644,4.4,0,0,-1.4,4,5,2,1.2,0
dbt_model,33.1,279128,1.73,0,0,30.5,21,5,0,1.1,0
dbt_model,42.3,305996,0.98,0,0,-7.3,9,2,0,0.0,0
dbt_model,31.7,2607,3.0,0,0,41.9,15,4,0,0.8,0
dbt_model,53.9,102389,1.27,0,0,-10.7,0,3,1,1.3,0
dbt_model,36.8,52105,0.22,1,0,11.6,14,0,1,0.3,0
dbt_model,28.0,17351,1.3,0,0,5.2,21,1,1,6.5,0
dbt_model,23.0,61346,1.34,0,0,26.8,13,5,0,0.1,0
quality_check,38.1,2293,0.22,0,0,24.4,6,0,0,0.8,0
extract,36.3,377085,0.66,0,0,-18.8,9,0,0,2.1,0
dbt_model,20.1,82777,1.19,0,0,-6.1,6,2,0,4.6,0
extract,30.0,9096,1.14,0,0,38.3,15,5,1,3.5,0
load,21.7,14233,2.18,0,0,1.8,12,4,2,2.5,0
dbt_model,23.7,2380,4.35,0,0,14.7,23,3,0,6.6,0
quality_check,31.4,21975,1.13,0,0,-19.3,0,4,0,4.9,0
dbt_model,22.8,16774,1.18,0,0,-4.4,23,1,0,1.2,0
dbt_model,24.2,4358,2.26,0,0,-12.8,6,1,0,0.8,1
dbt_model,27.7,125834,0.07,0,0,16.7,2,4,1,1.5,0
quality_check,29.3,280092,0.57,0,0,13.3,6,2,0,5.6,0
dbt_model,23.1,34760,0.71,0,1,22.0,10,3,0,0.3,1
dbt_model,27.0,22269,6.33,0,0,-19.5,17,4,0,0.2,1
load,25.4,72836,5.37,0,0,9.9,14,2,2,0.4,0
dbt_model,37.5,35192,0.1,0,0,0.4,5,5,0,0.7,0
dbt_model,31.0,6428,0.35,0,1,-44.0,17,5,0,4.3,0
quality_check,41.2,12781,1.06,0,0,8.3,0,0,0,1.3,0
extract,48.4,22599,0.03,0,0,23.3,7,0,0,3.0,0
load,39.0,54019,0.52,0,0,28.3,23,1,0,1.1,0
load,36.3,36862,4.29,0,0,-0.6,23,0,2,3.8,0
load,39.5,50847,1.23,0,0,14.9,7,3,0,2.2,0
dbt_model,32.2,3166,0.76,0,0,9.8,9,1,0,4.6,0
extract,34.5,105276,1.19,0,0,-13.7,8,4,0,3.2,0
dbt_model,32.0,36514,1.72,0,0,-16.1,6,6,2,1.4,0
dbt_model,30.1,2157227,1.23,0,0,-0.9,4,0,0,6.3,0
load,38.7,19531,0.45,0,0,-4.2,18,1,1,6.3,0
dbt_model,32.9,60933,0.83,0,0,1.6,15,1,1,0.3,0
load,53.1,3357645,1.23,0,0,-7.5,14,5,0,2.7,0
quality_check,41.0,49540,0.48,0,0,3.8,18,6,0,0.7,0
quality_check,26.4,32590,0.05,0,0,-19.2,21,5,0,1.8,0
extract,40.7,7487,1.48,0,0,27.4,20,4,0,5.2,0
extract,13.4,418832,0.42,0,0,-32.8,2,4,0,1.9,0
extract,46.4,5684,0.15,0,1,-1.5,18,1,0,1.6,0
dbt_model,21.4,71926,0.13,0,0,-3.7,1,3,2,2.9,0
dbt_model,35.4,17022,2.06,0,0,-2.4,17,6,0,0.6,1
load,35.6,26824,1.51,0,0,-15.2,22,2,2,2.1,0
extract,38.4,3720,0.99,0,0,-27.2,22,0,1,2.5,0
load,33.0,311452,2.19,0,0,4.3,10,1,0,12.2,0
quality_check,12.2,23284,1.88,0,0,-3.7,23,3,0,0.9,0
extract,25.9,5197,1.13,0,0,6.9,5,4,2,0.3,0
extract,33.7,269494,0.26,0,0,-29.7,22,3,0,2.0,0
dbt_model,12.4,16209,5.22,0,0,30.9,17,3,0,1.1,0
dbt_model,33.6,62029,2.47,0,0,-1.4,19,4,2,0.9,0
dbt_model,24.9,139562,1.5,1,0,-54.7,23,1,1,1.1,1
dbt_model,39.4,77532,0.24,0,0,3.4,18,5,1,7.3,1
extract,23.9,1080,0.46,1,0,-8.5,23,2,0,6.5,1
extract,51.8,110477,0.04,0,0,-20.4,10,0,2,1.6,0
quality_check,29.7,30915,3.54,0,0,22.2,23,0,0,9.4,0
load,35.2,21451,2.24,0,0,16.7,19,2,2,0.1,0
dbt_model,30.0,30499,0.12,0,1,6.2,3,0,0,0.7,0
load,13.2,2762,1.67,0,0,1.4,8,1,0,1.0,0
dbt_model,30.9,49388,1.2,0,0,9.1,20,3,0,4.1,0
dbt_model,35.2,4092,0.4,0,0,-28.4,14,6,0,4.7,0
extract,36.9,22986,1.13,0,0,3.5,2,6,0,1.0,0
dbt_model,30.0,46631,3.04,1,0,22.3,14,5,2,3.9,0
dbt_model,22.1,202492,1.08,1,0,18.7,8,6,0,0.5,0
dbt_model,35.8,9785,0.2,0,0,-18.9,2,4,0,0.1,0
extract,40.1,370474,2.44,0,1,3.3,4,0,2,7.4,1
dbt_model,42.5,165208,0.83,0,0,-20.2,4,4,0,3.2,0
dbt_model,28.6,18268,0.88,0,0,2.8,8,3,1,0.9,0
extract,14.0,6161,3.91,1,0,-13.5,21,5,0,1.7,1
extract,33.0,3604,3.31,0,0,-15.7,5,2,0,0.3,0
dbt_model,32.9,56095,0.31,0,0,6.4,4,5,1,0.6,0
load,42.7,11162,0.11,0,0,-13.1,21,4,0,0.4,0
dbt_model,35.8,247451,0.93,0,0,-14.3,11,5,0,1.5,0
extract,29.9,12243,0.36,1,0,6.3,23,0,2,0.6,0
load,33.5,8594,6.55,1,0,-26.7,7,6,1,6.4,1
dbt_model,27.5,52775,0.39,0,0,-5.8,4,3,0,0.6,0
quality_check,24.5,12116,0.76,0,0,-27.7,20,4,0,2.6,0
dbt_model,31.4,36815,0.14,1,0,-24.4,3,3,0,0.0,1
dbt_model,26.7,175884,3.19,0,0,21.1,17,0,2,3.1,0
extract,30.5,43807,0.37,0,0,-7.5,3,3,0,0.3,0
dbt_model,50.0,44070,0.73,0,0,-12.9,20,4,0,1.8,0
dbt_model,42.2,50424,0.95,0,0,15.3,13,1,2,2.7,0
load,30.3,2418,0.65,0,0,29.1,3,2,0,1.6,0
extract,47.3,67978,1.38,1,0,4.5,21,4,0,0.8,1
dbt_model,25.3,46905,0.2,1,0,18.4,6,2,0,1.4,0
extract,57.1,151544,2.14,0,0,-9.9,17,2,0,10.8,0
quality_check,29.8,95730,1.27,1,0,1.0,4,0,2,3.9,0
dbt_model,49.7,26288,0.48,0,0,0.1,10,3,2,1.0,1
load,53.1,189440,0.33,0,0,5.8,6,0,2,1.9,0
dbt_model,15.6,22737,1.17,0,0,17.4,23,6,1,0.0,0
dbt_model,46.1,53930,4.7,0,0,-26.5,2,1,1,4.8,0
extract,28.8,22074,0.79,0,0,-16.0,12,0,2,1.9,0
dbt_model,28.4,76024,0.27,0,0,-8.7,6,6,0,0.1,0
dbt_model,35.9,19882,0.12,0,0,-17.5,18,2,0,6.9,0
extract,27.7,506906,1.05,0,0,4.1,13,1,0,1.6,0
dbt_model,42.4,916008,0.33,0,0,3.9,11,3,2,14.5,0
dbt_model,26.2,147016,2.93,0,0,1.1,19,0,1,0.2,0
dbt_model,38.1,427656,3.19,0,0,-7.2,15,2,2,0.4,0
extract,40.0,3094,0.1,0,0,24.3,15,4,1,1.7,0
dbt_model,31.8,3736,0.81,0,0,3.9,9,3,1,0.6,0
dbt_model,28.1,21709,1.6,0,0,-2.7,5,6,1,0.2,0
extract,37.2,38792,0.37,0,0,1.2,1,5,2,0.5,0
dbt_model,19.0,26446,0.75,0,0,13.4,13,4,2,4.4,0
dbt_model,20.1,2624,1.04,0,0,3.9,14,4,0,3.7,0
extract,31.6,229245,4.08,0,0,-15.6,5,4,1,10.3,1
dbt_model,45.3,1140203,0.65,1,0,31.7,6,3,0,5.9,1
extract,39.5,281976,0.22,0,0,8.3,1,0,0,1.0,0
load,40.1,206248,0.02,0,0,-20.7,13,1,1,0.2,0
dbt_model,32.6,52145,1.75,0,0,-32.7,22,2,0,3.8,0
load,22.8,9425,0.1,0,0,12.4,15,1,1,3.7,1
load,45.8,40783,1.2,0,0,23.3,1,1,2,3.5,0
load,31.8,1054883,2.49,0,1,8.1,10,5,1,3.0,1
dbt_model,35.0,20677,0.49,0,0,11.0,22,6,0,0.8,0
dbt_model,30.0,17537,1.51,0,0,11.5,3,3,2,3.0,0
quality_check,40.4,213562,2.2,0,0,0.1,6,3,0,1.5,0
extract,30.1,237494,1.29,0,0,-30.3,19,2,0,0.4,0
load,39.4,9352,0.19,0,0,-12.6,16,4,1,2.9,1
dbt_model,43.9,23899,0.9,0,0,14.3,4,4,0,2.0,0
extract,39.8,16267,3.47,0,0,10.5,0,0,1,0.6,1
dbt_model,33.9,40599,3.18,0,0,-3.5,3,3,0,2.2,0
dbt_model,31.4,212330,0.84,0,0,-9.9,13,2,1,1.5,0
extract,55.4,10032,2.6,0,0,3.1,7,3,1,5.9,0
quality_check,26.3,207619,0.54,0,1,-6.2,4,3,0,0.3,1
extract,40.5,42729,1.28,0,0,-1.4,1,0,1,0.7,0
load,41.7,1501398,0.38,0,0,2.4,2,5,1,2.4,0
dbt_model,32.6,60483,0.52,0,0,-14.0,8,6,2,1.1,0
quality_check,33.6,31098,0.43,0,0,14.4,5,0,0,1.1,0
dbt_model,29.2,91084,1.03,0,0,-3.0,18,5,2,1.4,0
extract,35.1,21174,0.53,0,0,8.8,18,3,0,0.8,0
dbt_model,30.1,2054,0.73,0,0,1.1,18,5,0,10.3,0
